Place,Name,BirthDate,Team,BodyweightKg,Bench1Kg,Bench2Kg,Bench3Kg,Best3BenchKg,TotalKg,Sex,WeightClassKg,Division,Equipment,Event
1,Swetha Sivakumar,2001-06-17,T N,64.40,30,37.5,40,40,40,F,69,Special Olympics,Raw,B
1,Prithi Siva Pichammal R,2003-07-14,T N,93.50,65,67.5,70,70,70,F,84+,Special Olympics,Raw,B
1,Vishal T,2002-10-26,PUD,57.40,75,82.5,87.5,87.5,87.5,M,59,Special Olympics,Raw,B
2,Samarpreet Shinde,2008-06-25,MAH,58.20,60,67.5,-70,67.5,67.5,M,59,Special Olympics,Raw,B
3,Jitesh Sajekar,2004-10-01,MAH,41.80,50,55,-62.5,55,55,M,59,Special Olympics,Raw,B
4,Saurabh Patil,2012-08-19,MAH,51.90,30,35,37.5,37.5,37.5,M,59,Special Olympics,Raw,B
5,Dhinesh Karthick P M,2007-08-20,T N,52.50,30,37.5,-42.5,37.5,37.5,M,59,Special Olympics,Raw,B
1,Sargunavarman Sargunavarman,2001-12-23,PUD,63.10,70,75,80,80,80,M,66,Special Olympics,Raw,B
2,Durvank Dabhekar,2004-05-14,VID,66.00,40,47.5,52.5,52.5,52.5,M,66,Special Olympics,Raw,B
3,Prabhat Rajendra Chaudhari,2003-04-26,VID,62.10,35,37.5,-40,37.5,37.5,M,66,Special Olympics,Raw,B
1,Soham Gavare,2007-08-15,MAH,69.90,60,67.5,72.5,72.5,72.5,M,74,Special Olympics,Raw,B
2,Vedant Dhumale,2007-10-02,VID,74.00,45,50,52.5,52.5,52.5,M,74,Special Olympics,Raw,B
3,Dhruv Walke,2011-07-04,KAR,68.00,25,30,-35,30,30,M,74,Special Olympics,Raw,B
1,Ayush Hedawoo,2004-12-06,VID,80.30,40,-45,45,45,45,M,83,Special Olympics,Raw,B
2,Divyanshu Pandia,2007-09-03,VID,79.70,40,-50,-50,40,40,M,83,Special Olympics,Raw,B
1,Nivedita Dehariya,1995-08-13,M P,46.40,70,75,77.5,77.5,77.5,F,47,Open,Single-ply,B
2,Amruta Bhagat,2001-10-03,MAH,46.00,65,72.5,75,75,75,F,47,Open,Single-ply,B
3,Sonima K B,1986-05-30,KER,45.70,45,-50,50,50,50,F,47,Open,Single-ply,B
1,Preeti,1995-07-02,UTK,52.00,67.5,72.5,77.5,77.5,77.5,F,52,Open,Single-ply,B
2,Manisha Sharma,1994-08-01,U P,52.00,65,70,-77.5,70,70,F,52,Open,Single-ply,B
3,Renuka Gautam,1998-08-05,U P,49.32,57.5,60,-65,60,60,F,52,Open,Single-ply,B
1,Pista Bai Gurjar,1997-07-01,RAJ,52.30,80,87.5,92.5,92.5,92.5,F,57,Open,Single-ply,B
2,Renu Chauhan,2000-06-12,PUN,56.60,70,77.5,-92.5,77.5,77.5,F,57,Open,Single-ply,B
3,Supriya Pandurang Supekar,2001-10-10,MAH,53.15,65,67.5,70,70,70,F,57,Open,Single-ply,B
4,Akanksha Beniwal,1999-02-18,U P,55.30,60,65,67.5,67.5,67.5,F,57,Open,Single-ply,B
5,Rashmi,1988-08-29,HAR,56.65,55,60,65,65,65,F,57,Open,Single-ply,B
6,Pooja Saini,1992-03-05,UTK,56.85,-52.5,55,-60,55,55,F,57,Open,Single-ply,B
7,Arshida N K,2005-09-13,KER,56.40,42.5,-50,50,50,50,F,57,Open,Single-ply,B
1,Rani Kumari,1994-04-06,JHA,62.88,97.5,-102.5,102.5,102.5,102.5,F,63,Open,Single-ply,B
2,Jyoti Singh #1,1997-01-01,U P,60.76,100,-105,-105,100,100,F,63,Open,Single-ply,B
3,Mukta Phatak,1999-02-10,MAH,60.52,85,87.5,-90,87.5,87.5,F,63,Open,Single-ply,B
4,Sunaina Chandiliya,2003-01-19,HAR,63.00,75,82.5,-92.5,82.5,82.5,F,63,Open,Single-ply,B
5,Pooja Gujrati,1985-01-04,RAJ,62.32,80,-87.5,-90,80,80,F,63,Open,Single-ply,B
6,Nikki Kumari,1996-08-20,BIH,62.80,60,62.5,70,70,70,F,63,Open,Single-ply,B
7,Jancy T P,1996-02-15,KER,61.54,50,57.5,-62.5,57.5,57.5,F,63,Open,Single-ply,B
8,Sadhika P J,2004-06-16,KER,59.10,47.5,-52.5,55,55,55,F,63,Open,Single-ply,B
DQ,Maya Kanwar,1999-04-18,RAJ,62.32,-110,-110,-110,,,F,63,Open,Single-ply,B
1,Poonam,1990-08-20,RAJ,64.50,125,127.5,135,135,135,F,69,Open,Single-ply,B
2,Sudha Kumari,1979-01-06,BIH,66.80,112.5,120,-135,120,120,F,69,Open,Single-ply,B
3,Krishna #1,1995-03-01,HAR,67.10,95,105,-107.5,105,105,F,69,Open,Single-ply,B
4,Priya Ganpat Kandalkar,1984-12-16,MAH,67.50,95,100,-107.5,100,100,F,69,Open,Single-ply,B
5,Sarita Kumari,2001-08-15,M P,64.76,87.5,-92.5,-92.5,87.5,87.5,F,69,Open,Single-ply,B
6,Aditi Rajashekhar Parshetty,1997-08-20,MAH,68.38,-85,85,-92.5,85,85,F,69,Open,Single-ply,B
7,Rajesh,1987-08-15,DEL,67.36,-75,80,-85,80,80,F,69,Open,Single-ply,B
8,Shweta Raj,1988-12-15,U P,67.38,55,-60,-60,55,55,F,69,Open,Single-ply,B
DQ,Sayma,2001-04-23,DEL,66.23,-107.5,-115,-115,,,F,69,Open,Single-ply,B
DQ,Mansi Selar,2000-12-07,M P,67.80,-65,-65,-65,,,F,69,Open,Single-ply,B
DQ,B Ashwini,1993-07-16,KAR,63.58,-77.5,-80,-80,,,F,69,Open,Single-ply,B
1,Venizeia A Carlo,2000-02-07,KAR,75.40,107.5,112.5,117.5,117.5,117.5,F,76,Open,Single-ply,B
2,Thangjam Leima Chanu,1994-02-16,MAN,69.40,95,97.5,102.5,102.5,102.5,F,76,Open,Single-ply,B
3,Sakshi Mor,1999-08-19,DEL,73.85,100,102.5,-112.5,102.5,102.5,F,76,Open,Single-ply,B
4,Ajeesha A,2000-10-31,KER,73.90,90,-102.5,102.5,102.5,102.5,F,76,Open,Single-ply,B
5,Lisa Thapa,1988-09-27,RAJ,69.25,75,-82.5,82.5,82.5,82.5,F,76,Open,Single-ply,B
6,Manju,1986-08-17,DEL,71.65,55,60,-65,60,60,F,76,Open,Single-ply,B
7,Sreelakshmi S,2003-08-12,KER,71.40,57.5,-65,-70,57.5,57.5,F,76,Open,Single-ply,B
8,Baby Kaur,1990-07-04,UTK,75.30,30,40,-50,40,40,F,76,Open,Single-ply,B
1,Sanhita Mallick,1986-11-26,MAH,83.60,125,-132.5,137.5,137.5,137.5,F,84,Open,Single-ply,B
2,Keerthana Nagendra,1994-02-14,KAR,83.00,105,-112.5,112.5,112.5,112.5,F,84,Open,Single-ply,B
3,Pornima Shinde,1998-05-11,MAH,82.32,-107.5,-107.5,107.5,107.5,107.5,F,84,Open,Single-ply,B
4,Savita Singh,1986-09-22,U P,80.74,-72.5,72.5,80,80,80,F,84,Open,Single-ply,B
5,Aishu A,1997-10-29,KER,82.78,-70,70,-75,70,70,F,84,Open,Single-ply,B
6,Amreen Khan,1993-07-01,DEL,83.90,40,45,50,50,50,F,84,Open,Single-ply,B
1,Bhavna Sharma,1992-12-01,M P,95.20,105,115,,115,115,F,84+,Open,Single-ply,B
2,Prerna Rai,2003-11-21,DEL,92.98,105,-110,-117.5,105,105,F,84+,Open,Single-ply,B
3,Konsam Rosida Devi,1991-09-23,MAN,109.20,-85,85,92.5,92.5,92.5,F,84+,Open,Single-ply,B
4,Tina Sharma,1986-01-02,DEL,104.14,70,85,90,90,90,F,84+,Open,Single-ply,B
5,Manisha Prajapat,1992-06-03,RAJ,96.15,75,82.5,87.5,87.5,87.5,F,84+,Open,Single-ply,B
DQ,Changgamayum Hemingta Devi,1998-03-19,MAN,128.46,-77.5,-77.5,-80,,,F,84+,Open,Single-ply,B
1,Jewel Johny,2011-06-10,KER,38.20,42.5,47.5,50,50,50,F,43,Sub-Juniors,Single-ply,B
2,Sejal Belwalkar,2010-10-19,MAH,35.00,40,45,-47.5,45,45,F,43,Sub-Juniors,Single-ply,B
3,Dhanushiya R,2007-04-05,T N,42.60,35,42.5,-47.5,42.5,42.5,F,43,Sub-Juniors,Single-ply,B
4,Smriti,2011-05-29,HP,39.60,27.5,32.5,35,35,35,F,43,Sub-Juniors,Single-ply,B
1,Gayatri Badekar,2008-01-06,MAH,46.50,65,-70,-70,65,65,F,47,Sub-Juniors,Single-ply,B
2,Komal Swami,2009-01-02,RAJ,46.90,-62.5,65,-67.5,65,65,F,47,Sub-Juniors,Single-ply,B
3,Shivani Singh Rawat,2007-07-27,RAJ,47.00,50,-52.5,-52.5,50,50,F,47,Sub-Juniors,Single-ply,B
4,Priti Dude,2010-12-23,MAH,46.00,-45,45,-50,45,45,F,47,Sub-Juniors,Single-ply,B
5,Sahibmeet,2011-09-12,PUN,46.15,37.5,-45,-45,37.5,37.5,F,47,Sub-Juniors,Single-ply,B
6,Kavya Singh,2010-04-08,UTK,45.90,32.5,-37.5,-37.5,32.5,32.5,F,47,Sub-Juniors,Single-ply,B
7,Naomi Martin,2011-09-06,KER,43.30,27.5,30,-40,30,30,F,47,Sub-Juniors,Single-ply,B
1,Tapasya Mate,2009-02-26,MAH,51.52,-67.5,67.5,-70,67.5,67.5,F,52,Sub-Juniors,Single-ply,B
2,Khushbu,2009-03-12,UTK,50.62,-50,50,57.5,57.5,57.5,F,52,Sub-Juniors,Single-ply,B
3,Shrutika Patil,2010-04-22,MAH,51.10,52.5,-57.5,57.5,57.5,57.5,F,52,Sub-Juniors,Single-ply,B
4,Chanchal Bharti,2009-01-01,RAJ,51.38,-55,-55,55,55,55,F,52,Sub-Juniors,Single-ply,B
5,Varsha Rawat,2013-05-08,U P,50.70,-45,45,-52.5,45,45,F,52,Sub-Juniors,Single-ply,B
6,Hemalatha S,2007-05-21,T N,49.62,30,-35,35,35,35,F,52,Sub-Juniors,Single-ply,B
7,Jeevasri D,2007-12-12,T N,49.90,27.5,30,32.5,32.5,32.5,F,52,Sub-Juniors,Single-ply,B
1,Akanksha Kumawat,2007-03-07,RAJ,54.00,82.5,88,95,95,95,F,57,Sub-Juniors,Single-ply,B
2,Jinal Gujrati,2011-02-02,RAJ,55.45,65,70,72.5,72.5,72.5,F,57,Sub-Juniors,Single-ply,B
3,Devika A,2008-03-11,KER,56.50,65,-70,-70,65,65,F,57,Sub-Juniors,Single-ply,B
4,Avantika,2008-02-12,U P,56.90,60,-67.5,-67.5,60,60,F,57,Sub-Juniors,Single-ply,B
5,Diksha Belavdekar,2007-11-25,MAH,56.75,50,55,-67.5,55,55,F,57,Sub-Juniors,Single-ply,B
6,Muskan Sharma,2008-01-11,PUN,56.90,55,-62.5,-62.5,55,55,F,57,Sub-Juniors,Single-ply,B
7,Vanishka Balamurugan,2007-01-27,T N,53.55,45,-55,-55,45,45,F,57,Sub-Juniors,Single-ply,B
1,Swati,2012-12-27,DEL,62.00,90,-97.5,-97.5,90,90,F,63,Sub-Juniors,Single-ply,B
2,Himani Nagar,2008-05-11,HAR,63.00,65,72.5,85,85,85,F,63,Sub-Juniors,Single-ply,B
3,Thota Rashmi,2007-08-18,KAR,61.66,70,75,-77.5,75,75,F,63,Sub-Juniors,Single-ply,B
4,Siddhi Kumari Panday,2009-08-08,RAJ,62.22,65,70,-77.5,70,70,F,63,Sub-Juniors,Single-ply,B
5,Shagun,2008-08-22,U P,61.38,60,65,-75,65,65,F,63,Sub-Juniors,Single-ply,B
6,Triveni Silawat,2007-10-14,M P,57.80,55,-60,60,60,60,F,63,Sub-Juniors,Single-ply,B
DQ,Jagjot Kaur,2007-06-18,PUN,61.28,-87.5,-87.5,-90,,,F,63,Sub-Juniors,Single-ply,B
1,Ishu Lakra,2007-04-08,DEL,63.28,92.5,102.5,-113,102.5,102.5,F,69,Sub-Juniors,Single-ply,B
2,Nakshatra Aniyeri,2012-03-12,KER,67.32,60,65,-70,65,65,F,69,Sub-Juniors,Single-ply,B
DQ,Kalyani Waghmare,2007-11-28,MAH,65.10,-70,-70,-70,,,F,69,Sub-Juniors,Single-ply,B
DQ,Mohana G,2008-03-20,T N,66.48,-50,-50,-50,,,F,69,Sub-Juniors,Single-ply,B
1,Riya Kanwar Shekhawat,2007-04-04,RAJ,74.00,85,-90,-111,85,85,F,76,Sub-Juniors,Single-ply,B
2,Niharika,2007-07-25,RAJ,73.20,80,-82.5,-85,80,80,F,76,Sub-Juniors,Single-ply,B
3,Annu Hooda,2008-07-06,HAR,72.50,-72.5,75,-85,75,75,F,76,Sub-Juniors,Single-ply,B
4,Deepika V,2007-04-06,T N,69.30,50,60,-75,60,60,F,76,Sub-Juniors,Single-ply,B
1,Sathvi P Salian,2008-03-08,KAR,82.10,90,92.5,-95,92.5,92.5,F,84,Sub-Juniors,Single-ply,B
2,Sharvari Patil,2011-03-13,MAH,84.00,-55,55,62.5,62.5,62.5,F,84,Sub-Juniors,Single-ply,B
3,Avani Purohit,2009-07-23,RAJ,77.42,50,55,-60,55,55,F,84,Sub-Juniors,Single-ply,B
1,Aditi Mane,2010-12-19,MAH,91.40,57.5,62.5,72.5,72.5,72.5,F,84+,Sub-Juniors,Single-ply,B
2,Aardhya Shukla,2013-06-10,U P,100.24,62.5,67.5,-75,67.5,67.5,F,84+,Sub-Juniors,Single-ply,B
3,Yuhila R,2007-08-23,T N,107.22,60,65,-70,65,65,F,84+,Sub-Juniors,Single-ply,B
4,Anayada Bee,2011-05-27,M P,95.36,55,60,-70,60,60,F,84+,Sub-Juniors,Single-ply,B
1,Tekkati Lalitha Vyshnavi,2002-02-28,KAR,40.20,30,-32.5,-32.5,30,30,F,43,Juniors,Single-ply,B
DQ,Priyanshi Rajput,2005-03-27,RAJ,40.25,-62.5,-62.5,-62.5,,,F,43,Juniors,Single-ply,B
1,Lavanya K,2005-03-27,T N,47.00,52.5,60,62.5,62.5,62.5,F,47,Juniors,Single-ply,B
2,Pooja Poojary,2002-02-10,KAR,46.05,55,-60,-62.5,55,55,F,47,Juniors,Single-ply,B
DQ,Alna M Ajayan,2004-12-17,KER,46.65,-40,-42.5,-42.5,,,F,47,Juniors,Single-ply,B
DQ,Pratiksha Lad,2003-04-08,MAH,46.70,-50,-52.5,-52.5,,,F,47,Juniors,Single-ply,B
1,Shravani Patil,2003-12-25,MAH,51.54,82.5,-85,85,85,85,F,52,Juniors,Single-ply,B
2,Bhumika Sarswat,2005-03-05,RAJ,50.12,-80,-80,80,80,80,F,52,Juniors,Single-ply,B
3,Shamitha M,2002-12-08,KAR,51.80,62.5,65,-70,65,65,F,52,Juniors,Single-ply,B
4,Kajal Singh,2005-10-01,M P,49.12,40,-50,-52.5,40,40,F,52,Juniors,Single-ply,B
1,Ritika Avere,2004-05-03,MAH,55.80,77.5,90,-95,90,90,F,57,Juniors,Single-ply,B
2,Janvi Sonkar,2005-10-11,M P,55.95,55,-62.5,62.5,62.5,62.5,F,57,Juniors,Single-ply,B
3,Maibam Gulubi,2004-03-19,MAN,56.92,55,62.5,-70,62.5,62.5,F,57,Juniors,Single-ply,B
4,Monika Kashyap,2002-05-17,RAJ,54.40,-47.5,47.5,55,55,55,F,57,Juniors,Single-ply,B
5,Rinu Verma,2005-08-12,HAR,56.40,45,47.5,-50,47.5,47.5,F,57,Juniors,Single-ply,B
1,Raveena,2002-08-15,DEL,61.32,105,-113,113,113,113,F,63,Juniors,Single-ply,B
2,Lamiya Tarwadi,2002-02-15,MAH,62.36,85,92.5,-97.5,92.5,92.5,F,63,Juniors,Single-ply,B
3,Gracy Prajapat,2006-01-03,RAJ,61.46,70,72.5,-75,72.5,72.5,F,63,Juniors,Single-ply,B
4,Grace Jenit Joy,2006-11-08,KER,60.56,47.5,52.5,-57.5,52.5,52.5,F,63,Juniors,Single-ply,B
5,Kashish Yadav,2006-11-08,M P,61.78,-27.5,-30,30,30,30,F,63,Juniors,Single-ply,B
DQ,Dhisha Mohan,2006-04-26,KAR,61.94,-92.5,-92.5,-95,,,F,63,Juniors,Single-ply,B
1,Ruthra R,2004-02-12,T N,68.62,110,-115,115,115,115,F,69,Juniors,Single-ply,B
2,Jayalakshmi Acharya,2004-05-10,KAR,68.50,100,-105,-105,100,100,F,69,Juniors,Single-ply,B
3,Kripa P Babu,2004-09-02,KER,67.52,85,-90,92.5,92.5,92.5,F,69,Juniors,Single-ply,B
4,Ayushi Tiwari,2004-11-21,UTK,67.66,-80,80,92.5,92.5,92.5,F,69,Juniors,Single-ply,B
5,Tanu Shukla,2005-12-18,RAJ,67.40,87.5,-92.5,-92.5,87.5,87.5,F,69,Juniors,Single-ply,B
6,Garima,2006-09-25,U P,66.10,-70,70,80,80,80,F,69,Juniors,Single-ply,B
7,Anjali Yewle,2005-06-02,MAH,64.40,-67.5,67.5,-75,67.5,67.5,F,69,Juniors,Single-ply,B
8,Priyanshi Kataria,2006-02-25,HAR,69.00,-55,55,-62.5,55,55,F,69,Juniors,Single-ply,B
9,Sakshi Narwariya,2005-01-14,M P,66.88,-47.5,47.5,-52.5,47.5,47.5,F,69,Juniors,Single-ply,B
DQ,Navneet Kaur,2006-10-25,PUN,65.90,-65,-65,-65,,,F,69,Juniors,Single-ply,B
1,Sejal Moikar,2002-09-28,MAH,71.75,107.5,-112.5,-112.5,107.5,107.5,F,76,Juniors,Single-ply,B
2,Varshita Parihar,2003-03-11,RAJ,74.48,-92.5,-92.5,92.5,92.5,92.5,F,76,Juniors,Single-ply,B
3,Pooja Jawa,2002-05-03,RAJ,75.60,90,-92.5,-92.5,90,90,F,76,Juniors,Single-ply,B
4,Alisha Maria Noronha,2005-04-07,KAR,71.50,-80,80,-90,80,80,F,76,Juniors,Single-ply,B
5,Kiruthiga S,2006-08-10,T N,69.10,50,55,-62.5,55,55,F,76,Juniors,Single-ply,B
1,Shylashree O,2004-11-29,KAR,82.46,80,-85,85,85,85,F,84,Juniors,Single-ply,B
2,Juhi Chhangani,2004-12-27,RAJ,81.36,-80,-80,80,80,80,F,84,Juniors,Single-ply,B
3,Karuna Prabhu,2004-10-11,KAR,82.06,-77.5,77.5,80,80,80,F,84,Juniors,Single-ply,B
4,Brahmacharimayum Nimi Chanu,2005-07-09,MAN,78.30,-65,65,70,70,70,F,84,Juniors,Single-ply,B
DQ,Sakshi Pawar,2004-06-16,MAH,83.00,-70,-70,-70,,,F,84,Juniors,Single-ply,B
1,Bhumika Dagar,2003-06-16,DEL,96.50,-105,107.5,-135.5,107.5,107.5,F,84+,Juniors,Single-ply,B
2,Yagya,2005-03-20,DEL,99.28,-82.5,82.5,-90,82.5,82.5,F,84+,Juniors,Single-ply,B
3,Chandni,2005-10-17,RAJ,90.40,-70,70,75,75,75,F,84+,Juniors,Single-ply,B
4,Ningthoujam Bidiyarani Devi,2004-04-01,MAN,85.20,57.5,67.5,-82.5,67.5,67.5,F,84+,Juniors,Single-ply,B
5,Thenmozhi G,2005-08-18,T N,92.24,-60,60,-70,60,60,F,84+,Juniors,Single-ply,B
DQ,Anushka Khopikar,2002-06-19,MAH,86.46,-80,-80,-80,,,F,84+,Juniors,Single-ply,B
1,Priti Chaudhari,1979-05-06,MAH,46.10,37.5,-40,-40,37.5,37.5,F,47,Masters 1,Single-ply,B
1,Savita Kumari #2,1983-12-12,DEL,50.18,95,105,-110,105,105,F,52,Masters 1,Single-ply,B
2,Jyoti Kandhare,1980-10-19,MAH,51.08,80,85,90,90,90,F,52,Masters 1,Single-ply,B
3,Harpeet Kaur,1983-05-28,CHN,51.84,47.5,50,-52.5,50,50,F,52,Masters 1,Single-ply,B
DQ,Vidya Thennira Kuttappa,1978-01-04,KAR,51.32,-45,-45,-50,,,F,52,Masters 1,Single-ply,B
1,Sharvari Inamdar,1983-02-21,MAH,56.10,90,-95,95,95,95,F,57,Masters 1,Single-ply,B
2,Bhavana Motwani,1982-08-02,KAR,56.50,65,72.5,-77.5,72.5,72.5,F,57,Masters 1,Single-ply,B
3,Shubha Pathak,1984-08-14,M P,54.40,32.5,37.5,-40,37.5,37.5,F,57,Masters 1,Single-ply,B
4,Neenu Palakkal,1985-04-01,KER,54.40,30,32.5,-40,32.5,32.5,F,57,Masters 1,Single-ply,B
1,Rohini Ramteke,1981-08-14,MAH,59.56,87.5,92.5,-100.5,92.5,92.5,F,63,Masters 1,Single-ply,B
2,Kavita Gupta,1976-11-02,M P,61.60,65,70,77.5,77.5,77.5,F,63,Masters 1,Single-ply,B
3,Lalita Madhwal,1978-07-21,DEL,61.76,70,75,-77.5,75,75,F,63,Masters 1,Single-ply,B
4,Rajashri Pelnekar,1981-03-06,MAH,63.00,65,70,-77.5,70,70,F,63,Masters 1,Single-ply,B
5,Pratibha Bhat,1977-01-09,KAR,62.44,45,-50,-50,45,45,F,63,Masters 1,Single-ply,B
1,Anita Rathi,1982-04-04,RAJ,67.20,72.5,77.5,82.5,82.5,82.5,F,69,Masters 1,Single-ply,B
2,Sangeeta,1983-07-04,UTK,69.00,75,82.5,-87.5,82.5,82.5,F,69,Masters 1,Single-ply,B
3,Pooja Singh,1983-12-24,UTK,68.38,52.5,-57.5,-57.5,52.5,52.5,F,69,Masters 1,Single-ply,B
DQ,Jyoti Chouhan,1984-04-19,RAJ,66.00,-70,-70,-70,,,F,69,Masters 1,Single-ply,B
1,Vijaya Vani,1983-06-05,KAR,73.45,-85,85,90,90,90,F,76,Masters 1,Single-ply,B
2,Mousumi Takri,1981-05-19,ODI,73.30,75,80,-82.5,80,80,F,76,Masters 1,Single-ply,B
3,Khushboo Shewani,1981-06-11,MAH,74.25,75,-80,80,80,80,F,76,Masters 1,Single-ply,B
4,Deepa Hb,1980-01-03,KAR,74.85,60,70,77.5,77.5,77.5,F,76,Masters 1,Single-ply,B
5,Nidhi,1981-03-26,PUN,69.30,-30,30,35,35,35,F,76,Masters 1,Single-ply,B
1,Kavita Rani,1984-11-08,DEL,81.56,90,100,-103,100,100,F,84,Masters 1,Single-ply,B
2,Jagbinder Kaur,1979-03-29,DEL,80.66,95,-102,-103,95,95,F,84,Masters 1,Single-ply,B
3,Gauri A Ghodekar,1983-04-16,MAH,82.00,85,92.5,-97.5,92.5,92.5,F,84,Masters 1,Single-ply,B
4,Deepa K S,1978-02-23,KAR,76.10,67.5,72.5,-75,72.5,72.5,F,84,Masters 1,Single-ply,B
5,Krishna #5,1984-10-31,RAJ,79.90,-50,50,-60,50,50,F,84,Masters 1,Single-ply,B
1,Jisna Ibrahimkutty,1985-05-31,KER,84.80,87.5,100,105,105,105,F,84+,Masters 1,Single-ply,B
2,Smita Chadha,1980-06-06,MAH,84.22,75,-82.5,82.5,82.5,82.5,F,84+,Masters 1,Single-ply,B
3,Manju Gupta,1978-06-04,HAR,89.96,70,75,80,80,80,F,84+,Masters 1,Single-ply,B
4,Babli,1985-10-07,PUN,98.10,40,-47.5,47.5,47.5,47.5,F,84+,Masters 1,Single-ply,B
1,Nicey K L,1968-04-07,KER,47.00,25,30,-35,30,30,F,47,Masters 2,Single-ply,B
1,Vijayam K,1970-05-29,KER,50.04,47.5,-50,50,50,50,F,52,Masters 2,Single-ply,B
1,Pooja Malviya,1972-09-05,M P,56.30,40,42.5,-45,42.5,42.5,F,57,Masters 2,Single-ply,B
2,Preetha Sathyan,1975-01-30,KER,56.60,-30,30,35,35,35,F,57,Masters 2,Single-ply,B
1,Sushma Sarulkar,1972-12-13,MAH,61.50,42.5,45,-47.5,45,45,F,63,Masters 2,Single-ply,B
1,Sreeja Sajeevan,1968-01-29,KER,68.26,45,-50,50,50,50,F,69,Masters 2,Single-ply,B
1,Sweety Sharma,1973-12-28,U P,76.00,72.5,77.5,88,88,88,F,76,Masters 2,Single-ply,B
2,Cynthia Cutinha,1974-07-21,KAR,74.00,65,-70,70,70,70,F,76,Masters 2,Single-ply,B
1,Sonika Khattar,1972-10-25,DEL,81.80,-50,50,60,60,60,F,84,Masters 2,Single-ply,B
1,Sheeja Panachi,1973-05-02,KER,85.24,65,73,-77.5,73,73,F,84+,Masters 2,Single-ply,B
2,Geetha Bai,1974-01-03,KAR,85.95,50,-55,55,55,55,F,84+,Masters 2,Single-ply,B
1,Purna Bharde,1958-07-28,MAH,69.40,40,42.5,46,46,46,F,76,Masters 3,Single-ply,B
1,Mary Beena,1965-05-31,KER,96.78,70,73,77.5,77.5,77.5,F,84+,Masters 3,Single-ply,B
1,Pranjal Rathore,1998-07-22,M P,58.60,150,155,160,160,160,M,59,Open,Single-ply,B
2,Bhola,1999-05-05,U P,58.35,-130,-140,140,140,140,M,59,Open,Single-ply,B
3,Yogesh Gund,1994-10-09,MAH,58.85,130,137.5,140,140,140,M,59,Open,Single-ply,B
4,Gangadhara,1992-07-01,KAR,57.65,117.5,122.5,-130,122.5,122.5,M,59,Open,Single-ply,B
5,Ilamparithi B,2001-06-28,PUD,55.95,-120,120,-125,120,120,M,59,Open,Single-ply,B
6,Narendra Kandera,2002-07-15,DEL,59.00,-107.5,107.5,-112.5,107.5,107.5,M,59,Open,Single-ply,B
7,Arihant Jain,2001-08-10,M P,58.80,102.5,-112.5,-115,102.5,102.5,M,59,Open,Single-ply,B
1,Vipin,1987-08-12,DEL,65.54,160,170,-181.5,170,170,M,66,Open,Single-ply,B
2,Yogesh Kumar Sain,1985-05-25,RAJ,64.56,155,162.5,-170,162.5,162.5,M,66,Open,Single-ply,B
3,Vickey Kumar,1992-11-22,BIH,65.76,-147.5,147.5,157.5,157.5,157.5,M,66,Open,Single-ply,B
4,Manpreet Singh #5,1993-12-01,PUN,64.88,145,152.5,155,155,155,M,66,Open,Single-ply,B
5,Varun Chowdhary,1988-02-13,CHN,65.22,140,-145,145,145,145,M,66,Open,Single-ply,B
6,Srinath V,1994-12-09,KAR,65.22,130,-140,-140,130,130,M,66,Open,Single-ply,B
7,Sunny,1998-11-08,PUN,66.00,120,127.5,130,130,130,M,66,Open,Single-ply,B
8,Madheswaran R,1968-01-01,T N,64.50,100,110,115,115,115,M,66,Open,Single-ply,B
9,Aditya Kumar,1984-05-27,CHN,65.72,-95,95,100,100,100,M,66,Open,Single-ply,B
DQ,Sidhant Narang,1993-09-17,HAR,63.28,-140,-147.5,-152.5,,,M,66,Open,Single-ply,B
DQ,Deepak Dhiman,1995-11-03,U P,64.40,-120,-120,-127.5,,,M,66,Open,Single-ply,B
1,Manish Garg,1995-09-15,DEL,73.37,-210,210,223.5,223.5,223.5,M,74,Open,Single-ply,B
2,Vivek Kumar Gupta,1995-12-05,BIH,70.40,-177.5,177.5,-182.5,177.5,177.5,M,74,Open,Single-ply,B
3,Arji Balakrishna,1995-10-20,A P,73.14,177.5,-182.5,-182.5,177.5,177.5,M,74,Open,Single-ply,B
4,Abhishek Patankar,2001-08-06,MAH,72.40,160,167.5,-172.5,167.5,167.5,M,74,Open,Single-ply,B
5,Jaisharana,1999-09-02,KAR,73.00,155,162.5,-177.5,162.5,162.5,M,74,Open,Single-ply,B
6,Altab Khan,2000-09-25,W B,72.60,150,-160,-160,150,150,M,74,Open,Single-ply,B
7,Sumanta Mukherjee,2001-05-21,W B,72.70,-140,140,150,150,150,M,74,Open,Single-ply,B
8,Prashant Tyagi,2001-06-06,U P,71.10,130,140,-150,140,140,M,74,Open,Single-ply,B
9,Sikander Paul Singh,1999-03-15,J&K,72.14,-130,135,-140,135,135,M,74,Open,Single-ply,B
10,Ravi #6,2002-05-24,HAR,73.40,105,-110,-110,105,105,M,74,Open,Single-ply,B
DQ,Karan Valmiki,2001-01-01,MAH,71.50,-137.5,-140,-140,,,M,74,Open,Single-ply,B
1,Md. Harish Tausif,1994-06-24,BIH,80.90,245,-265,-265,245,245,M,83,Open,Single-ply,B
2,Pradeep Kumar #3,1988-05-04,KAR,81.90,230,-240,-247.5,230,230,M,83,Open,Single-ply,B
3,Yogeet Chander,1989-10-07,PUN,80.20,197.5,-205,-212.5,197.5,197.5,M,83,Open,Single-ply,B
4,Mahendra Kumar Singh,1989-11-23,JHA,82.00,-187.5,187.5,-200,187.5,187.5,M,83,Open,Single-ply,B
5,Sushil Tekam,1989-06-23,M P,80.60,170,-180,185,185,185,M,83,Open,Single-ply,B
6,Tarun Kumar Raina,2000-03-13,J&K,81.50,-185,185,-200,185,185,M,83,Open,Single-ply,B
7,Kapil Dev,1996-06-30,HP,80.30,160,172.5,182.5,182.5,182.5,M,83,Open,Single-ply,B
8,Yashwant Gaikwad,1998-07-08,MAH,77.90,-175,175,-190,175,175,M,83,Open,Single-ply,B
9,Prabhjot Singh #6,1996-10-05,U P,80.70,-172.5,-172.5,175,175,175,M,83,Open,Single-ply,B
10,Partha Talukdar,1994-09-07,ASA,81.20,-140,145,-150,145,145,M,83,Open,Single-ply,B
11,Shaik Ibrahim,2000-09-12,A P,76.40,135,140,-145,140,140,M,83,Open,Single-ply,B
12,Mitender Mankotia,1992-08-25,HP,76.50,135,-137.5,,135,135,M,83,Open,Single-ply,B
DQ,Deepak Kumar #4,1987-08-23,DEL,81.60,-205,-205,-212.5,,,M,83,Open,Single-ply,B
1,Ranjeet Kumar Maurya,1993-07-06,U P,91.00,232.5,237.5,243,243,243,M,93,Open,Single-ply,B
2,Prateek Mishra,1993-08-20,M P,92.14,232.5,-243,-248,232.5,232.5,M,93,Open,Single-ply,B
3,Mohammad Farhan,1996-09-15,KAR,87.58,-230,230,-243.5,230,230,M,93,Open,Single-ply,B
4,Deepak #8,1987-11-01,HAR,90.10,-220,220,-232.5,220,220,M,93,Open,Single-ply,B
5,Pritam Pandey,1996-01-11,DEL,90.82,215,-225,-232.5,215,215,M,93,Open,Single-ply,B
6,Udhay Veer Singh #1,1998-08-03,J&K,91.07,-212.5,212.5,-232.5,212.5,212.5,M,93,Open,Single-ply,B
7,Aryan Passi,1994-08-26,PUN,91.76,212.5,-215,-235,212.5,212.5,M,93,Open,Single-ply,B
8,Rohit,2001-10-31,DEL,86.88,-210,210,-232.5,210,210,M,93,Open,Single-ply,B
9,Baljeet Singh,1998-11-03,HAR,90.32,210,-220,-237.5,210,210,M,93,Open,Single-ply,B
10,Novshath Haroon Rasheeth,1987-02-14,T N,86.02,190,195,-200,195,195,M,93,Open,Single-ply,B
11,Yash,2001-08-28,HP,89.80,-165,165,175,175,175,M,93,Open,Single-ply,B
DQ,Shoy Gupta,1998-08-14,J&K,90.86,-185,-185,-190,,,M,93,Open,Single-ply,B
DQ,Sagar More,1987-03-18,MAH,91.68,-225,-225,-235,,,M,93,Open,Single-ply,B
DQ,Adnan Rais,2001-06-04,M P,89.74,-170,-170,-170,,,M,93,Open,Single-ply,B
1,Bhaskar Shah,1992-08-09,PUN,104.52,320,333,340,340,340,M,105,Open,Single-ply,B
2,Gurwinder Singh #4,1995-11-22,PUN,100.66,-220,230,237.5,237.5,237.5,M,105,Open,Single-ply,B
3,Gaurav Vats,1993-11-19,DEL,103.10,225,-232.5,232.5,232.5,232.5,M,105,Open,Single-ply,B
4,Tanuj Saini,1992-12-07,RAJ,97.70,190,195,200,200,200,M,105,Open,Single-ply,B
5,Sameer Shaikh,2000-03-30,MAH,99.54,170,177.5,-182.5,177.5,177.5,M,105,Open,Single-ply,B
6,Sumit Kumar #1,1990-03-02,RAJ,99.06,90,,,90,90,M,105,Open,Single-ply,B
7,Abhishek Joshi,1993-06-19,M P,97.18,80,85,-92.5,85,85,M,105,Open,Single-ply,B
DQ,Harish Kumar #4,1990-03-13,J&K,95.66,-160,-160,-170,,,M,105,Open,Single-ply,B
DQ,Amarjeet,1995-01-15,HAR,93.38,-130,-130,-130,,,M,105,Open,Single-ply,B
DQ,Sunveer Singh,2000-04-13,CHN,93.16,-145,-145,-145,,,M,105,Open,Single-ply,B
1,Arshad Ulla,1993-06-11,KAR,118.56,230,-242.5,-242.5,230,230,M,120,Open,Single-ply,B
2,Lalit Jaggi,1997-01-17,HP,112.76,210,217.5,-225,217.5,217.5,M,120,Open,Single-ply,B
3,Yogesh Kumar #2,1998-07-23,DEL,117.86,-210,-210,212.5,212.5,212.5,M,120,Open,Single-ply,B
4,Sushain Khajuria,2000-12-21,J&K,111.46,-210,-210,210,210,210,M,120,Open,Single-ply,B
5,Ajay Kumar Suthar,1988-11-29,RAJ,114.62,180,182.5,185,185,185,M,120,Open,Single-ply,B
6,Hanumant Kharat,1989-03-11,MAH,107.16,162.5,-172.5,182.5,182.5,182.5,M,120,Open,Single-ply,B
7,Shaik Abdul Wahab,1995-03-23,A P,114.82,125,135,140,140,140,M,120,Open,Single-ply,B
DQ,Mohak Suthar,2004-07-11,RAJ,105.90,-170,-170,-170,,,M,120,Open,Single-ply,B
1,Divyanshu Anand,2001-08-08,JHA,141.38,200,215,222.5,222.5,222.5,M,120+,Open,Single-ply,B
2,Paritesh Pal,1999-09-13,M P,150.00,200,-210,217.5,217.5,217.5,M,120+,Open,Single-ply,B
3,Aakash Dutt,1989-11-12,J&K,129.78,187.5,-192.5,192.5,192.5,192.5,M,120+,Open,Single-ply,B
4,Srihari P V Raj,1999-01-07,KER,120.90,160,170,-187.5,170,170,M,120+,Open,Single-ply,B
5,Arun Kumar,1988-07-27,HAR,121.00,-170,170,-192.5,170,170,M,120+,Open,Single-ply,B
6,Plato Kevin Dsilva,1989-07-17,MAH,124.76,150,170,-185,170,170,M,120+,Open,Single-ply,B
7,Ashif Ali Khan,1994-09-06,CHT,143.42,140,-202.5,-202.5,140,140,M,120+,Open,Single-ply,B
1,Chitransh Pandey,2007-11-15,M P,51.66,105,110,112.5,112.5,112.5,M,53,Sub-Juniors,Single-ply,B
2,Vyom Jawa,2009-03-31,RAJ,52.20,102.5,107.5,-112.5,107.5,107.5,M,53,Sub-Juniors,Single-ply,B
3,Rohit Singh Rawat,2007-09-22,RAJ,51.76,-90,-90,90,90,90,M,53,Sub-Juniors,Single-ply,B
4,Mohamed Shaan S,2007-09-24,KER,52.10,85,-95,-95,85,85,M,53,Sub-Juniors,Single-ply,B
5,Shivam Verma,2008-09-04,DEL,52.82,85,-90,-90,85,85,M,53,Sub-Juniors,Single-ply,B
6,Rahul Thappa,2007-04-14,J&K,52.18,80,-95,-95,80,80,M,53,Sub-Juniors,Single-ply,B
7,Kathi Karthik,2009-10-08,A P,51.88,70,-80,-80,70,70,M,53,Sub-Juniors,Single-ply,B
8,Kamal,2007-12-20,HAR,52.44,-70,70,-75,70,70,M,53,Sub-Juniors,Single-ply,B
DQ,Vansh,2010-04-26,DEL,51.54,-70,-72.5,-75,,,M,53,Sub-Juniors,Single-ply,B
1,Minmoy Das,2007-04-13,ASA,57.40,107.5,110,117.5,117.5,117.5,M,59,Sub-Juniors,Single-ply,B
2,Ishu Kumar,2007-12-25,DEL,58.30,105,107.5,112.5,112.5,112.5,M,59,Sub-Juniors,Single-ply,B
3,Lonik Hans,2008-06-29,PUN,57.50,107.5,110,-112.5,110,110,M,59,Sub-Juniors,Single-ply,B
4,Jaskaran Singh,2007-10-13,PUN,58.15,-95,95,-107.5,95,95,M,59,Sub-Juniors,Single-ply,B
5,Takhellambam Ribroson Mangang,2008-03-08,MAN,58.70,90,-97.5,-100,90,90,M,59,Sub-Juniors,Single-ply,B
6,Priyanshu,2008-04-08,DEL,57.80,-85,87.5,-97.5,87.5,87.5,M,59,Sub-Juniors,Single-ply,B
7,Yaswanth Kumar V,2008-04-24,T N,56.25,85,-92.5,-92.5,85,85,M,59,Sub-Juniors,Single-ply,B
DQ,Piyush Meena,2007-05-21,RAJ,57.30,-90,-92.5,-95,,,M,59,Sub-Juniors,Single-ply,B
1,Daksh Singhal,2009-09-09,HAR,61.36,127.5,137.5,-145,137.5,137.5,M,66,Sub-Juniors,Single-ply,B
2,Meitankeishangthe Leikhomba,2007-11-10,MAN,65.90,-130,130,-147.5,130,130,M,66,Sub-Juniors,Single-ply,B
3,Aditya Verma,2008-07-15,MAH,63.46,110,117.5,125,125,125,M,66,Sub-Juniors,Single-ply,B
4,Nitin Vishwakarma,2007-01-14,M P,63.76,105,-107.5,117.5,117.5,117.5,M,66,Sub-Juniors,Single-ply,B
5,Piyush Kumar Goyal,2008-04-14,RAJ,63.84,110,117.5,-122.5,117.5,117.5,M,66,Sub-Juniors,Single-ply,B
6,Rohit Kumar,2008-02-02,PUN,63.54,-100,-100,100,100,100,M,66,Sub-Juniors,Single-ply,B
7,Manpreet Singh #1,2008-08-14,PUN,66.00,90,-97.5,-120,90,90,M,66,Sub-Juniors,Single-ply,B
8,Sathyaprasad Pai,2007-02-01,KAR,63.60,85,-95,-95,85,85,M,66,Sub-Juniors,Single-ply,B
DQ,Mohammed Haneef Shamwar,2007-03-27,KAR,65.94,-125,-125,-125,,,M,66,Sub-Juniors,Single-ply,B
1,Varun Kumar,2008-10-22,HAR,70.30,132.5,140,147.5,147.5,147.5,M,74,Sub-Juniors,Single-ply,B
2,Vijay Kumar #4,2007-08-11,RAJ,67.90,-132.5,-135,137.5,137.5,137.5,M,74,Sub-Juniors,Single-ply,B
3,Abdullah,2007-12-04,KAR,72.70,-127.5,127.5,135,135,135,M,74,Sub-Juniors,Single-ply,B
4,Badal Pratap,2008-03-30,HAR,74.00,-125,-130,135,135,135,M,74,Sub-Juniors,Single-ply,B
5,Abhishek Tripathi,2009-08-10,U P,67.70,120,130,-135,130,130,M,74,Sub-Juniors,Single-ply,B
6,William John,2008-05-09,KER,69.10,100,112.5,-127.5,112.5,112.5,M,74,Sub-Juniors,Single-ply,B
7,Aadith Nagesh Shetty,2008-03-10,KAR,66.50,105,110,-117.5,110,110,M,74,Sub-Juniors,Single-ply,B
8,Damanpreet Singh,2007-06-03,CHN,70.60,95,102.5,110,110,110,M,74,Sub-Juniors,Single-ply,B
9,K. Sai Madhusudhan,2008-07-18,TEL,68.70,80,82.5,-90,82.5,82.5,M,74,Sub-Juniors,Single-ply,B
10,Soham Gavare,2007-08-15,MAH,69.76,60,,,60,60,M,74,Sub-Juniors,Single-ply,B
DQ,Ashish Kumar,2008-01-06,JHA,74.00,-120,-120,-125,,,M,74,Sub-Juniors,Single-ply,B
1,Karan Rathee,2007-11-01,HAR,82.90,157.5,167.5,-180,167.5,167.5,M,83,Sub-Juniors,Single-ply,B
2,Mohit Chaturvedi,2008-07-07,M P,78.80,135,-145,145,145,145,M,83,Sub-Juniors,Single-ply,B
3,Mayuresh Gayke,2007-02-17,MAH,77.80,-122.5,122.5,130,130,130,M,83,Sub-Juniors,Single-ply,B
4,Rishi Raj,2007-07-22,KAR,77.80,125,-135,-135,125,125,M,83,Sub-Juniors,Single-ply,B
5,Raj Kadu,2009-04-10,MAH,80.80,115,120,-127.5,120,120,M,83,Sub-Juniors,Single-ply,B
DQ,Naman,2009-12-10,DEL,79.90,-115,-122.5,-132.5,,,M,83,Sub-Juniors,Single-ply,B
DQ,Vineet Kumar Pandey,2007-07-03,U P,76.90,-132.5,-132.5,-140,,,M,83,Sub-Juniors,Single-ply,B
DQ,Prince Barsa,2007-08-28,RAJ,78.00,-120,-125,-135,,,M,83,Sub-Juniors,Single-ply,B
DQ,Rahul Kumar #8,2008-09-07,JHA,80.00,-135,-135,-135,,,M,83,Sub-Juniors,Single-ply,B
1,Prabhjot Singh #5,2009-10-02,PUN,90.82,160,-170,-170,160,160,M,93,Sub-Juniors,Single-ply,B
2,Sankait Nayyer,2009-01-02,PUN,86.74,130,140,145,145,145,M,93,Sub-Juniors,Single-ply,B
3,Aditya Sharma #3,2007-08-12,DEL,86.97,130,137.5,-145,137.5,137.5,M,93,Sub-Juniors,Single-ply,B
4,Jeet Yadav,2007-10-18,M P,92.32,-135,135,-142.5,135,135,M,93,Sub-Juniors,Single-ply,B
5,Amritansh Mishra,2008-06-04,M P,89.09,110,120,-137.5,120,120,M,93,Sub-Juniors,Single-ply,B
6,Sabareesh Anilkumar E,2008-06-11,KER,89.08,110,-120,-127.5,110,110,M,93,Sub-Juniors,Single-ply,B
7,Lavesh Lokhande,2008-06-01,MAH,91.46,100,110,-120,110,110,M,93,Sub-Juniors,Single-ply,B
8,Vikramjit Singh,2009-02-05,CHN,92.16,-92.5,-92.5,92.5,92.5,92.5,M,93,Sub-Juniors,Single-ply,B
DQ,Ansh Prashar,2008-10-13,J&K,86.66,-132.5,-132.5,-132.5,,,M,93,Sub-Juniors,Single-ply,B
DQ,Rishabh Pal,2007-10-13,HAR,90.06,-186,-186,-186,,,M,93,Sub-Juniors,Single-ply,B
1,Rohit Chaudhary,2009-02-09,HAR,100.90,170,180,-191,180,180,M,105,Sub-Juniors,Single-ply,B
2,Mayank Jangam,2007-01-08,RAJ,102.02,160,-170,-170,160,160,M,105,Sub-Juniors,Single-ply,B
3,Shivam Ahuja,2007-12-10,PUN,94.74,-135,135,142.5,142.5,142.5,M,105,Sub-Juniors,Single-ply,B
4,Gaurav Bohra,2008-02-07,RAJ,94.80,135,142.5,-150,142.5,142.5,M,105,Sub-Juniors,Single-ply,B
5,Aryan Borasi,2007-03-15,M P,101.66,130,140,-150,140,140,M,105,Sub-Juniors,Single-ply,B
6,Aryan Vinayak Shetti,2009-09-11,MAH,97.64,127.5,135,-152.5,135,135,M,105,Sub-Juniors,Single-ply,B
7,Mahesh,2008-09-04,DEL,96.56,115,-125,125,125,125,M,105,Sub-Juniors,Single-ply,B
DQ,Vivek Singh,2007-07-27,M P,93.10,-140,-145,-145,,,M,105,Sub-Juniors,Single-ply,B
1,Sanket Chaturvedi,2009-10-29,RAJ,105.90,145,152.5,-160,152.5,152.5,M,120,Sub-Juniors,Single-ply,B
2,Himesh Kumar,2009-01-04,UTK,116.50,130,-140,150,150,150,M,120,Sub-Juniors,Single-ply,B
3,Guntoju Viveak,2007-11-11,TEL,109.12,135,142.5,147.5,147.5,147.5,M,120,Sub-Juniors,Single-ply,B
4,Prince Tanwar,2007-08-02,HAR,111.86,-140,-140,145,145,145,M,120,Sub-Juniors,Single-ply,B
5,Gurmukh Ram,2007-11-22,CHN,114.52,130,145,-160,145,145,M,120,Sub-Juniors,Single-ply,B
6,Adithya,2007-02-28,KAR,105.90,122.5,-135,-135,122.5,122.5,M,120,Sub-Juniors,Single-ply,B
7,Aamin Shaikh,2008-12-28,MAH,118.82,120,-130,-145,120,120,M,120,Sub-Juniors,Single-ply,B
8,Vansh Shokeen,2011-06-02,DEL,111.82,85,97.5,-102.5,97.5,97.5,M,120,Sub-Juniors,Single-ply,B
9,Mohammad Saad Mirza,2008-04-04,M P,105.40,95,-102.5,-102.5,95,95,M,120,Sub-Juniors,Single-ply,B
1,Mohammad Shoaib Khan,2007-09-20,M P,122.88,125,130,135,135,135,M,120+,Sub-Juniors,Single-ply,B
2,Aryan Durgule,2010-08-12,MAH,120.10,90,100,-112.5,100,100,M,120+,Sub-Juniors,Single-ply,B
DQ,Tanish Garg,2009-06-28,DEL,136.23,-235,-235,-235,,,M,120+,Sub-Juniors,Single-ply,B
1,Keerthan,2003-10-29,KAR,52.26,-112.5,112.5,-120,112.5,112.5,M,53,Juniors,Single-ply,B
2,Sanjyot Kumbhar,2006-03-12,MAH,52.08,-110,110,-117.5,110,110,M,53,Juniors,Single-ply,B
3,Harshit,2003-01-12,U P,49.94,-92.5,-95,100,100,100,M,53,Juniors,Single-ply,B
4,Dinesh Kumar #3,2006-04-07,T N,51.94,100,-107.5,-107.5,100,100,M,53,Juniors,Single-ply,B
5,Akash Gour,2003-01-14,ASA,51.96,100,-105,-105,100,100,M,53,Juniors,Single-ply,B
6,Kapil,2003-10-17,HAR,51.62,75,82.5,85,85,85,M,53,Juniors,Single-ply,B
7,Mohit Kumar #5,2002-06-08,CHN,52.06,72.5,80,-102.5,80,80,M,53,Juniors,Single-ply,B
8,Utkarsh Raj,2005-09-20,BIH,52.82,60,-70,-85,60,60,M,53,Juniors,Single-ply,B
1,Harshad Deshmukh,2003-05-08,MAH,59.00,135,147.5,-153,147.5,147.5,M,59,Juniors,Single-ply,B
2,Vedant Kadam,2006-06-03,MAH,58.89,132.5,140,142.5,142.5,142.5,M,59,Juniors,Single-ply,B
3,Ankul Yadav,2006-07-14,U P,58.20,125,135,140,140,140,M,59,Juniors,Single-ply,B
4,Sonu Sharma #2,2003-01-26,JHA,55.85,130,135,-142.5,135,135,M,59,Juniors,Single-ply,B
5,Harshit Jat,2006-03-25,M P,58.10,130,-137.5,-140,130,130,M,59,Juniors,Single-ply,B
6,Bhavan Singh,2002-12-27,J&K,58.45,120,127.5,,127.5,127.5,M,59,Juniors,Single-ply,B
7,Chanderkant Na,2004-02-24,HP,59.00,115,117.5,-120,117.5,117.5,M,59,Juniors,Single-ply,B
8,Bisas Ali Makrani,2004-04-17,GUJ,58.00,115,-120,-125,115,115,M,59,Juniors,Single-ply,B
9,Rohan Dasgupta,2003-05-31,CHN,57.90,107.5,-112.5,,107.5,107.5,M,59,Juniors,Single-ply,B
10,Gaurav Meena,2006-09-25,RAJ,57.50,105,-107.5,-107.5,105,105,M,59,Juniors,Single-ply,B
11,Anmolpreet Singh,2003-08-28,PUN,58.55,-105,105,-115,105,105,M,59,Juniors,Single-ply,B
12,Paras,2006-01-28,DEL,58.45,95,-105,-105,95,95,M,59,Juniors,Single-ply,B
DQ,Rahul Kumar Pandit,2003-01-15,BIH,58.15,-130,-130,-140,,,M,59,Juniors,Single-ply,B
1,Himanshu,2003-04-01,HAR,63.30,155,157.5,165,165,165,M,66,Juniors,Single-ply,B
2,Javed Alam,2005-07-21,M P,62.72,152.5,155,162.5,162.5,162.5,M,66,Juniors,Single-ply,B
3,Ayush Gupta #2,2005-01-30,JHA,64.34,-142.5,150,-157.5,150,150,M,66,Juniors,Single-ply,B
4,Satpal Singh,2005-10-01,JHA,63.84,127.5,132.5,140,140,140,M,66,Juniors,Single-ply,B
5,Sahil Kumar,2003-01-16,U P,63.66,125,132.5,-150,132.5,132.5,M,66,Juniors,Single-ply,B
6,Sapavath Prem Kumar,2002-07-17,TEL,65.58,120,130,-152.5,130,130,M,66,Juniors,Single-ply,B
7,Mayank Dagur,2005-04-03,RAJ,65.92,-125,125,-152.5,125,125,M,66,Juniors,Single-ply,B
8,Arjunpal Singh,2002-03-17,J&K,65.68,90,97.5,-100,97.5,97.5,M,66,Juniors,Single-ply,B
9,Honey Dhalor,2002-01-11,CHN,64.68,-90,90,-105,90,90,M,66,Juniors,Single-ply,B
1,Rujit Singh,2004-07-25,J&K,72.20,162.5,-172.5,-175,162.5,162.5,M,74,Juniors,Single-ply,B
2,Gaurav Jaipal,2003-11-02,RAJ,71.70,152.5,-160,-162.5,152.5,152.5,M,74,Juniors,Single-ply,B
3,Pawan Soni,2003-07-30,RAJ,72.60,-150,-150,152.5,152.5,152.5,M,74,Juniors,Single-ply,B
4,Dushyant,2002-10-08,HAR,72.70,125,132.5,140,140,140,M,74,Juniors,Single-ply,B
5,Gaurav Kumar #4,2004-09-16,U P,72.10,120,135,-140,135,135,M,74,Juniors,Single-ply,B
6,Umar Wahaj,2005-02-05,BIH,70.90,-120,120,-135,120,120,M,74,Juniors,Single-ply,B
7,Anuj Chandel,2003-09-05,HP,73.10,105,-110,-110,105,105,M,74,Juniors,Single-ply,B
8,Lagan Jain,2006-07-19,CHN,72.30,90,102.5,-110,102.5,102.5,M,74,Juniors,Single-ply,B
DQ,Prateek Bhalla,2002-10-06,DEL,72.50,-170,-172.5,-177.5,,,M,74,Juniors,Single-ply,B
DQ,Akula Srikar,2005-07-12,TEL,70.50,-135,-135,-135,,,M,74,Juniors,Single-ply,B
DQ,Ankit Kumar #8,2006-02-02,U P,72.50,-145,-150,-152.5,,,M,74,Juniors,Single-ply,B
DQ,Manmohan Ojha,2004-03-05,M P,72.80,-142.5,-142.5,-142.5,,,M,74,Juniors,Single-ply,B
DQ,Prince Kumar Singh,2002-02-11,BIH,72.50,-145,-145,-145,,,M,74,Juniors,Single-ply,B
1,Abhishek Ranga,2002-03-02,DEL,78.20,200,-210,215,215,215,M,83,Juniors,Single-ply,B
2,Amritpal Singh Sandhu,2003-03-18,MAH,80.60,197.5,205,207.5,207.5,207.5,M,83,Juniors,Single-ply,B
3,Vaibhav Joon,2003-12-02,HAR,81.60,195,-210,-217.5,195,195,M,83,Juniors,Single-ply,B
4,Harinderbir Singh,2003-11-12,PUN,79.90,165,-177.5,-182.5,165,165,M,83,Juniors,Single-ply,B
5,Mohammed Niyal,2004-04-03,KAR,77.80,-160,160,-180,160,160,M,83,Juniors,Single-ply,B
6,Sohbit Rana,2002-10-27,HP,80.30,137.5,147.5,152.5,152.5,152.5,M,83,Juniors,Single-ply,B
7,Deenbandhu,2004-07-25,U P,80.50,-150,150,-155,150,150,M,83,Juniors,Single-ply,B
8,Piyush Sen,2003-08-01,M P,75.80,-110,115,-117.5,115,115,M,83,Juniors,Single-ply,B
DQ,Praneeth Kumar,2003-10-24,KAR,80.60,-185,-185,-210,,,M,83,Juniors,Single-ply,B
1,Mohit,2004-08-28,HAR,90.20,210,,,210,210,M,93,Juniors,Single-ply,B
2,Yogesh,2002-09-06,DEL,92.90,-195,195,-202.5,195,195,M,93,Juniors,Single-ply,B
3,Harshdeep Singh,2006-03-23,PUN,91.06,-185,185,187.5,187.5,187.5,M,93,Juniors,Single-ply,B
4,Shubham,2002-02-03,PUN,90.66,160,170,185,185,185,M,93,Juniors,Single-ply,B
5,Radhe Shyam,2005-05-30,U P,88.90,-162.5,-162.5,175,175,175,M,93,Juniors,Single-ply,B
6,Yogendra Sogarwal,2004-01-11,RAJ,88.06,170,-180,-185,170,170,M,93,Juniors,Single-ply,B
7,Vivek Kantilal Sambhare,2003-07-22,MAH,92.84,-170,-170,170,170,170,M,93,Juniors,Single-ply,B
8,Manas,2003-10-21,CHN,92.24,150,160,-170,160,160,M,93,Juniors,Single-ply,B
9,Aaron Cutinha,2006-06-15,KAR,92.56,-150,150,-172.5,150,150,M,93,Juniors,Single-ply,B
DQ,Dev Pratap Singh Chaturvedi,2006-12-04,M P,91.82,-125,-125,-125,,,M,93,Juniors,Single-ply,B
DQ,Danish Saify,2003-10-31,RAJ,90.40,-190,-200,-200,,,M,93,Juniors,Single-ply,B
1,Nitin #6,2004-08-17,DEL,101.88,-170,170,180,180,180,M,105,Juniors,Single-ply,B
2,Soham Sameer,2006-01-09,MAH,104.36,180,-187.5,,180,180,M,105,Juniors,Single-ply,B
3,Nikhil Jajotar,2003-12-17,RAJ,95.24,155,160,-172.5,160,160,M,105,Juniors,Single-ply,B
4,Tushar Yadav,2003-07-02,U P,96.44,145,150,-152.5,150,150,M,105,Juniors,Single-ply,B
5,Kunal Sandeep Vichare,2003-04-09,MAH,104.12,145,-152.5,-162.5,145,145,M,105,Juniors,Single-ply,B
6,Eby Harris Nishanth G,2002-02-14,T N,93.02,-130,140,-152.5,140,140,M,105,Juniors,Single-ply,B
7,Harshdeep Mahant,2004-07-08,CHN,98.60,-125,-125,130,130,130,M,105,Juniors,Single-ply,B
8,Yash Yadav,2005-02-04,M P,97.09,117.5,-125,-125,117.5,117.5,M,105,Juniors,Single-ply,B
DQ,Mohit Kumar #4,2004-08-15,BIH,103.62,-210,-210,,,,M,105,Juniors,Single-ply,B
1,Chirag Palni,2004-02-24,DEL,114.38,210,-217.5,217.5,217.5,217.5,M,120,Juniors,Single-ply,B
2,Jasveer Singh Bhatia,2004-07-08,MAH,109.40,195,205,210,210,210,M,120,Juniors,Single-ply,B
3,Vishwas Ahlawat,2004-07-23,HAR,112.52,200,-207.5,210,210,210,M,120,Juniors,Single-ply,B
4,Shivam #7,2002-11-14,DEL,119.20,195,-205,-205,195,195,M,120,Juniors,Single-ply,B
5,Thejaksha Poojary,2006-05-13,KAR,112.84,-170,-180,180,180,180,M,120,Juniors,Single-ply,B
6,Arjun,2006-03-14,CHN,109.16,167.5,175,-207.5,175,175,M,120,Juniors,Single-ply,B
7,Lingisetty Siva Nageswararao,2004-05-13,A P,116.54,165,-175,-207.5,165,165,M,120,Juniors,Single-ply,B
8,Nayan Chourasiya,2004-04-08,M P,105.96,115,-117.5,120,120,120,M,120,Juniors,Single-ply,B
9,Sanoop U U,2006-11-15,KER,109.50,-90,90,-95,90,90,M,120,Juniors,Single-ply,B
1,Yash Arya,2005-07-18,DEL,150.00,235,-246,-246,235,235,M,120+,Juniors,Single-ply,B
2,Deepesh Mor,2005-11-12,HAR,135.98,-177.5,-177.5,180,180,180,M,120+,Juniors,Single-ply,B
3,Krishan Vyas,2002-11-22,RAJ,125.72,-175,-175,175,175,175,M,120+,Juniors,Single-ply,B
4,Arjun Vats,2002-10-08,DEL,143.36,160,-220,,160,160,M,120+,Juniors,Single-ply,B
5,Mantej Singh,2006-08-04,PUN,121.06,125,-132.5,-132.5,125,125,M,120+,Juniors,Single-ply,B
DQ,Jitendra Sharma,2005-07-04,RAJ,122.10,-182.5,-182.5,-182.5,,,M,120+,Juniors,Single-ply,B
1,Rashbihari Thakur,1977-04-05,JHA,58.55,70,75,77.5,77.5,77.5,M,59,Masters 1,Single-ply,B
2,Ashesh Pednekar,1976-03-22,MAH,57.00,65,-70,75,75,75,M,59,Masters 1,Single-ply,B
1,Lal Singh,1982-11-01,HAR,65.05,145,150,156,156,156,M,66,Masters 1,Single-ply,B
2,Mahesh Pedamkar,1978-10-31,MAH,65.00,137.5,145,-150,145,145,M,66,Masters 1,Single-ply,B
3,Mohit Singh Sehrawat,1980-12-01,DEL,65.20,130,140,-147.5,140,140,M,66,Masters 1,Single-ply,B
4,Shishir Prajapati,1984-11-20,RAJ,65.40,-130,130,-142.5,130,130,M,66,Masters 1,Single-ply,B
5,Rajesh M K,1978-05-03,KER,63.90,120,-130,-147.5,120,120,M,66,Masters 1,Single-ply,B
6,S Kamlakar,1984-04-22,TEL,65.32,-105,105,-115,105,105,M,66,Masters 1,Single-ply,B
1,S. Tendelu,1976-12-28,M P,72.94,-185,185,-192.5,185,185,M,74,Masters 1,Single-ply,B
2,Pappu,1980-05-09,DEL,74.00,-175,175,-192.5,175,175,M,74,Masters 1,Single-ply,B
3,Bhushan Bait,1981-10-05,MAH,71.90,145,-150,-150,145,145,M,74,Masters 1,Single-ply,B
4,Uttam Singh Rawat,1984-12-02,DEL,72.00,112.5,120,125,125,125,M,74,Masters 1,Single-ply,B
5,Ved Prakash Shukla,1983-05-03,M P,71.00,105,112.5,-117.5,112.5,112.5,M,74,Masters 1,Single-ply,B
6,Brij Mohan,1985-01-30,UTK,72.10,97.5,102.5,-105,102.5,102.5,M,74,Masters 1,Single-ply,B
7,Fayas E A,1985-12-19,KER,70.90,90,-97.5,-97.5,90,90,M,74,Masters 1,Single-ply,B
1,Vali Basha,1984-01-02,KAR,80.20,177.5,190,203,203,203,M,83,Masters 1,Single-ply,B
2,Sandeep Kumar #8,1981-05-08,HAR,82.20,-150,160,-162.5,160,160,M,83,Masters 1,Single-ply,B
3,Sunil Gujrati,1983-10-27,RAJ,79.40,155,-160,-160,155,155,M,83,Masters 1,Single-ply,B
4,Ravindra Salve,1979-12-03,MAH,81.30,155,-162.5,-162.5,155,155,M,83,Masters 1,Single-ply,B
5,Kamayanee Kumar Singh,1976-05-02,JHA,80.20,137.5,-145,-157.5,137.5,137.5,M,83,Masters 1,Single-ply,B
6,Sagar Shankar Patekar,1984-06-02,MAH,79.40,-120,120,130,130,130,M,83,Masters 1,Single-ply,B
7,Pawan Khati,1982-08-11,W B,81.20,120,-130,-130,120,120,M,83,Masters 1,Single-ply,B
1,Nitin Kumar Koli,1984-04-07,M P,92.52,180,190,-198,190,190,M,93,Masters 1,Single-ply,B
2,Venkatesh Prabhu,1981-03-29,KAR,89.14,-170,170,180,180,180,M,93,Masters 1,Single-ply,B
3,Rajeev Sharma #2,1981-01-01,HAR,83.78,-150,160,175,175,175,M,93,Masters 1,Single-ply,B
4,Devendra Mishra,1983-10-20,M P,91.52,172.5,-182.5,-182.5,172.5,172.5,M,93,Masters 1,Single-ply,B
5,Suresh Babu S,1985-11-02,KER,84.56,165,-175,-182.5,165,165,M,93,Masters 1,Single-ply,B
6,Ande Ganesh,1983-08-10,A P,86.72,-145,155,-160,155,155,M,93,Masters 1,Single-ply,B
DQ,Gharjeet Singh,1977-05-07,J&K,90.02,-160,-160,-180,,,M,93,Masters 1,Single-ply,B
1,Satish Kumar #4,1984-04-14,HAR,104.62,190,202.5,-215,202.5,202.5,M,105,Masters 1,Single-ply,B
2,Pradeep Kumar #9,1985-06-11,DEL,104.10,185,190,-195,190,190,M,105,Masters 1,Single-ply,B
3,Naresh Kumar #5,1981-03-07,HAR,94.74,170,177.5,180,180,180,M,105,Masters 1,Single-ply,B
4,Pradeep Jagade,1978-05-23,MAH,98.74,150,-160,165,165,165,M,105,Masters 1,Single-ply,B
5,Bhupendra Soni,1979-09-03,M P,95.02,140,150,162.5,162.5,162.5,M,105,Masters 1,Single-ply,B
6,Mahendra Kumar Chanda,1979-11-19,RAJ,99.02,-160,162.5,-180,162.5,162.5,M,105,Masters 1,Single-ply,B
7,Umesh Raina,1979-03-25,J&K,99.14,160,-167.5,-180,160,160,M,105,Masters 1,Single-ply,B
8,Krishan Kumar,1984-06-03,RAJ,100.72,160,-170,-170,160,160,M,105,Masters 1,Single-ply,B
9,Manish K C,1977-10-08,KER,93.02,140,-150,-150,140,140,M,105,Masters 1,Single-ply,B
1,Prabhu Dayal,1979-01-03,HAR,106.98,-180,-180,190,190,190,M,120,Masters 1,Single-ply,B
2,Gurdeep Singh Bakshi,1982-07-07,HAR,107.82,175,180,-185,180,180,M,120,Masters 1,Single-ply,B
3,Chetan Kapoor,1976-07-19,DEL,110.92,155,165,-175,165,165,M,120,Masters 1,Single-ply,B
4,Mubassir Khan,1976-04-12,MAH,109.50,145,152.5,160,160,160,M,120,Masters 1,Single-ply,B
5,Sachin Tyagi,1985-08-10,DEL,113.64,-155,-155,160,160,160,M,120,Masters 1,Single-ply,B
1,Gopi,1985-03-13,CHN,134.26,190,-210,,190,190,M,120+,Masters 1,Single-ply,B
2,Kuntal Das,1984-07-26,W B,120.56,160,-165,-165,160,160,M,120+,Masters 1,Single-ply,B
3,Prakash Kadlak,1984-08-29,MAH,120.10,102.5,105,,105,105,M,120+,Masters 1,Single-ply,B
1,Ganesh,1968-02-01,KAR,57.50,90,95,-100,95,95,M,59,Masters 2,Single-ply,B
2,Sanjay Billore,1967-09-26,M P,58.80,72.5,82.5,-100,82.5,82.5,M,59,Masters 2,Single-ply,B
3,John Paul Roy K M,1969-01-31,KER,58.30,60,67.5,70,70,70,M,59,Masters 2,Single-ply,B
1,Dattatrya Jadhav,1974-01-31,MAH,66.00,95,100,102.5,102.5,102.5,M,66,Masters 2,Single-ply,B
2,Subasis Sen,1974-11-10,MEG,65.58,80,85,90,90,90,M,66,Masters 2,Single-ply,B
1,Manish Kondra,1973-04-30,MAH,72.14,-152.5,-152.5,152.5,152.5,152.5,M,74,Masters 2,Single-ply,B
2,Radhey Shayam Sen,1975-09-01,M P,72.28,125,-130,130,130,130,M,74,Masters 2,Single-ply,B
3,Rahil Ahmed Sheikh,1973-05-01,RAJ,73.30,-122.5,122.5,127.5,127.5,127.5,M,74,Masters 2,Single-ply,B
4,Mukesh Sharma,1973-09-21,HP,71.50,105,110,115,115,115,M,74,Masters 2,Single-ply,B
5,Surender Verma,1975-02-03,DEL,73.10,-115,-115,115,115,115,M,74,Masters 2,Single-ply,B
1,Vincent Prakash Carlo,1972-01-26,KAR,81.10,185,-192.5,-192.5,185,185,M,83,Masters 2,Single-ply,B
2,Navnath Shinde,1970-10-14,MAH,80.80,135,140,-142.5,140,140,M,83,Masters 2,Single-ply,B
3,Ashok Mate,1972-10-05,MAH,76.30,130,135,-140,135,135,M,83,Masters 2,Single-ply,B
4,Diljith Kk,1969-05-31,KER,77.90,-125,130,-140,130,130,M,83,Masters 2,Single-ply,B
5,Prakash Shripat,1974-03-10,RAJ,79.20,122.5,-127.5,-132.5,122.5,122.5,M,83,Masters 2,Single-ply,B
6,Budda Varaha Ramakrishna,1973-05-23,A P,80.20,-110,110,120,120,120,M,83,Masters 2,Single-ply,B
1,Satyendra Singh Rathore,1975-07-15,RAJ,90.62,165,169,-175,169,169,M,93,Masters 2,Single-ply,B
2,Ravinder Singh #1,1975-12-27,HAR,91.18,-160,160,167.5,167.5,167.5,M,93,Masters 2,Single-ply,B
3,Anand S. Mandia,1971-10-07,DEL,86.02,160,-168.5,-169.5,160,160,M,93,Masters 2,Single-ply,B
4,Annadata Yagna Prasad,1969-09-18,A P,86.26,155,-162.5,-165,155,155,M,93,Masters 2,Single-ply,B
5,Arunachalam Subramanian,1969-11-19,MAH,89.38,137.5,142.5,-145,142.5,142.5,M,93,Masters 2,Single-ply,B
1,Rajinder Singh #4,1974-05-09,DEL,97.08,152.5,160,-170,160,160,M,105,Masters 2,Single-ply,B
2,Deepak Kumar Sharma,1975-07-22,RAJ,93.34,-140,140,-165,140,140,M,105,Masters 2,Single-ply,B
3,Sajid Pv,1973-05-25,KER,93.02,-110,110,,110,110,M,105,Masters 2,Single-ply,B
4,Gulrez Khan,1975-03-12,M P,93.68,-75,75,-80,75,75,M,105,Masters 2,Single-ply,B
DQ,Aurangzeb Khurram Hafiz,1974-11-16,DEL,97.50,-170,-170,,,,M,105,Masters 2,Single-ply,B
1,Jagtap Prashant,1975-02-15,MAH,105.10,130,,,130,130,M,120,Masters 2,Single-ply,B
1,Dhulipalla Ramu,1975-05-12,A P,124.52,115,120,125,125,125,M,120+,Masters 2,Single-ply,B
2,Deepak Sharma,1971-09-30,MAH,132.96,115,-122.5,-127.5,115,115,M,120+,Masters 2,Single-ply,B
1,Lakshmanan D,1958-08-28,T N,58.30,97.5,102.5,-103.5,102.5,102.5,M,59,Masters 3,Single-ply,B
2,Satish Murlidhar Patade,1963-11-11,MAH,57.20,80,87.5,92.5,92.5,92.5,M,59,Masters 3,Single-ply,B
3,Arun Sharma,1962-10-02,DEL,57.20,85,90,-95,90,90,M,59,Masters 3,Single-ply,B
DQ,Kiran Kumar Kangjam,1963-03-01,MAN,47.50,-50,-50,-50,,,M,59,Masters 3,Single-ply,B
1,U Lakshmana,1965-06-06,KAR,65.34,100,105,-107.5,105,105,M,66,Masters 3,Single-ply,B
2,Edachery Mohan Peters,1964-11-26,KER,63.50,70,-80,82.5,82.5,82.5,M,66,Masters 3,Single-ply,B
3,Gopinath Pawar,1956-04-01,MAH,60.00,72.5,77.5,80,80,80,M,66,Masters 3,Single-ply,B
1,Shivaji Bhintade,1965-09-23,MAH,71.20,-105,-105,105,105,105,M,74,Masters 3,Single-ply,B
2,Vinod Satav,1960-06-02,MAH,71.60,80,-85,85,85,85,M,74,Masters 3,Single-ply,B
3,Udai Pratap Singh,1961-12-02,M P,73.40,77.5,85,-87.5,85,85,M,74,Masters 3,Single-ply,B
4,Amitava Das,1962-10-05,W B,72.20,77.5,-82.5,82.5,82.5,82.5,M,74,Masters 3,Single-ply,B
1,Sajeevan K,1961-04-06,KER,76.20,50,55,-60,55,55,M,83,Masters 3,Single-ply,B
1,Nashkar Tandon,1964-12-25,CHT,83.52,65,75,82.5,82.5,82.5,M,93,Masters 3,Single-ply,B
1,Sanjay Saxena,1964-01-01,M P,99.70,120,130,-135,130,130,M,105,Masters 3,Single-ply,B
2,Ajith S Nair,1963-04-28,KER,95.00,110,117.5,-120,117.5,117.5,M,105,Masters 3,Single-ply,B
3,Raj Kumar Khatana,1959-01-01,DEL,93.92,105,110,-112.5,110,110,M,105,Masters 3,Single-ply,B
4,Tapas Kanti Dutta,1956-04-30,W B,97.08,-70,-72.5,72.5,72.5,72.5,M,105,Masters 3,Single-ply,B
1,Sreenivasan K C,1950-08-28,KER,55.70,-65,65,-70,65,65,M,59,Masters 4,Single-ply,B
1,Premachandran Nair Neelakandapillai,1952-04-12,KER,64.25,72.5,-83,83,83,83,M,66,Masters 4,Single-ply,B
1,Nirmal Kumar Saha,1948-03-19,W B,71.20,60,70,75,75,75,M,74,Masters 4,Single-ply,B
1,Inderjit Singh,1954-02-07,JHA,81.30,-117.5,122.5,-128,122.5,122.5,M,83,Masters 4,Single-ply,B
2,Om Singh Chouhan,1954-06-10,RAJ,76.60,70,-75,77.5,77.5,77.5,M,83,Masters 4,Single-ply,B
3,Uthama Kumar,1954-08-28,KER,79.90,-65,65,-77.5,65,65,M,83,Masters 4,Single-ply,B
1,Jagdish Singh,1955-06-15,CHN,88.92,90,97.5,102,102,102,M,93,Masters 4,Single-ply,B
2,Hari Gopal Thanvi,1955-08-10,RAJ,83.02,55,60,62.5,62.5,62.5,M,93,Masters 4,Single-ply,B
1,Ashok Dubey,1950-08-22,M P,93.76,57.5,-60,60,60,60,M,105,Masters 4,Single-ply,B
1,Komal Kumari,1993-12-31,HAR,63.50,42.5,45,-50,45,45,F,69,Differently Abled,Raw,B
1,Parmar Ashok Kumar,1986-09-20,GUJ,58.20,90,100,105,105,105,M,59,Differently Abled,Raw,B
2,Parshika Pandu Raju,2006-01-16,TEL,54.40,80,90,102.5,102.5,102.5,M,59,Differently Abled,Raw,B
3,Arjun Solanki,2004-08-26,RAJ,44.60,92.5,97.5,-105,97.5,97.5,M,59,Differently Abled,Raw,B
4,Vivek Kamble,1983-11-14,MAH,57.30,65,67.5,75,75,75,M,59,Differently Abled,Raw,B
5,Harish Baburao Alhat,1972-12-16,MAH,59.00,45,50,65,65,65,M,59,Differently Abled,Raw,B
6,Sahil Kumar,2006-07-15,CHT,52.60,25,30,-32.5,30,30,M,59,Differently Abled,Raw,B
1,Krushna Argade,2002-09-21,MAH,65.60,102.5,110,115,115,115,M,66,Differently Abled,Raw,B
2,Chandan Kumar,1976-12-26,DEL,63.50,95,102.5,-105,102.5,102.5,M,66,Differently Abled,Raw,B
3,Kishan Lal,1995-02-11,CHT,65.30,75,-80,-80,75,75,M,66,Differently Abled,Raw,B
4,Tikam Singh Sori,1995-11-01,CHT,59.30,45,-50,50,50,50,M,66,Differently Abled,Raw,B
1,Jaipal Rajaram,1988-10-08,MAH,73.60,80,90,95,95,95,M,74,Differently Abled,Raw,B
2,Roshan Alva,2001-01-05,KAR,69.60,55,70,-90,70,70,M,74,Differently Abled,Raw,B
1,Sanoj Rathore,1992-04-15,DEL,83.00,100,107.5,-110,107.5,107.5,M,83,Differently Abled,Raw,B
2,Sunil Lahane,1988-04-02,MAH,80.20,55,65,75,75,75,M,83,Differently Abled,Raw,B
1,Dev,2006-08-16,HAR,87.90,80,95,105,105,105,M,93,Differently Abled,Raw,B
2,Ashish Bilghenga,1978-10-01,M P,93.00,70,80,-90,80,80,M,93,Differently Abled,Raw,B
1,Prakash Gajra,1977-05-06,MAH,93.10,110,115,117.5,117.5,117.5,M,105,Differently Abled,Raw,B
1,Krushna Pawar,2010-09-18,MAH,51.00,40,47.5,-52.5,47.5,47.5,F,52,Blind Athletes,Raw,B
2,Pratibha Kadam,2000-05-27,MAH,52.00,-20,20,-22.5,20,20,F,52,Blind Athletes,Raw,B
1,Saiprasad Jadhav,2009-07-03,MAH,40.00,20,25,30,30,30,M,59,Blind Athletes,Raw,B
1,Sumeet Salve,2005-09-17,MAH,70.30,40,-50,50,50,50,M,74,Blind Athletes,Raw,B
2,Aniket Paitwar,1998-04-08,MAH,73.00,-25,25,27.5,27.5,27.5,M,74,Blind Athletes,Raw,B
1,Aditya Gaikwad,2002-09-21,MAH,80.51,40,50,55,55,55,M,83,Blind Athletes,Raw,B
1,Raosaheb Dharne,1992-02-10,MAH,86.50,55,65,75,75,75,M,93,Blind Athletes,Raw,B
2,Sagar Nilkanth Padole,2008-12-08,VID,91.00,40,45,50,50,50,M,93,Blind Athletes,Raw,B
1,Uday Bhandari,1997-12-04,MAH,93.50,50,-60,70,70,70,M,105,Blind Athletes,Raw,B
1,Amruta Bhagat,2001-10-03,MAH,46.90,52.5,57.5,-60,57.5,57.5,F,47,Open,Raw,B
2,Riya Kanwar,2000-01-01,JHA,46.58,50,-55,-55,50,50,F,47,Open,Raw,B
3,Neha Kujur,1999-08-29,M P,46.38,42.5,-45,45,45,45,F,47,Open,Raw,B
4,Sonima K B,1986-05-30,KER,46.70,37.5,42.5,-45,42.5,42.5,F,47,Open,Raw,B
5,Deeksha Yadav,2001-04-17,U P,46.84,32.5,35,-72.5,35,35,F,47,Open,Raw,B
DQ,Dharini Joshi,2000-02-01,CHT,46.38,-30,-30,-30,,,F,47,Open,Raw,B
1,Savita Kumari #2,1983-12-12,DEL,51.72,75,82.5,-86,82.5,82.5,F,52,Open,Raw,B
2,Soniya Kaithwas,2000-06-07,M P,51.70,67.5,70,-75,70,70,F,52,Open,Raw,B
3,Priyanka Bindal,1999-03-31,UTK,49.90,-60,60,-62.5,60,60,F,52,Open,Raw,B
4,Manisha Sharma,1994-08-01,U P,51.70,50,55,-62.5,55,55,F,52,Open,Raw,B
5,Kiran Bai Gurjar,2000-05-15,RAJ,49.80,50,52.5,-55,52.5,52.5,F,52,Open,Raw,B
6,Simran Kaur,2000-04-25,DEL,51.10,50,52.5,-55,52.5,52.5,F,52,Open,Raw,B
7,Rubi Singh,1996-01-09,U P,49.60,42.5,-45,-45,42.5,42.5,F,52,Open,Raw,B
8,Nidhi Agrawal,1997-09-08,HAR,51.50,40,-45,-45,40,40,F,52,Open,Raw,B
1,Ramandeep Kaur Sachdeva,1998-11-08,DEL,54.00,70,-75,75,75,75,F,57,Open,Raw,B
2,Neha Bahu,1995-10-07,J&K,56.10,70,-77.5,-77.5,70,70,F,57,Open,Raw,B
3,Nitisha Bhargava,1998-07-05,UTK,56.36,65,67.5,-70,67.5,67.5,F,57,Open,Raw,B
4,Srinja Mitra,2001-08-06,W B,55.56,57.5,62.5,-67.5,62.5,62.5,F,57,Open,Raw,B
5,Riteeka Singh,1998-04-28,JHA,55.82,60,62.5,-67.5,62.5,62.5,F,57,Open,Raw,B
6,Anjuman Singh,1997-11-10,U P,56.34,-62.5,62.5,-67.5,62.5,62.5,F,57,Open,Raw,B
7,Anjani Bari,1998-06-19,JHA,57.00,60,62.5,-65,62.5,62.5,F,57,Open,Raw,B
8,Pista Bai Gurjar,1997-07-01,RAJ,52.30,57.5,60,-67.5,60,60,F,57,Open,Raw,B
9,Khushbu Sahariya,1998-02-16,M P,54.94,52.5,57.5,-60,57.5,57.5,F,57,Open,Raw,B
10,Sanjana Thamke,2000-08-28,MAH,54.90,55,-60,-60,55,55,F,57,Open,Raw,B
11,Arya S Kumar,1995-05-30,KER,55.56,55,-57.5,-57.5,55,55,F,57,Open,Raw,B
12,Suchitra Behera,1988-02-19,ODI,55.92,-50,50,55,55,55,F,57,Open,Raw,B
13,Saroja Thota,1996-06-07,A P,53.66,52.5,-55,-57.5,52.5,52.5,F,57,Open,Raw,B
14,Ashana Zagade,1994-07-29,MAH,55.20,50,-55,-55,50,50,F,57,Open,Raw,B
15,Monika Kashyap,2002-05-17,RAJ,54.62,45,-47.5,-47.5,45,45,F,57,Open,Raw,B
16,Poulami Bhattacharya Roy,1987-04-20,UTK,56.08,32.5,35,37.5,37.5,37.5,F,57,Open,Raw,B
17,Lalita,1996-02-24,HP,52.03,25,-27.5,-27.5,25,25,F,57,Open,Raw,B
1,Maya Kanwar,1999-04-18,RAJ,60.66,85,87.5,-92.5,87.5,87.5,F,63,Open,Raw,B
2,Jyoti Singh #1,1997-01-01,U P,61.85,80,85,-90,85,85,F,63,Open,Raw,B
3,Sushmita Shakya,2001-08-17,M P,62.10,75,80,-82.5,80,80,F,63,Open,Raw,B
4,Rani Kumari,1994-04-06,JHA,62.70,72.5,-77.5,,72.5,72.5,F,63,Open,Raw,B
5,Sakshi Narang,1989-07-22,HAR,62.86,70,72.5,-77.5,72.5,72.5,F,63,Open,Raw,B
6,Rajneet Kaur,1989-12-02,CHN,61.54,65,70,-77.5,70,70,F,63,Open,Raw,B
7,Mukta Phatak,1999-02-10,MAH,61.88,60,65,-67.5,65,65,F,63,Open,Raw,B
8,Pooja Gujrati,1985-01-04,RAJ,62.70,55,60,-62.5,60,60,F,63,Open,Raw,B
9,Nikki Kumari,1996-08-20,BIH,63.00,47.5,52.5,57.5,57.5,57.5,F,63,Open,Raw,B
10,Jancy T P,1996-02-15,KER,61.86,40,45,-50,45,45,F,63,Open,Raw,B
DQ,Pooja Mishra,1991-08-03,TEL,61.54,-60,-65,-65,,,F,63,Open,Raw,B
1,Shama Parveen #1,1997-05-10,DEL,68.48,82.5,90,97.5,97.5,97.5,F,69,Open,Raw,B
2,Zara Siddiqui,1991-01-01,A P,67.00,-87.5,-95,95,95,95,F,69,Open,Raw,B
3,Sudha Kumari,1979-01-06,BIH,66.00,85,92.5,-97.5,92.5,92.5,F,69,Open,Raw,B
4,Nidhi Sharma,1991-07-01,M P,65.60,72.5,80,-85,80,80,F,69,Open,Raw,B
5,Preeti Yadav,1991-07-05,DEL,67.90,-77.5,-77.5,77.5,77.5,77.5,F,69,Open,Raw,B
6,Ranjana,1992-07-01,UTK,69.00,-65,65,72.5,72.5,72.5,F,69,Open,Raw,B
7,Larisha W Momin Momin,1992-10-18,MEG,64.80,-65,65,-70,65,65,F,69,Open,Raw,B
8,B Ashwini,1993-07-16,KAR,63.48,60,-65,-65,60,60,F,69,Open,Raw,B
9,Yumkhaibam Fagilatun,1993-03-21,MAN,69.00,-47.5,55,-57.5,55,55,F,69,Open,Raw,B
10,Devapooja Mamatha,1996-06-30,TEL,68.20,-45,45,-50,45,45,F,69,Open,Raw,B
DQ,Khaidem Marina Ross,1986-03-01,MAN,67.72,-40,,,,,F,69,Open,Raw,B
DQ,Shila Bai,1990-01-01,HAR,67.70,-60,-60,-67.5,,,F,69,Open,Raw,B
1,Meghna Banga,1974-12-31,DEL,74.30,87.5,92.5,95,95,95,F,76,Open,Raw,B
2,Ayushi Agrawal,1995-04-24,M P,75.54,85,90,92.5,92.5,92.5,F,76,Open,Raw,B
3,Thilagavathi Sivaprakasam,1986-07-25,T N,73.24,80,-82.5,-82.5,80,80,F,76,Open,Raw,B
4,Thangjam Leima Chanu,1994-02-16,MAN,70.50,77.5,-82.5,-82.5,77.5,77.5,F,76,Open,Raw,B
5,Sheelam Shingh,1988-09-08,U P,75.38,-75,77.5,-82.5,77.5,77.5,F,76,Open,Raw,B
DQ,Naufida Danie,1986-02-22,KER,73.18,-50,-55,-55,,,F,76,Open,Raw,B
DQ,Barbie Kapoor,1995-01-23,HAR,72.86,-80,-80,-80,,,F,76,Open,Raw,B
1,Sanhita Mallick,1986-11-26,MAH,83.64,97.5,103,,103,103,F,84,Open,Raw,B
2,Jaspal Kaur,1991-07-05,PUN,82.42,80,90,-92.5,90,90,F,84,Open,Raw,B
3,Meghna Lowalekar,1986-08-28,TEL,82.92,75,80,-82.5,80,80,F,84,Open,Raw,B
4,Swati Singh Chauhan,1999-04-18,DEL,78.14,62.5,67.5,70,70,70,F,84,Open,Raw,B
5,Monica Sathish,1993-12-20,T N,81.74,55,57.5,60,60,60,F,84,Open,Raw,B
DQ,Keerthana Nagendra,1994-02-14,KAR,83.48,-85,-85,-85,,,F,84,Open,Raw,B
DQ,Shinjini Sen,1991-07-29,HAR,83.20,-47.5,-55,-55,,,F,84,Open,Raw,B
1,Shivani Yadav,2000-08-08,HAR,110.20,82.5,87.5,90,90,90,F,84+,Open,Raw,B
2,Ridhi Pandey,1996-09-16,M P,97.16,80,87.5,-90,87.5,87.5,F,84+,Open,Raw,B
3,Priya Mittal,1994-08-23,UTK,90.40,77.5,85,-90,85,85,F,84+,Open,Raw,B
4,Bhavna Sharma,1992-12-01,M P,94.14,77.5,-82.5,-87.5,77.5,77.5,F,84+,Open,Raw,B
5,Changgamayum Hemingta Devi,1998-03-19,MAN,127.82,-62.5,-70,70,70,70,F,84+,Open,Raw,B
6,Pratiksha Poojary,1988-08-15,MAH,95.42,62.5,67.5,-72.5,67.5,67.5,F,84+,Open,Raw,B
7,Manisha Prajapat,1992-06-03,RAJ,96.00,60,-67.5,67.5,67.5,67.5,F,84+,Open,Raw,B
8,Suchi Nirman,1993-10-26,HAR,91.66,60,65,-70,65,65,F,84+,Open,Raw,B
1,Gayathri K,2007-03-04,T N,41.54,40,42.5,45,45,45,F,43,Sub-Juniors,Raw,B
2,Jhilmil,2011-03-11,U P,42.24,40,45,-47.5,45,45,F,43,Sub-Juniors,Raw,B
3,Meenakshi Ravi,2008-09-26,KER,40.68,37.5,40,-42.5,40,40,F,43,Sub-Juniors,Raw,B
4,Dhanushree Jatav,2012-12-15,M P,39.25,35,-37.5,37.5,37.5,37.5,F,43,Sub-Juniors,Raw,B
5,Rinki Rawat,2008-03-27,RAJ,41.94,37.5,-40,-40,37.5,37.5,F,43,Sub-Juniors,Raw,B
6,Smriti,2011-05-29,HP,39.56,25,30,-32.5,30,30,F,43,Sub-Juniors,Raw,B
7,Neha Kumari,,HAR,41.80,27.5,30,-40,30,30,F,43,Sub-Juniors,Raw,B
8,Jais Masih,2007-10-27,M P,42.94,25,-30,-30,25,25,F,43,Sub-Juniors,Raw,B
1,Akshda Bhagwat,2011-09-27,M P,46.72,55,60,62.5,62.5,62.5,F,47,Sub-Juniors,Raw,B
2,Jyoti Yadav,2011-10-01,U P,46.80,40,45,47.5,47.5,47.5,F,47,Sub-Juniors,Raw,B
3,Mirza Fathima,2010-04-15,KER,45.00,-45,45,-50,45,45,F,47,Sub-Juniors,Raw,B
4,Kashish Chandok,2008-04-24,M P,46.10,30,35,-37.5,35,35,F,47,Sub-Juniors,Raw,B
5,Khumukcham Luwanganbi,2010-03-09,MAN,46.50,25,27.5,,27.5,27.5,F,47,Sub-Juniors,Raw,B
1,Madhura Kar,2008-12-21,W B,50.00,62.5,-65.5,-65.5,62.5,62.5,F,52,Sub-Juniors,Raw,B
2,Khushbu,2009-03-12,UTK,51.28,45,55,57.5,57.5,57.5,F,52,Sub-Juniors,Raw,B
3,Simran,2007-12-12,UTK,52.00,-52.5,52.5,-55,52.5,52.5,F,52,Sub-Juniors,Raw,B
4,Tapasya Mate,2009-02-26,MAH,52.00,47.5,50,-55,50,50,F,52,Sub-Juniors,Raw,B
5,Sneha,,U P,51.40,40,45,-47.5,45,45,F,52,Sub-Juniors,Raw,B
6,Vaishnavi Gangavne,2007-05-03,MAH,52.00,42.5,-47.5,-52.5,42.5,42.5,F,52,Sub-Juniors,Raw,B
7,Deepika F,2009-07-03,KAR,49.92,30,40,-55,40,40,F,52,Sub-Juniors,Raw,B
8,Simran,2012-01-25,HP,48.60,30,-35,-35,30,30,F,52,Sub-Juniors,Raw,B
1,Akanksha Kumawat,2007-03-07,RAJ,56.58,65,72.5,77.5,77.5,77.5,F,57,Sub-Juniors,Raw,B
2,Anshika Bhagwat,2010-03-15,M P,54.26,70,-72.5,-72.5,70,70,F,57,Sub-Juniors,Raw,B
3,Isha Jangra,2008-07-14,HAR,56.98,57.5,-62.5,-62.5,57.5,57.5,F,57,Sub-Juniors,Raw,B
4,Devika A,2008-03-11,KER,56.85,50,55,-57.5,55,55,F,57,Sub-Juniors,Raw,B
5,Sayali Sawant,2008-08-06,MAH,55.10,45,47.5,-52.5,47.5,47.5,F,57,Sub-Juniors,Raw,B
6,Avantika,2008-02-12,U P,56.30,40,-45,45,45,45,F,57,Sub-Juniors,Raw,B
7,Mushkan Mourya,2009-02-10,HAR,52.10,25,27.5,-35,27.5,27.5,F,57,Sub-Juniors,Raw,B
1,Swati,2012-12-27,DEL,63.00,67.5,70,-72.5,70,70,F,63,Sub-Juniors,Raw,B
2,Dhwanie Arora,2009-09-15,MAH,61.00,50,52.5,55,55,55,F,63,Sub-Juniors,Raw,B
3,Advika Gupta,2008-02-22,DEL,57.98,-50,-50,52.5,52.5,52.5,F,63,Sub-Juniors,Raw,B
4,Jinal Gujrati,2011-02-02,RAJ,57.88,45,-50,50,50,50,F,63,Sub-Juniors,Raw,B
5,Triveni Silawat,2007-10-14,M P,58.76,45,-50,50,50,50,F,63,Sub-Juniors,Raw,B
6,Thota Rashmi,2007-08-18,KAR,62.96,40,45,47.5,47.5,47.5,F,63,Sub-Juniors,Raw,B
DQ,Saloni Kumari,2009-12-05,BIH,63.00,-50,-50,-52.5,,,F,63,Sub-Juniors,Raw,B
DQ,Sneha Chouhan,2007-09-06,M P,57.94,-45,-45,-47.5,,,F,63,Sub-Juniors,Raw,B
1,Ishu Lakra,2007-04-08,DEL,63.40,72.5,80,85,85,85,F,69,Sub-Juniors,Raw,B
2,Radhika Sharma,2009-01-06,J&K,66.84,67.5,72.5,-75,72.5,72.5,F,69,Sub-Juniors,Raw,B
3,Kalyani Waghmare,2007-11-28,MAH,67.00,55,62.5,-67.5,62.5,62.5,F,69,Sub-Juniors,Raw,B
4,Gia Aliya Biju,2008-03-11,MAH,63.52,47.5,52.5,55,55,55,F,69,Sub-Juniors,Raw,B
5,Sagun,2010-12-16,U P,63.90,55,-57.5,-65,55,55,F,69,Sub-Juniors,Raw,B
6,Kajal Barsa,2008-09-23,RAJ,65.36,45,47.5,52.5,52.5,52.5,F,69,Sub-Juniors,Raw,B
1,Annu Hooda,2008-07-06,HAR,69.10,60,-70,-70,60,60,F,76,Sub-Juniors,Raw,B
2,Niharika,2007-07-25,RAJ,74.42,55,-60,-62.5,55,55,F,76,Sub-Juniors,Raw,B
3,Mamata Hadipa,2007-09-10,ODI,75.80,-55,-55,55,55,55,F,76,Sub-Juniors,Raw,B
DQ,Riya Kanwar Shekhawat,2007-04-04,RAJ,75.65,-57.5,-57.5,-57.5,,,F,76,Sub-Juniors,Raw,B
1,Sathvi P Salian,2008-03-08,KAR,82.24,60,62.5,65,65,65,F,84,Sub-Juniors,Raw,B
2,Anshika Jaiswal,2009-09-11,U P,82.68,55,60,-62.5,60,60,F,84,Sub-Juniors,Raw,B
3,Riya Loach,2010-01-07,J&K,77.80,55,-57.5,-57.5,55,55,F,84,Sub-Juniors,Raw,B
4,Manmeet Kaur,2007-11-18,PUN,82.02,-52.5,52.5,55,55,55,F,84,Sub-Juniors,Raw,B
5,Manvi Yadav,2008-07-06,RAJ,79.80,45,-55,-55,45,45,F,84,Sub-Juniors,Raw,B
6,Meenakshi,2012-03-06,HAR,79.06,-22.5,22.5,30,30,30,F,84,Sub-Juniors,Raw,B
1,Hemangi Mestry,2009-11-08,MAH,84.20,57.5,-62.5,62.5,62.5,62.5,F,84+,Sub-Juniors,Raw,B
2,Aardhya Shukla,2013-06-10,U P,99.06,52.5,57.5,-60,57.5,57.5,F,84+,Sub-Juniors,Raw,B
3,Aditi Mane,2010-12-19,MAH,90.30,42.5,47.5,50,50,50,F,84+,Sub-Juniors,Raw,B
4,Anayada Bee,2011-05-27,M P,93.72,40,45,-50,45,45,F,84+,Sub-Juniors,Raw,B
1,Kayenpaibam Velena Devi,2006-02-05,MAN,42.50,42.5,47.5,-50,47.5,47.5,F,43,Juniors,Raw,B
2,Pallavi Atikeri,2003-12-17,A P,43.00,37.5,40,-42.5,40,40,F,43,Juniors,Raw,B
3,Mushkan Rawat,2005-04-11,M P,43.00,-30,30,37.5,37.5,37.5,F,43,Juniors,Raw,B
1,Saloni,2003-03-20,DEL,46.34,57.5,60,-65,60,60,F,47,Juniors,Raw,B
2,Keyaa Kunal Banerji,2005-02-16,HAR,46.46,47.5,-50,-50,47.5,47.5,F,47,Juniors,Raw,B
3,Pooja Poojary,2002-02-10,KAR,46.00,40,42.5,45,45,45,F,47,Juniors,Raw,B
4,Akanksha Kumari,2004-03-07,M P,43.38,37.5,-40,40,40,40,F,47,Juniors,Raw,B
5,Akanksha Singh,2004-08-06,U P,47.00,35,37.5,-40,37.5,37.5,F,47,Juniors,Raw,B
6,Philarisa Kharkrang,2006-12-01,MEG,44.30,35,-37.5,-37.5,35,35,F,47,Juniors,Raw,B
DQ,Priya Bhagat,2004-11-01,MAH,47.00,-52.5,-52.5,-52.5,,,F,47,Juniors,Raw,B
1,Nancy Jatav,2006-12-21,M P,50.90,57.5,60,62.5,62.5,62.5,F,52,Juniors,Raw,B
2,Maibam Gulubi,2004-03-19,MAN,51.30,50,55,57.5,57.5,57.5,F,52,Juniors,Raw,B
3,Shamitha M,2002-12-08,KAR,52.00,55,57.5,-62.5,57.5,57.5,F,52,Juniors,Raw,B
4,Aashkaa Das,2002-06-08,KAR,51.00,50,52.5,-55,52.5,52.5,F,52,Juniors,Raw,B
5,Khushi #2,2002-02-13,PUN,50.88,35,42.5,-45,42.5,42.5,F,52,Juniors,Raw,B
6,Malar Vizhi L,2006-09-20,T N,51.25,37.5,42.5,-50,42.5,42.5,F,52,Juniors,Raw,B
7,Sudha,2003-08-05,HAR,52.00,35,42.5,-57.5,42.5,42.5,F,52,Juniors,Raw,B
1,Shubhangi Sharma,2002-08-27,M P,55.14,70,72.5,-76,72.5,72.5,F,57,Juniors,Raw,B
2,Kairviutkarshinee Singh,2005-08-17,U P,55.14,65,67.5,70,70,70,F,57,Juniors,Raw,B
3,Gitika Vishnoi,2003-09-20,RAJ,55.62,67.5,-70,-70,67.5,67.5,F,57,Juniors,Raw,B
4,Mantasa Parween,2005-08-27,JHA,56.98,60,-65,-70,60,60,F,57,Juniors,Raw,B
5,Komal Verma,2002-08-07,DEL,54.66,-57.5,57.5,-62.5,57.5,57.5,F,57,Juniors,Raw,B
6,Khushbu,2002-08-04,CHN,55.85,52.5,55,-60,55,55,F,57,Juniors,Raw,B
7,Biswarupa Nayak,2002-09-17,ODI,53.06,52.5,-60,-60,52.5,52.5,F,57,Juniors,Raw,B
8,Janvi Sonkar,2005-10-11,M P,55.84,50,52.5,-55,52.5,52.5,F,57,Juniors,Raw,B
DQ,Diya Roy,2003-01-25,W B,55.96,-62.5,-62.5,-62.5,,,F,57,Juniors,Raw,B
1,Sejal Gupta,2002-06-27,U P,61.38,82.5,87.5,-91,87.5,87.5,F,63,Juniors,Raw,B
2,Raveena,2002-08-15,DEL,62.86,-80,-87.5,87.5,87.5,87.5,F,63,Juniors,Raw,B
3,Roshni Pandey,2002-12-07,DEL,63.00,82.5,-87.5,-87.5,82.5,82.5,F,63,Juniors,Raw,B
4,Tanvi Shinde,2003-09-02,MAH,62.16,67.5,70,72.5,72.5,72.5,F,63,Juniors,Raw,B
5,Vanshika Patidar,2003-09-29,M P,62.00,65,67.5,-70,67.5,67.5,F,63,Juniors,Raw,B
6,Gracy Prajapat,2006-01-03,RAJ,61.58,-55,55,62.5,62.5,62.5,F,63,Juniors,Raw,B
7,Munuren Sanga,2002-06-20,JHA,60.98,60,-65,-65,60,60,F,63,Juniors,Raw,B
8,Dhisha Mohan,2006-04-26,KAR,63.00,-57.5,57.5,-62.5,57.5,57.5,F,63,Juniors,Raw,B
9,Sinam Christina Devi,2002-09-25,MAN,63.00,-47.5,47.5,-50,47.5,47.5,F,63,Juniors,Raw,B
10,Kausalya Radharani,2002-02-08,ODI,62.46,40,-42.5,-42.5,40,40,F,63,Juniors,Raw,B
1,Ruthra R,2004-02-12,T N,67.80,95,100,-103,100,100,F,69,Juniors,Raw,B
2,Samiksha Mankumare,2006-01-01,MAH,67.48,75,77.5,80,80,80,F,69,Juniors,Raw,B
3,Jayalakshmi Acharya,2004-05-10,KAR,68.10,75,80,-82.5,80,80,F,69,Juniors,Raw,B
4,Harmanpreet Kaur,2005-06-05,CHN,65.48,67.5,75,77.5,77.5,77.5,F,69,Juniors,Raw,B
5,Tanu Shukla,2005-12-18,RAJ,66.98,-65,-65,65,65,65,F,69,Juniors,Raw,B
6,Niveditha Antony,2006-03-24,KER,67.40,60,65,-70,65,65,F,69,Juniors,Raw,B
7,Kripa P Babu,2004-09-02,KER,68.20,60,-65,65,65,65,F,69,Juniors,Raw,B
8,Harshita Sharma,2005-12-30,J&K,68.30,65,-70,-70,65,65,F,69,Juniors,Raw,B
9,Priyanshi Kataria,2006-02-25,HAR,69.00,55,-57.5,57.5,57.5,57.5,F,69,Juniors,Raw,B
10,Tejaswani Delwar,2004-08-16,M P,65.80,50,55,-60,55,55,F,69,Juniors,Raw,B
11,Mansi Singla,2005-10-15,CHN,67.40,50,55,-60,55,55,F,69,Juniors,Raw,B
1,Shivani Langeh,2004-05-21,J&K,75.82,97.5,-102.5,102.5,102.5,102.5,F,76,Juniors,Raw,B
2,Ruhani Rawal,2002-08-14,MAH,70.60,70,77.5,80,80,80,F,76,Juniors,Raw,B
3,Sejal Moikar,2002-09-28,MAH,72.48,70,75,77.5,77.5,77.5,F,76,Juniors,Raw,B
4,Achshah R M,2003-09-08,KER,74.74,-77.5,77.5,-80,77.5,77.5,F,76,Juniors,Raw,B
5,Pooja Jawa,2002-05-03,RAJ,75.20,67.5,72.5,-75,72.5,72.5,F,76,Juniors,Raw,B
6,Ananya Anindita Giri,2004-01-08,ODI,75.84,70,-75,-77.5,70,70,F,76,Juniors,Raw,B
7,Soumya Singh,2006-09-03,U P,75.68,67.5,-70,-70,67.5,67.5,F,76,Juniors,Raw,B
8,Chhavi Rana,2006-04-01,HAR,74.34,65,-70,-70,65,65,F,76,Juniors,Raw,B
9,Sakshi,2005-08-03,HAR,72.40,-55,-55,57.5,57.5,57.5,F,76,Juniors,Raw,B
10,Alisha Kumari,2003-01-01,JHA,75.86,52.5,-57.5,57.5,57.5,57.5,F,76,Juniors,Raw,B
11,Minakshi Tandan,2006-09-20,CHT,75.48,40,45,-50,45,45,F,76,Juniors,Raw,B
12,Mariya Deepa A,2004-05-14,T N,73.08,-30,-30,30,30,30,F,76,Juniors,Raw,B
13,Waikhom Benita Chanu,2004-12-16,MAN,75.54,25,27.5,-30,27.5,27.5,F,76,Juniors,Raw,B
DQ,Khushi Jindal,2005-07-22,PUN,73.96,-65,-67.5,-67.5,,,F,76,Juniors,Raw,B
1,Shikha Sangwan,2004-10-04,HAR,81.60,92.5,97.5,-103,97.5,97.5,F,84,Juniors,Raw,B
2,Tanisha Kapoor,2002-01-09,DEL,82.03,75,77.5,-80,77.5,77.5,F,84,Juniors,Raw,B
3,Muskan Shaikh,2003-01-13,MAH,76.24,70,-75,-75,70,70,F,84,Juniors,Raw,B
4,Juhi Chhangani,2004-12-27,RAJ,81.02,60,67.5,-72.5,67.5,67.5,F,84,Juniors,Raw,B
5,Brahmacharimayum Nimi Chanu,2005-07-09,MAN,80.30,60,65,-72.5,65,65,F,84,Juniors,Raw,B
6,Karuna Prabhu,2004-10-11,KAR,81.94,55,57.5,62.5,62.5,62.5,F,84,Juniors,Raw,B
7,Pooja Solanki,2003-09-26,M P,82.92,62.5,-67.5,-67.5,62.5,62.5,F,84,Juniors,Raw,B
8,Pragya Upadhyay,2005-06-23,U P,77.48,45,50,-55,50,50,F,84,Juniors,Raw,B
1,Akanksha Parida,2006-08-27,ODI,104.02,87.5,-95,95,95,95,F,84+,Juniors,Raw,B
2,Prerna Rai,2003-11-21,DEL,93.40,85,87.5,-90,87.5,87.5,F,84+,Juniors,Raw,B
3,Musham Divya Manaswini,2003-09-11,TEL,135.06,75,80,82.5,82.5,82.5,F,84+,Juniors,Raw,B
4,Prithi Siva Pichammal R,2003-07-14,T N,91.86,65,67.5,70,70,70,F,84+,Juniors,Raw,B
5,Radha Gaur,2002-09-02,U P,92.42,-60,60,62.5,62.5,62.5,F,84+,Juniors,Raw,B
6,Jarusha Jasmine Nathaniel,2004-02-28,M P,100.20,52.5,57.5,60,60,60,F,84+,Juniors,Raw,B
7,Ningthoujam Bidiyarani Devi,2004-04-01,MAN,84.11,52.5,57.5,-65,57.5,57.5,F,84+,Juniors,Raw,B
8,Tanvi Surve,2003-12-04,MAH,88.74,50,55,-57.5,55,55,F,84+,Juniors,Raw,B
9,Shatakshi Sharma Tamrakar,2006-09-23,RAJ,85.06,40,45,50,50,50,F,84+,Juniors,Raw,B
10,Kamaljot Kaur,2006-10-31,PUN,91.50,45,47.5,50,50,50,F,84+,Juniors,Raw,B
11,Chandni,2005-10-17,RAJ,90.04,45,-50,-50,45,45,F,84+,Juniors,Raw,B
1,Hetal Galia,1983-03-24,MAH,46.88,45,47.5,50,50,50,F,47,Masters 1,Raw,B
1,Chanda Ojha,1979-03-15,VID,51.70,62.5,70,-72.5,70,70,F,52,Masters 1,Raw,B
2,Preeti Raina,1980-01-01,M P,51.10,45,-50,50,50,50,F,52,Masters 1,Raw,B
3,Vidya Thennira Kuttappa,1978-01-04,KAR,51.20,37.5,40,-42.5,40,40,F,52,Masters 1,Raw,B
4,Ritu Choudhary,1976-06-01,DEL,51.70,35,40,-42.5,40,40,F,52,Masters 1,Raw,B
1,Sharvari Inamdar,1983-02-21,MAH,55.16,70,-75,75,75,75,F,57,Masters 1,Raw,B
2,Vinita Jain,1983-10-11,TEL,56.30,55,60,-65,60,60,F,57,Masters 1,Raw,B
3,Bhavana Motwani,1982-08-02,KAR,55.10,50,-52.5,-52.5,50,50,F,57,Masters 1,Raw,B
4,Chandan Tripathi,1976-09-04,M P,56.10,42.5,45,50,50,50,F,57,Masters 1,Raw,B
5,Seema,1980-07-04,U P,54.02,37.5,42.5,-52.5,42.5,42.5,F,57,Masters 1,Raw,B
1,Dipti Doshi,1976-11-02,MAH,61.68,75,-80,-80,75,75,F,63,Masters 1,Raw,B
2,Kavita Gupta,1976-11-02,M P,62.45,60,67.5,72.5,72.5,72.5,F,63,Masters 1,Raw,B
3,Deepika Garg,1984-03-31,DEL,61.94,67.5,70,-72.5,70,70,F,63,Masters 1,Raw,B
4,Nikita Batra,1978-08-14,GUJ,62.80,52.5,-57.5,-57.5,52.5,52.5,F,63,Masters 1,Raw,B
5,Damayanti Batria,1983-06-17,ODI,59.98,47.5,-52.5,-52.5,47.5,47.5,F,63,Masters 1,Raw,B
1,Puja Kumari,1985-04-02,M P,68.50,75,80,-85,80,80,F,69,Masters 1,Raw,B
2,Greeshma Bernad,1976-07-07,KAR,67.40,60,65,67.5,67.5,67.5,F,69,Masters 1,Raw,B
3,Geeta Kshirsagar,1981-12-24,MAH,66.30,57.5,62.5,-65,62.5,62.5,F,69,Masters 1,Raw,B
4,Anita Rathi,1982-04-04,RAJ,66.70,52.5,57.5,-65,57.5,57.5,F,69,Masters 1,Raw,B
5,Jyoti Chouhan,1984-04-19,RAJ,65.40,-55,55,-65,55,55,F,69,Masters 1,Raw,B
6,Poornima Hoskere,1979-03-31,KAR,66.48,55,-57.5,-57.5,55,55,F,69,Masters 1,Raw,B
7,Mamta Sharma,1978-04-08,M P,67.50,55,-60,-65,55,55,F,69,Masters 1,Raw,B
8,Pushpa Devi,1976-03-04,HAR,67.20,45,-50,-50,45,45,F,69,Masters 1,Raw,B
9,Parneti Naga Padmavathi,1976-08-05,TEL,66.90,30,35,-40,35,35,F,69,Masters 1,Raw,B
1,Jayeeta Sarkar,1980-10-24,W B,74.80,65,70,75,75,75,F,76,Masters 1,Raw,B
2,Sushma Verma,1984-04-15,M P,73.54,72.5,-75,-75,72.5,72.5,F,76,Masters 1,Raw,B
3,Mousumi Takri,1981-05-19,ODI,74.56,65,-67.5,67.5,67.5,67.5,F,76,Masters 1,Raw,B
4,Khushboo Shewani,1981-06-11,MAH,74.84,-65,65,-72.5,65,65,F,76,Masters 1,Raw,B
5,Deepa Hb,1980-01-03,KAR,74.94,60,65,-72.5,65,65,F,76,Masters 1,Raw,B
6,Shalini Mahawar,1982-01-09,RAJ,69.22,50,-55,-55,50,50,F,76,Masters 1,Raw,B
7,Ranjana Patidar,1984-03-05,M P,73.54,47.5,-50,-50,47.5,47.5,F,76,Masters 1,Raw,B
8,Kusum Devi,1984-03-28,HAR,72.18,25,35,-42.5,35,35,F,76,Masters 1,Raw,B
1,Kavita Rani,1984-11-08,DEL,81.16,90,97.5,101,101,101,F,84,Masters 1,Raw,B
2,Annette Gowda,1984-01-24,MAH,80.62,72.5,77.5,-80,77.5,77.5,F,84,Masters 1,Raw,B
3,Gauri A Ghodekar,1983-04-16,MAH,82.20,70,75,77.5,77.5,77.5,F,84,Masters 1,Raw,B
4,Hiralben Parekh,1983-11-08,GUJ,79.92,70,-77.5,-80,70,70,F,84,Masters 1,Raw,B
5,Radha M,1984-05-30,KAR,81.80,65,67.5,-72.5,67.5,67.5,F,84,Masters 1,Raw,B
6,Krishna #5,1984-10-31,RAJ,78.58,40,-45,-45,40,40,F,84,Masters 1,Raw,B
1,Smita Chadha,1980-06-06,MAH,84.12,62.5,67.5,-70,67.5,67.5,F,84+,Masters 1,Raw,B
2,Jisna Ibrahimkutty,1985-05-31,KER,84.16,60,65,-70,65,65,F,84+,Masters 1,Raw,B
3,Manju Gupta,1978-06-04,HAR,88.64,55,60,-65,60,60,F,84+,Masters 1,Raw,B
4,Preetha Jagadeesh,1983-04-21,T N,97.86,55,60,-67.5,60,60,F,84+,Masters 1,Raw,B
DQ,Pratima Rath,1978-01-15,ODI,94.60,-75,-75,-77.5,,,F,84+,Masters 1,Raw,B
1,Nicey K L,1968-04-07,KER,43.20,20,,,20,20,F,47,Masters 2,Raw,B
1,Vijayam K,1970-05-29,KER,51.00,37.5,40,43,43,43,F,52,Masters 2,Raw,B
2,Chetna Chavan,1970-01-09,MAH,51.82,25,-27.5,-27.5,25,25,F,52,Masters 2,Raw,B
3,Dave Minaxiben Manharlal,1971-07-06,GUJ,52.00,20,-22.5,,20,20,F,52,Masters 2,Raw,B
1,Vinutha Raghunath,1968-04-22,MAH,56.34,45,50,55,55,55,F,57,Masters 2,Raw,B
2,Pushpa Chouhan,1969-10-20,M P,56.28,47.5,50,-52.5,50,50,F,57,Masters 2,Raw,B
3,Pooja Malviya,1972-09-05,M P,56.30,40,42.5,-45,42.5,42.5,F,57,Masters 2,Raw,B
4,Reeba K S,1971-05-25,KER,53.00,30,32.5,-35,32.5,32.5,F,57,Masters 2,Raw,B
1,Sangita Bhargava,1970-01-05,M P,62.22,-40,47.5,52.5,52.5,52.5,F,63,Masters 2,Raw,B
2,Sushma Sarulkar,1972-12-13,MAH,62.44,42.5,45,-50,45,45,F,63,Masters 2,Raw,B
1,Seema Verma,1966-06-01,M P,66.00,75,-80,82.5,82.5,82.5,F,69,Masters 2,Raw,B
2,Mansi Naik,1975-07-11,MAH,67.26,55,60,-62.5,60,60,F,69,Masters 2,Raw,B
3,Vireen Kaur,1973-12-22,MAH,65.34,52.5,-57.5,-57.5,52.5,52.5,F,69,Masters 2,Raw,B
4,Sreeja Sajeevan,1968-01-29,KER,67.80,37.5,42.5,-45,42.5,42.5,F,69,Masters 2,Raw,B
1,Sweety Sharma,1973-12-28,U P,75.68,60,65,-70.5,65,65,F,76,Masters 2,Raw,B
2,Ruchira Tendolkar,1974-09-02,MAH,74.48,52.5,57.5,-60,57.5,57.5,F,76,Masters 2,Raw,B
3,Geeta Chouhan,1972-06-28,M P,75.90,55,57.5,-60,57.5,57.5,F,76,Masters 2,Raw,B
4,Cynthia Cutinha,1974-07-21,KAR,75.16,47.5,50,52.5,52.5,52.5,F,76,Masters 2,Raw,B
1,Ranjita Mishra,1972-03-27,MAH,81.62,60,65,-67.5,65,65,F,84,Masters 2,Raw,B
2,Sonika Khattar,1972-10-25,DEL,82.02,50,60,-67.5,60,60,F,84,Masters 2,Raw,B
1,Sheeja Panachi,1973-05-02,KER,84.40,45,50,-52.5,50,50,F,84+,Masters 2,Raw,B
2,Gitanjali Nayak,1973-11-10,ODI,84.60,45,50,-52.5,50,50,F,84+,Masters 2,Raw,B
3,Geetha Bai,1974-01-03,KAR,85.84,42.5,47.5,-52.5,47.5,47.5,F,84+,Masters 2,Raw,B
4,Seema Mishra,1968-01-23,M P,84.40,37.5,40,-47.5,40,40,F,84+,Masters 2,Raw,B
1,Purna Bharde,1958-07-28,MAH,69.84,40,42.5,45,45,45,F,76,Masters 3,Raw,B
2,Anjani Pandey,1965-06-05,M P,70.06,30,32.5,-35,32.5,32.5,F,76,Masters 3,Raw,B
1,Mary Beena,1965-05-31,KER,95.98,60,65.5,67.5,67.5,67.5,F,84+,Masters 3,Raw,B
2,Asha Poojari,1963-06-12,MAH,84.42,32.5,37.5,42.5,42.5,42.5,F,84+,Masters 3,Raw,B
3,Namrta Gautam,1962-08-02,U P,88.12,30,40,-45,40,40,F,84+,Masters 3,Raw,B
1,Sulabha Punekar,1944-04-17,MAH,67.00,-22.5,22.5,25,25,25,F,69,Masters 4,Raw,B
1,Pranjal Rathore,1998-07-22,M P,57.82,120,125,-127.5,125,125,M,59,Open,Raw,B
2,Santosh Swain,2003-02-16,ODI,58.60,-120,120,122.5,122.5,122.5,M,59,Open,Raw,B
3,Pradeep Bauri,1993-09-26,JHA,58.52,120,-125,-125,120,120,M,59,Open,Raw,B
4,Abin P Yoosuf,1995-01-21,KER,57.58,117.5,-122.5,-122.5,117.5,117.5,M,59,Open,Raw,B
5,Davinder Singh #5,1989-11-24,PUN,57.76,112.5,-115,-115,112.5,112.5,M,59,Open,Raw,B
6,Biswajit Bauri,1996-12-25,W B,57.18,110,-120,-125,110,110,M,59,Open,Raw,B
7,Nishanth.A,1995-08-24,PUD,54.30,100,107.5,-112.5,107.5,107.5,M,59,Open,Raw,B
8,Gangadhara,1992-07-01,KAR,54.74,92.5,102.5,-110,102.5,102.5,M,59,Open,Raw,B
9,Tushar Mehra,2001-05-27,DEL,57.60,102.5,-107.5,-112.5,102.5,102.5,M,59,Open,Raw,B
10,Wicky Mawlong,1991-08-25,MEG,56.68,-100,100,-110,100,100,M,59,Open,Raw,B
11,Susanta Genri,1990-02-14,W B,56.66,-90,90,95,95,95,M,59,Open,Raw,B
12,Hijam Sunil Singh,1997-02-01,MAN,53.90,50,55,60,60,60,M,59,Open,Raw,B
13,Ankur Rai,2004-11-24,HAR,54.60,-55,55,-60,55,55,M,59,Open,Raw,B
DQ,Shubham,1999-10-05,U P,57.68,-122.5,-122.5,-122.5,,,M,59,Open,Raw,B
DQ,Andrew Mylliem Umlong,2001-11-06,MEG,53.10,-75,-75,-75,,,M,59,Open,Raw,B
DQ,Satyajit Dey,2001-09-07,ASA,57.46,-120,-120,-125,,,M,59,Open,Raw,B
DQ,B. Hushan,1996-11-08,UTK,54.10,-75,-75,-75,,,M,59,Open,Raw,B
DQ,Sonu Ram,2000-04-15,HAR,56.74,-125,-130,-130,,,M,59,Open,Raw,B
DQ,Mayank Singh,1999-04-02,CHT,58.40,,,,,,M,59,Open,Raw,B
1,Gagandeep Singh,1991-03-15,J&K,65.64,-147.5,-147.5,147.5,147.5,147.5,M,66,Open,Raw,B
2,Ganesh Sahu,1993-03-29,MAH,65.90,140,145,147.5,147.5,147.5,M,66,Open,Raw,B
3,Manpreet Singh #5,1993-12-01,PUN,65.50,130,140,-145,140,140,M,66,Open,Raw,B
4,Bhupesh Singh Rathaur,1998-09-10,UTK,65.62,135,137.5,-140,137.5,137.5,M,66,Open,Raw,B
5,Sumit Shukla,2001-06-19,U P,64.38,132.5,-135,-140,132.5,132.5,M,66,Open,Raw,B
6,Ibrar Ahamad,1994-07-07,BIH,64.60,127.5,132.5,-137.5,132.5,132.5,M,66,Open,Raw,B
7,Sumit Manchanda,1995-11-29,DEL,65.68,132.5,-137.5,-140,132.5,132.5,M,66,Open,Raw,B
8,Yogesh Kumar Sain,1985-05-25,RAJ,64.04,130,-135,-137.5,130,130,M,66,Open,Raw,B
9,Chandeep Singh,1995-11-15,CHN,65.95,115,120,-125,120,120,M,66,Open,Raw,B
10,Dheeraj Sehiya,1999-12-11,RAJ,65.80,-115,115,-122.5,115,115,M,66,Open,Raw,B
11,Madheswaran R,1968-01-01,T N,64.62,100,107.5,112.5,112.5,112.5,M,66,Open,Raw,B
12,Piyush Bhawsar,2000-02-12,M P,64.84,-110,110,-120,110,110,M,66,Open,Raw,B
13,Nagaraju Podishetty,1997-06-14,TEL,64.38,-100,105,-110,105,105,M,66,Open,Raw,B
14,Mohamed Akbar Basha,1995-02-11,T N,62.92,-80,80,-105,80,80,M,66,Open,Raw,B
DQ,Manish Negi,1991-07-29,UTK,65.80,-127.5,-127.5,-130,,,M,66,Open,Raw,B
1,Ajay Kumar #9,2001-07-07,CHN,72.36,147.5,157.5,-160,157.5,157.5,M,74,Open,Raw,B
2,Ravi Mali,2000-05-05,M P,72.84,152.5,157.5,-160,157.5,157.5,M,74,Open,Raw,B
3,Vikrant Singh,1989-10-27,J&K,72.96,150,-157.5,157.5,157.5,157.5,M,74,Open,Raw,B
4,Swarn Singh,1997-01-19,HAR,73.06,142.5,150,155,155,155,M,74,Open,Raw,B
5,Amit Yergude,2000-08-02,VID,73.48,-142.5,142.5,155,155,155,M,74,Open,Raw,B
6,Usman Baig Mirza,1994-02-22,RAJ,70.84,140,145,-147.5,145,145,M,74,Open,Raw,B
7,Abhishek Katiyar,1999-03-21,U P,72.86,135,145,-152.5,145,145,M,74,Open,Raw,B
8,Vivek Kumar Gupta,1995-12-05,BIH,71.02,137.5,142.5,-155,142.5,142.5,M,74,Open,Raw,B
9,Abheer Chadha,2001-07-15,DEL,73.56,135,142.5,-150,142.5,142.5,M,74,Open,Raw,B
10,Kannam Bhanu Prakash,1996-08-14,TEL,72.12,135,140,-142.5,140,140,M,74,Open,Raw,B
11,Pritish Kujur,2001-09-22,JHA,68.92,130,137.5,-142.5,137.5,137.5,M,74,Open,Raw,B
12,Sushant Pawar,1987-08-10,MAH,73.44,137.5,-142.5,-142.5,137.5,137.5,M,74,Open,Raw,B
13,Gaurav Barua,1997-05-11,UTK,73.78,127.5,135,-142.5,135,135,M,74,Open,Raw,B
14,Santadeep Roy,1990-10-27,W B,73.14,130,-140,-140,130,130,M,74,Open,Raw,B
15,Chandan Kumar Sahoo,1992-11-22,ODI,69.20,125,-135,-142.5,125,125,M,74,Open,Raw,B
16,Partha Dhar,1997-01-01,ASA,71.88,110,117.5,-120,117.5,117.5,M,74,Open,Raw,B
17,Vishal Rathod,1992-10-26,GUJ,72.48,95,100,107.5,107.5,107.5,M,74,Open,Raw,B
18,Ashish,1999-12-02,UTK,72.80,97.5,107.5,-112.5,107.5,107.5,M,74,Open,Raw,B
19,Jagmohan Singh,1987-07-01,HP,72.16,-80,80,-85,80,80,M,74,Open,Raw,B
1,Sidhant Thakur,2000-03-27,HP,83.00,160,167.5,172.5,172.5,172.5,M,83,Open,Raw,B
2,Jagyandatta Bhukta,1992-06-06,ODI,82.22,165,170,-175,170,170,M,83,Open,Raw,B
3,Dhruv Shetty,2000-02-09,KAR,81.74,157.5,162.5,-167.5,162.5,162.5,M,83,Open,Raw,B
4,Vikas Damare,1991-07-26,MAH,82.38,155,160,-165,160,160,M,83,Open,Raw,B
5,Akash Kumar Singh,1997-07-10,GUJ,82.44,155,160,-162.5,160,160,M,83,Open,Raw,B
6,Shuvrashil Mukherjee,1999-11-29,JHA,81.04,157.5,-162.5,-165,157.5,157.5,M,83,Open,Raw,B
7,Altamash Azam,1999-09-03,JHA,82.90,155,-162.5,-165,155,155,M,83,Open,Raw,B
8,Anas Pathan,2001-01-01,M P,81.50,-145,152.5,-162.5,152.5,152.5,M,83,Open,Raw,B
9,Harsh Thakur,2002-08-28,HP,79.68,142.5,-150,-150,142.5,142.5,M,83,Open,Raw,B
10,Bal Krishna,1996-03-02,BIH,82.50,132.5,142.5,-150,142.5,142.5,M,83,Open,Raw,B
11,Sunny Jaswal,1991-04-17,PUN,82.52,137.5,142.5,-147.5,142.5,142.5,M,83,Open,Raw,B
12,Rana Singha,1993-07-11,W B,76.42,140,-152.5,-155,140,140,M,83,Open,Raw,B
13,Bittu Kumar,1994-03-01,BIH,80.30,-135,137.5,-140,137.5,137.5,M,83,Open,Raw,B
14,Shaik Ibrahim,2000-09-12,A P,79.86,-135,135,-150,135,135,M,83,Open,Raw,B
15,Jitendra Kumar Meghawal,1989-11-09,RAJ,77.10,125,-130,-130,125,125,M,83,Open,Raw,B
16,Himanshu Sharma,2000-03-10,J&K,80.10,-125,125,-137.5,125,125,M,83,Open,Raw,B
17,Hemant Kumar,1989-11-13,CHN,79.32,105,110,-115,110,110,M,83,Open,Raw,B
18,Keshab Das,1993-04-03,MEG,81.64,100,105,-107.5,105,105,M,83,Open,Raw,B
1,Deepak #8,1987-11-01,HAR,83.10,180,185,187.5,187.5,187.5,M,93,Open,Raw,B
2,Lovepreet Singh,1997-09-17,PUN,90.92,175,180,-187.5,180,180,M,93,Open,Raw,B
3,Santosh Waghmare,1995-07-03,MAH,92.50,167.5,-172.5,-172.5,167.5,167.5,M,93,Open,Raw,B
4,Amandeep Midha,1998-08-16,CHN,92.60,162.5,165,-170,165,165,M,93,Open,Raw,B
5,Prashant Kumar,1996-10-03,BIH,90.46,155,162.5,-167.5,162.5,162.5,M,93,Open,Raw,B
6,Ankit Kumar #4,2001-06-28,JHA,90.56,160,-167.5,-167.5,160,160,M,93,Open,Raw,B
7,Ghasiram Harijan,1989-06-03,ODI,89.68,150,157.5,-167.5,157.5,157.5,M,93,Open,Raw,B
8,Rajat Sharma,1993-04-10,J&K,86.60,135,142.5,-147.5,142.5,142.5,M,93,Open,Raw,B
9,Yalla Srinivas Vasu,1991-04-05,A P,86.22,130,-135,135,135,135,M,93,Open,Raw,B
10,Abhishek Thakur,1995-11-06,HP,90.40,-105,110,122.5,122.5,122.5,M,93,Open,Raw,B
DQ,Pushpendra Kumar,1997-09-24,U P,90.74,,,,,,M,93,Open,Raw,B
1,Bhaskar Shah,1992-08-09,PUN,105.00,200,206.5,210,210,210,M,105,Open,Raw,B
2,Aniket Kamble,1996-09-18,MAH,103.80,182.5,195,200,200,200,M,105,Open,Raw,B
3,Ishan Vishwakarma,1998-10-05,U P,103.34,180,187.5,192.5,192.5,192.5,M,105,Open,Raw,B
4,Jatin Sachdeva,1994-08-01,DEL,98.00,180,187.5,-190,187.5,187.5,M,105,Open,Raw,B
5,Durgesh Sharma,1993-10-11,U P,102.28,177.5,185,-190,185,185,M,105,Open,Raw,B
6,Pratheesh G,2000-01-03,KER,104.50,-175,-175,175,175,175,M,105,Open,Raw,B
7,Rajnish Kumar Choudhary,1998-02-26,BIH,103.10,152.5,162.5,165,165,165,M,105,Open,Raw,B
8,Mayank Mehan,2001-09-15,CHN,101.80,-142.5,142.5,162.5,162.5,162.5,M,105,Open,Raw,B
9,Ravi Kumar #8,1999-06-02,HAR,99.40,152.5,160,-165,160,160,M,105,Open,Raw,B
10,Harsh Raj Ranjan,1997-10-01,BIH,104.30,160,-170,-170,160,160,M,105,Open,Raw,B
11,Gulshan Kumar Singh,1993-01-18,JHA,96.42,-150,-150,150,150,150,M,105,Open,Raw,B
12,Ajay Nookapaya,2001-01-28,A P,93.20,105,-112.5,115,115,115,M,105,Open,Raw,B
13,Vijay Kumar #7,1995-01-01,PUN,99.50,107.5,112.5,115,115,115,M,105,Open,Raw,B
DQ,Harish Kumar #4,1990-03-13,J&K,97.60,-120,-120,-120,,,M,105,Open,Raw,B
1,Aadesh Singh,1996-10-13,J&K,112.30,205,212.5,-217.5,212.5,212.5,M,120,Open,Raw,B
2,Tirath Ram,1991-12-04,PUN,117.50,207,-209.5,-213,207,207,M,120,Open,Raw,B
3,Punit Punia,1999-04-11,HAR,116.20,190,197.5,-200,197.5,197.5,M,120,Open,Raw,B
4,Mukul Dhanraj Bhamare,1995-10-20,MAH,106.30,180,-185,185,185,185,M,120,Open,Raw,B
5,Aarish Firdausi,1994-01-01,JHA,107.50,-175,-180,182.5,182.5,182.5,M,120,Open,Raw,B
6,Sandeep Kumar #10,1991-08-15,HAR,107.00,175,180,-192.5,180,180,M,120,Open,Raw,B
7,Raunak Bhatia,1999-11-01,U P,112.60,162.5,170,-182.5,170,170,M,120,Open,Raw,B
8,Naveen Damodhara,2000-02-28,A P,108.20,135,145,155,155,155,M,120,Open,Raw,B
9,Vishal Maharana,1999-07-07,TEL,117.30,150,-165,-165,150,150,M,120,Open,Raw,B
10,Seeni Sai Krishnaveer,1999-10-21,A P,111.40,135,145,-150,145,145,M,120,Open,Raw,B
11,Ajay Kumar Suthar,1988-11-29,RAJ,115.20,140,142.5,-150,142.5,142.5,M,120,Open,Raw,B
12,Sahil Singh Thakur,1996-09-29,TEL,112.60,-130,132.5,-150,132.5,132.5,M,120,Open,Raw,B
DQ,Ajeet Singh Tomar,1991-12-12,M P,117.80,-200,-200,-200,,,M,120,Open,Raw,B
1,Ankit Kumar #9,1996-02-02,BIH,143.10,180,182.5,185,185,185,M,120+,Open,Raw,B
2,Paritesh Pal,1999-09-13,M P,154.10,160,172.5,-177.5,172.5,172.5,M,120+,Open,Raw,B
3,Ajay Verma,1998-10-15,HP,121.10,170,-175,-175,170,170,M,120+,Open,Raw,B
4,Muhhamed Dayam Shams,2001-03-12,W B,121.20,162.5,170,-172.5,170,170,M,120+,Open,Raw,B
5,Arindam Preet Singh,1998-01-01,PUN,127.70,160,-170,-175,160,160,M,120+,Open,Raw,B
6,Plato Kevin Dsilva,1989-07-17,MAH,124.80,-135,135,-150,135,135,M,120+,Open,Raw,B
7,Hrithik Pol,2000-02-23,MAH,127.90,112.5,-120,-125,112.5,112.5,M,120+,Open,Raw,B
8,Rohit Kumar Ram,1995-04-03,ODI,122.10,100,110,-115,110,110,M,120+,Open,Raw,B
1,Ayush Kumar,,JHA,52.05,110,-117.5,117.5,117.5,117.5,M,53,Sub-Juniors,Raw,B
2,Sachin Singh Rawat,2007-09-07,UTK,52.68,105,-107.5,-112.5,105,105,M,53,Sub-Juniors,Raw,B
3,Vyom Jawa,2009-03-31,RAJ,52.50,85,90,92.5,92.5,92.5,M,53,Sub-Juniors,Raw,B
4,Pranjal Sahu,2007-07-16,M P,50.66,-85,85,-90,85,85,M,53,Sub-Juniors,Raw,B
5,Ravi Sahani,2007-08-26,U P,53.00,-85,85,-95,85,85,M,53,Sub-Juniors,Raw,B
6,Ajay Bargali,2007-05-23,UTK,52.30,80,82.5,-90,82.5,82.5,M,53,Sub-Juniors,Raw,B
7,Dev,2009-09-16,HAR,48.38,75,-110,-110,75,75,M,53,Sub-Juniors,Raw,B
8,Deepak Kumar #10,2010-02-06,BIH,51.10,-75,75,-80,75,75,M,53,Sub-Juniors,Raw,B
9,Rohit,2011-07-11,RAJ,52.22,-75,-75,75,75,75,M,53,Sub-Juniors,Raw,B
10,Aryan Tiwari,2009-02-14,CHT,50.85,65,70,72.5,72.5,72.5,M,53,Sub-Juniors,Raw,B
11,Munish Kumar,2008-06-01,J&K,52.72,72.5,-77.5,-77.5,72.5,72.5,M,53,Sub-Juniors,Raw,B
12,Kathi Karthik,2009-10-08,A P,51.56,70,-75,-75,70,70,M,53,Sub-Juniors,Raw,B
13,Vasanthakumar K,2007-10-01,T N,51.22,60,62.5,-70,62.5,62.5,M,53,Sub-Juniors,Raw,B
14,Linaldo Takhellambam,2010-01-09,MAN,46.82,-35,42.5,-52.5,42.5,42.5,M,53,Sub-Juniors,Raw,B
DQ,Naresh Kumar #7,2008-12-24,DEL,51.34,-72.5,-72.5,-72.5,,,M,53,Sub-Juniors,Raw,B
DQ,Anuj Pal,2009-12-07,U P,51.42,-75,-75,-75,,,M,53,Sub-Juniors,Raw,B
1,Arush Sharma,2007-03-21,J&K,56.14,-125,125,-130,125,125,M,59,Sub-Juniors,Raw,B
2,Arnav Aggarwal,2007-02-08,HP,58.56,107.5,115,-120,115,115,M,59,Sub-Juniors,Raw,B
3,Aditya Singh,2007-10-11,U P,55.26,105,-110,-112.5,105,105,M,59,Sub-Juniors,Raw,B
4,Arnab Ali,2008-04-14,W B,57.50,100,105,-110,105,105,M,59,Sub-Juniors,Raw,B
5,Ashwan Katare,2007-09-05,M P,56.48,102.5,-107.5,-112.5,102.5,102.5,M,59,Sub-Juniors,Raw,B
6,Varad Raut,2008-05-09,MAH,57.90,95,102.5,-107.5,102.5,102.5,M,59,Sub-Juniors,Raw,B
7,Ujjwal Joshi,2008-12-21,UTK,58.00,100,-105,-110,100,100,M,59,Sub-Juniors,Raw,B
8,Rohit Kumar,2008-03-16,JHA,58.24,100,-102.5,-112.5,100,100,M,59,Sub-Juniors,Raw,B
9,Kartavya Chaturvedi,2007-08-11,HAR,57.40,-97.5,97.5,-105,97.5,97.5,M,59,Sub-Juniors,Raw,B
10,Ayush Patel,2007-12-10,M P,57.56,-92.5,97.5,-102.5,97.5,97.5,M,59,Sub-Juniors,Raw,B
11,Jahid Kanekar,2008-01-25,MAH,56.30,90,95,-97.5,95,95,M,59,Sub-Juniors,Raw,B
12,Radha Kumar,2010-04-03,BIH,57.26,90,-97.5,-97.5,90,90,M,59,Sub-Juniors,Raw,B
13,Karupula Ram Charan,2007-05-27,TEL,54.70,85,-87.5,-87.5,85,85,M,59,Sub-Juniors,Raw,B
14,Vicky Kumar,2008-09-14,HP,56.54,70,-75,-75,70,70,M,59,Sub-Juniors,Raw,B
15,Shahil Bharti,2009-10-30,CHT,55.44,55,60,62.5,62.5,62.5,M,59,Sub-Juniors,Raw,B
16,Yuvraj Laishram,2013-03-10,MAN,54.84,30,35,-40,35,35,M,59,Sub-Juniors,Raw,B
DQ,Anirudh Choudhary,2009-01-21,DEL,58.06,-130,-130,-130,,,M,59,Sub-Juniors,Raw,B
DQ,Adithyan Prasad,2007-03-27,KER,57.28,-95,-95,-95,,,M,59,Sub-Juniors,Raw,B
1,Shashwat Mishra,2007-01-20,U P,65.76,125,130,-135,130,130,M,66,Sub-Juniors,Raw,B
2,Meitankeishangthe Leikhomba,2007-11-10,MAN,65.10,122.5,127.5,-130,127.5,127.5,M,66,Sub-Juniors,Raw,B
3,Tapas Dey,2008-05-06,JHA,63.84,112.5,122.5,-127.5,122.5,122.5,M,66,Sub-Juniors,Raw,B
4,Daksh Singhal,2009-09-09,HAR,61.30,115,120,-125,120,120,M,66,Sub-Juniors,Raw,B
5,Anuj,2007-11-17,RAJ,64.10,107.5,112.5,115,115,115,M,66,Sub-Juniors,Raw,B
6,Akshar Sharma,2008-12-12,J&K,64.36,-110,110,-122.5,110,110,M,66,Sub-Juniors,Raw,B
7,Vansh,2007-12-07,DEL,64.44,107.5,-110,-130,107.5,107.5,M,66,Sub-Juniors,Raw,B
8,Harsh Khati,2007-08-31,UTK,65.60,105,107.5,-122.5,107.5,107.5,M,66,Sub-Juniors,Raw,B
9,Aayush Ramrakhiyani,2007-11-24,ODI,65.66,102.5,105,-117.5,105,105,M,66,Sub-Juniors,Raw,B
10,Gurpreet Singh #13,2008-05-08,UTK,59.08,-95,95,-102.5,95,95,M,66,Sub-Juniors,Raw,B
11,Ahamed Ijas A,2007-05-29,T N,64.78,90,95,-100,95,95,M,66,Sub-Juniors,Raw,B
12,Sahil Jaisawal,2007-07-15,M P,65.18,90,92.5,-100,92.5,92.5,M,66,Sub-Juniors,Raw,B
13,Kamaldeep Mahey,2008-08-25,PUN,65.80,90,-100,-107.5,90,90,M,66,Sub-Juniors,Raw,B
14,Arbab Ali Firdous,2008-03-22,W B,63.70,82.5,85,-92.5,85,85,M,66,Sub-Juniors,Raw,B
15,Advait Bhosale,2008-04-03,MAH,64.96,85,-90,-95,85,85,M,66,Sub-Juniors,Raw,B
16,Herison Ningthoujam,2007-07-24,MAN,64.86,65,-72.5,72.5,72.5,72.5,M,66,Sub-Juniors,Raw,B
17,Lucky Tomar,2012-10-14,GOA,64.26,35,45,-50,45,45,M,66,Sub-Juniors,Raw,B
DQ,Mohammed Haneef Shamwar,2007-03-27,KAR,64.70,-110,-112.5,-112.5,,,M,66,Sub-Juniors,Raw,B
1,Divyansh Sharma,2007-02-20,CHT,70.76,127.5,130,-135,130,130,M,74,Sub-Juniors,Raw,B
2,Varun Kumar,2008-10-22,HAR,69.92,117.5,127.5,-135,127.5,127.5,M,74,Sub-Juniors,Raw,B
3,Vijay Kumar #4,2007-08-11,RAJ,68.90,-125,-125,125,125,125,M,74,Sub-Juniors,Raw,B
4,Nitin Jaiswal,2007-06-03,U P,72.74,125,-127.5,-127.5,125,125,M,74,Sub-Juniors,Raw,B
5,Dhrub Dumaga,2008-01-27,UTK,74.00,115,120,-125,120,120,M,74,Sub-Juniors,Raw,B
6,Mayank Pandith,2007-11-04,J&K,73.52,115,-122.5,-127.5,115,115,M,74,Sub-Juniors,Raw,B
7,Sahal V Ali,2008-01-04,KER,71.78,85,87.5,-120,87.5,87.5,M,74,Sub-Juniors,Raw,B
8,Konthoujam Lanchenba Meitei,2010-03-25,MAN,72.30,70,75,80,80,80,M,74,Sub-Juniors,Raw,B
9,Sahibjot Singh,2008-04-26,CHN,69.44,50,55,-62.5,55,55,M,74,Sub-Juniors,Raw,B
10,Sujal Khatri,2008-07-22,HAR,69.68,40,47.5,52.5,52.5,52.5,M,74,Sub-Juniors,Raw,B
DQ,Pushpak,2008-05-02,U P,70.10,-117.5,-117.5,-117.5,,,M,74,Sub-Juniors,Raw,B
DQ,Sriram Patnaik,2009-06-20,ODI,69.54,-85,-95,-95,,,M,74,Sub-Juniors,Raw,B
DQ,Sujal Shet,2007-03-02,KAR,68.40,,,,,,M,74,Sub-Juniors,Raw,B
1,Aarush Lakra,2007-09-30,DEL,82.30,163,-172.5,-172.5,163,163,M,83,Sub-Juniors,Raw,B
2,Ayush Singh,2009-08-10,U P,82.54,-137.5,-142.5,142.5,142.5,142.5,M,83,Sub-Juniors,Raw,B
3,Taranpreet Singh,2007-11-22,PUN,80.70,-120,127.5,-130,127.5,127.5,M,83,Sub-Juniors,Raw,B
4,Arvind Diya,2008-06-07,RAJ,82.16,-127.5,127.5,-130,127.5,127.5,M,83,Sub-Juniors,Raw,B
5,Subha Das,2008-11-06,W B,74.68,115,120,-127.5,120,120,M,83,Sub-Juniors,Raw,B
6,Deeshan Sharma,2008-05-12,CHN,81.27,100,107.5,-110,107.5,107.5,M,83,Sub-Juniors,Raw,B
7,Lehna Sharma,2008-03-10,J&K,82.16,105,-110,-110,105,105,M,83,Sub-Juniors,Raw,B
8,Paavan Raul Kengam,2007-03-05,A P,79.64,-80,80,-90,80,80,M,83,Sub-Juniors,Raw,B
DQ,Yuvrajkumar Mishra,2007-07-25,GUJ,80.90,-105,-105,-105,,,M,83,Sub-Juniors,Raw,B
DQ,Nitin Kumar,,HAR,82.16,-135,-135,-135,,,M,83,Sub-Juniors,Raw,B
1,Karan Rathee,2007-11-01,HAR,83.40,145,-155,155,155,155,M,93,Sub-Juniors,Raw,B
2,Sunil Sukhwal,2007-01-17,RAJ,91.10,142.5,-145,-145,142.5,142.5,M,93,Sub-Juniors,Raw,B
3,Piyush Rajpoot,2008-09-09,U P,91.60,-140,140,-147.5,140,140,M,93,Sub-Juniors,Raw,B
4,Raja Bhaiya,2008-03-18,DEL,92.72,135,-147.5,-147.5,135,135,M,93,Sub-Juniors,Raw,B
5,Abhimanyu Choudhary,2008-09-16,MAH,91.80,132.5,-137.5,-140,132.5,132.5,M,93,Sub-Juniors,Raw,B
6,Amrit Sharma,2007-08-10,J&K,92.50,127.5,132.5,-137.5,132.5,132.5,M,93,Sub-Juniors,Raw,B
7,Nakshtra Verma,2008-01-04,M P,90.60,120,-125,125,125,125,M,93,Sub-Juniors,Raw,B
8,Atharv Singh,2007-06-16,MAH,91.00,125,-130,-140,125,125,M,93,Sub-Juniors,Raw,B
9,Mohammad Sinan,2009-09-07,KER,92.54,112.5,-115,117.5,117.5,117.5,M,93,Sub-Juniors,Raw,B
10,Rishant Kumar Vishwakarma,2009-06-01,JHA,87.40,-107.5,107.5,-110,107.5,107.5,M,93,Sub-Juniors,Raw,B
DQ,Akshit Singh Bisht,2008-02-12,UTK,92.10,-80,-80,-80,,,M,93,Sub-Juniors,Raw,B
DQ,Uday Singh Batth,2008-03-16,UTK,86.52,-85,-85,-105,,,M,93,Sub-Juniors,Raw,B
1,Rishabh Toor,2008-01-04,DEL,99.10,145,-152.5,152.5,152.5,152.5,M,105,Sub-Juniors,Raw,B
2,Shreyash Shandilya,2007-11-01,JHA,95.20,-145,145,-152.5,145,145,M,105,Sub-Juniors,Raw,B
3,Darwin Horta,2007-10-20,MAH,102.60,130,135,140,140,140,M,105,Sub-Juniors,Raw,B
4,Mayank Jangam,2007-01-08,RAJ,103.40,120,130,-142.5,130,130,M,105,Sub-Juniors,Raw,B
5,Swaraj Patil,2007-08-10,MAH,99.60,122.5,127.5,-135,127.5,127.5,M,105,Sub-Juniors,Raw,B
6,Ansh Singh Rathore,2007-03-30,M P,99.00,97.5,-107.5,107.5,107.5,107.5,M,105,Sub-Juniors,Raw,B
7,Partap Karloopia,2007-01-16,J&K,97.80,-105,-105,105,105,105,M,105,Sub-Juniors,Raw,B
1,Vhaskar Verma,2008-03-30,JHA,107.50,130,132.5,137.5,137.5,137.5,M,120,Sub-Juniors,Raw,B
2,Nishant Sharma,2007-08-14,DEL,116.60,117.5,125,-135,125,125,M,120,Sub-Juniors,Raw,B
3,Krishna Shinde,2008-02-22,MAH,118.90,100,102.5,117.5,117.5,117.5,M,120,Sub-Juniors,Raw,B
4,Akshit Thakran,2008-05-25,U P,112.20,107.5,110,115,115,115,M,120,Sub-Juniors,Raw,B
5,Mohammad Saad Mirza,2008-04-04,M P,106.30,95,-100,100,100,100,M,120,Sub-Juniors,Raw,B
6,Adithya,2007-02-28,KAR,107.30,97.5,100,-110,100,100,M,120,Sub-Juniors,Raw,B
7,Amrinder Singh,2010-01-18,HAR,107.30,92.5,-102.5,-102.5,92.5,92.5,M,120,Sub-Juniors,Raw,B
8,Subodh Mudgal,2009-07-11,RAJ,109.30,70,80,-105,80,80,M,120,Sub-Juniors,Raw,B
1,Tanish Garg,2009-06-28,DEL,134.80,165,167.5,-175,167.5,167.5,M,120+,Sub-Juniors,Raw,B
2,Bhagya Dhawan,2009-09-26,MAH,122.70,125,130,132.5,132.5,132.5,M,120+,Sub-Juniors,Raw,B
3,Aadi Baweja,2007-03-12,UTK,130.80,120,132.5,-135,132.5,132.5,M,120+,Sub-Juniors,Raw,B
4,Mohammad Shoaib Khan,2007-09-20,M P,125.00,130,-140,-140,130,130,M,120+,Sub-Juniors,Raw,B
5,Anuj Kumar,2007-11-21,RAJ,124.30,100,110,115,115,115,M,120+,Sub-Juniors,Raw,B
6,Dhanveer Singh,2010-08-02,J&K,145.60,-70,70,80,80,80,M,120+,Sub-Juniors,Raw,B
DQ,Tushar Kumar Sen,2007-09-08,JHA,120.10,-105,-105,-105,,,M,120+,Sub-Juniors,Raw,B
1,Ram Ji,2004-08-15,U P,50.52,105,-107.5,115,115,115,M,53,Juniors,Raw,B
2,Uday Kumar #3,2004-09-05,HP,52.46,105,110,-117.5,110,110,M,53,Juniors,Raw,B
3,Sanjay Yadav,2002-11-28,DEL,52.50,102.5,107.5,110,110,110,M,53,Juniors,Raw,B
4,Babul Singh Yuvraj,2004-01-01,BIH,52.58,-102.5,102.5,-107.5,102.5,102.5,M,53,Juniors,Raw,B
5,Aditya Bhagat,2003-05-15,W B,50.48,100,-102.5,-105,100,100,M,53,Juniors,Raw,B
6,Mohammad Junaid,2002-07-16,M P,52.94,-92.5,97.5,-102.5,97.5,97.5,M,53,Juniors,Raw,B
7,Rupam Dewangan,2002-08-14,CHT,51.36,-95,95,-100,95,95,M,53,Juniors,Raw,B
8,Dinesh Kumar #3,2006-04-07,T N,51.38,90,95,-97.5,95,95,M,53,Juniors,Raw,B
9,Harshpreet Singh,2005-06-21,J&K,52.48,87.5,90,-95,90,90,M,53,Juniors,Raw,B
10,Lakki,2004-07-02,UTK,51.54,75,80,-82.5,80,80,M,53,Juniors,Raw,B
11,Sameer,2006-07-18,HAR,48.40,-62.5,62.5,65,65,65,M,53,Juniors,Raw,B
DQ,Sanjyot Kumbhar,2006-03-12,MAH,52.28,-105,-105,-112.5,,,M,53,Juniors,Raw,B
DQ,Arpit Sharma,2006-07-20,GUJ,52.50,-52.5,-52.5,-52.5,,,M,53,Juniors,Raw,B
1,Akash Yadav,2003-01-01,U P,57.36,107.5,115,117.5,117.5,117.5,M,59,Juniors,Raw,B
2,Bhavan Singh,2002-12-27,J&K,57.94,107.5,-115,115,115,115,M,59,Juniors,Raw,B
3,Vedant Kadam,2006-06-03,MAH,58.00,110,-115,-115,110,110,M,59,Juniors,Raw,B
4,Vivek Singh Nainwal,2002-02-04,UTK,58.74,-105,110,-115,110,110,M,59,Juniors,Raw,B
5,Suraj Rajak,2006-04-14,M P,58.38,-107.5,-107.5,107.5,107.5,107.5,M,59,Juniors,Raw,B
6,Sunil Nagaura,2003-01-18,RAJ,58.36,75,80,-90,80,80,M,59,Juniors,Raw,B
7,Harjeet Singh,2006-12-19,HP,57.60,60,-65,70,70,70,M,59,Juniors,Raw,B
DQ,Krishan Kumar,2006-11-20,HAR,57.92,-97.5,-97.5,-97.5,,,M,59,Juniors,Raw,B
DQ,Sazeed Mohammad,2002-10-31,TEL,57.36,95,97.5,-100,97.5,,M,59,Juniors,Raw,B
1,Soumen Senapati,2003-12-18,ODI,65.48,140,147.5,149,149,149,M,66,Juniors,Raw,B
2,Vivek Sisodiya,2004-05-20,M P,64.80,-135,135,148,148,148,M,66,Juniors,Raw,B
3,Himanshu,2003-04-01,HAR,64.70,132.5,137.5,-148.5,137.5,137.5,M,66,Juniors,Raw,B
4,Nikhil Arora,2004-01-18,DEL,65.58,125,130,-137.5,130,130,M,66,Juniors,Raw,B
5,Dhanush S,2004-07-30,KAR,65.34,-120,120,-140,120,120,M,66,Juniors,Raw,B
6,Nitin Thakur,2003-02-22,HP,65.82,117.5,-125,-132.5,117.5,117.5,M,66,Juniors,Raw,B
7,Pathikadarsh Sriwal,2003-09-26,CHN,65.44,110,115,-122.5,115,115,M,66,Juniors,Raw,B
8,Jaspreet Singh,2005-06-13,PUN,61.56,110,-112.5,-115,110,110,M,66,Juniors,Raw,B
9,Sapavath Prem Kumar,2002-07-17,TEL,65.48,100,-110,110,110,110,M,66,Juniors,Raw,B
10,M.Rakesh Yadav,2003-06-11,TEL,65.92,110,-112.5,-120,110,110,M,66,Juniors,Raw,B
11,Suraj Thakur,2006-06-03,CHT,64.14,105,-110,-112.5,105,105,M,66,Juniors,Raw,B
12,Pratik Nath,2005-08-24,ASA,63.80,100,-110,-112.5,100,100,M,66,Juniors,Raw,B
13,Kanhaiya Sethi,2006-04-05,UTK,63.76,95,97.5,-102.5,97.5,97.5,M,66,Juniors,Raw,B
14,Ayush Patel,2003-08-20,GUJ,64.12,90,95,97.5,97.5,97.5,M,66,Juniors,Raw,B
DQ,Bhavuk Thukral,2004-10-19,J&K,63.86,-95,-95,-95,,,M,66,Juniors,Raw,B
DQ,Nishant Singh,2003-02-26,U P,65.90,-117.5,-117.5,-117.5,,,M,66,Juniors,Raw,B
DQ,Satyam Kumar,2005-04-02,BIH,65.90,-120,-120,-127.5,,,M,66,Juniors,Raw,B
DQ,Janan Singh Thingujam,2005-01-09,MAN,64.40,-70,-72.5,-72.5,,,M,66,Juniors,Raw,B
DQ,Shivang,2005-07-08,UTK,63.56,-105,-105,-105,,,M,66,Juniors,Raw,B
DQ,Raj Nayak,2004-06-26,JHA,65.64,-130,-130,-130,,,M,66,Juniors,Raw,B
1,Abhishek Raj,2006-07-22,BIH,72.76,165,-170,-172.5,165,165,M,74,Juniors,Raw,B
2,Kanwar Digvijay Singh,2004-02-06,HAR,72.10,-162.5,162.5,-170,162.5,162.5,M,74,Juniors,Raw,B
3,Mohit Jharsi,2003-02-21,UTK,72.96,155,-162.5,162.5,162.5,162.5,M,74,Juniors,Raw,B
4,Brinder Singh,2002-01-12,J&K,72.30,145,150,-157.5,150,150,M,74,Juniors,Raw,B
5,Anshul Kanungo,2005-12-17,MAH,73.42,135,147.5,-157.5,147.5,147.5,M,74,Juniors,Raw,B
6,Deependra Kaurav,2002-09-23,M P,73.48,135,147.5,-152.5,147.5,147.5,M,74,Juniors,Raw,B
7,Shailesh Gutte,2004-02-16,MAH,72.04,145,-150,-150,145,145,M,74,Juniors,Raw,B
8,Gaurang Sriwal,2004-07-05,CHN,73.04,137.5,142.5,-147.5,142.5,142.5,M,74,Juniors,Raw,B
9,Vansh Gupta,2004-09-24,DEL,73.40,140,142.5,-147.5,142.5,142.5,M,74,Juniors,Raw,B
10,Manoj,2003-02-18,CHN,73.56,-135,142.5,-150,142.5,142.5,M,74,Juniors,Raw,B
11,Vishal Bhatoe,2004-01-03,PUN,72.14,140,-147.5,-147.5,140,140,M,74,Juniors,Raw,B
12,Aman Kumar Yadav,2003-01-06,U P,73.10,130,-137.5,140,140,140,M,74,Juniors,Raw,B
13,Vishal Dev Hota,2003-08-09,ODI,73.02,130,137.5,-142.5,137.5,137.5,M,74,Juniors,Raw,B
14,Gobind Singh,2004-03-21,JHA,73.42,130,137.5,-140,137.5,137.5,M,74,Juniors,Raw,B
15,Honey Sharma,2005-11-20,J&K,71.88,135,-140,-147.5,135,135,M,74,Juniors,Raw,B
16,Soail Sheikh,2003-05-22,W B,71.50,120,125,-132.5,125,125,M,74,Juniors,Raw,B
17,Susmit Minz,2006-12-28,JHA,72.82,-102.5,102.5,107.5,107.5,107.5,M,74,Juniors,Raw,B
18,Aditya Giri,2004-01-18,HP,66.90,100,105,-107.5,105,105,M,74,Juniors,Raw,B
19,Suryansh Katoch,2004-09-18,HP,71.32,105,-110,-110,105,105,M,74,Juniors,Raw,B
20,Vipin,2006-01-05,UTK,71.80,-97.5,97.5,105,105,105,M,74,Juniors,Raw,B
DQ,Umar Wahaj,2005-02-05,BIH,73.02,-130,-130,-147.5,,,M,74,Juniors,Raw,B
1,Amrit-Pal Singh #5,2002-03-12,PUN,81.86,162.5,170,-172.5,170,170,M,83,Juniors,Raw,B
2,Abdulla Azad Duste,2004-04-27,MAH,78.58,157.5,165,-167.5,165,165,M,83,Juniors,Raw,B
3,Mohit,2002-06-11,HAR,80.76,162.5,-165,-165,162.5,162.5,M,83,Juniors,Raw,B
4,Kaushal Gupta,2006-06-08,DEL,81.66,162.5,-170,-170,162.5,162.5,M,83,Juniors,Raw,B
5,Abdul Momin Dar,2002-05-02,J&K,81.84,-162.5,162.5,-170,162.5,162.5,M,83,Juniors,Raw,B
6,Parva Pandya,2003-08-30,GUJ,82.56,160,-167.5,-170,160,160,M,83,Juniors,Raw,B
7,Sohel Eshan,2006-03-23,JHA,82.00,142.5,150,-157.5,150,150,M,83,Juniors,Raw,B
8,Vishal Prajapat,2002-07-04,RAJ,83.00,150,-162.5,-165,150,150,M,83,Juniors,Raw,B
9,Shivraj Singh,2006-09-17,J&K,81.10,135,137.5,-142.5,137.5,137.5,M,83,Juniors,Raw,B
10,Sohbit Rana,2002-10-27,HP,81.48,125,132.5,135,135,135,M,83,Juniors,Raw,B
11,Harsh Jaiswal,2003-03-15,M P,81.52,130,132.5,-142.5,132.5,132.5,M,83,Juniors,Raw,B
12,Karmugilan Raja,2005-05-11,T N,82.22,125,130,-132.5,130,130,M,83,Juniors,Raw,B
13,Rahul Jaiswal,2002-05-01,CHT,81.28,-105,105,-112.5,105,105,M,83,Juniors,Raw,B
14,Arman Katwal,2006-12-06,HP,81.70,55,65,-95,65,65,M,83,Juniors,Raw,B
1,Arun Kumar,2004-03-22,U P,91.20,172.5,177.5,-180,177.5,177.5,M,93,Juniors,Raw,B
2,Vikram Sriramulu,2004-04-15,T N,92.20,172.5,-180,-180,172.5,172.5,M,93,Juniors,Raw,B
3,Tanmay Mohan Patil,2002-02-28,MAH,90.90,165,170,-177.5,170,170,M,93,Juniors,Raw,B
4,Arman Ansari,2003-03-17,JHA,90.30,157.5,165,-170,165,165,M,93,Juniors,Raw,B
5,Danish Saify,2003-10-31,RAJ,91.90,150,-152.5,-152.5,150,150,M,93,Juniors,Raw,B
6,Dev Chakraborty,2003-04-08,BIH,91.20,140,-147.5,147.5,147.5,147.5,M,93,Juniors,Raw,B
7,Manish Kumar #7,2004-10-11,HAR,92.90,147.5,-150,-150,147.5,147.5,M,93,Juniors,Raw,B
8,Jasbant Pradhan,2003-03-23,ODI,88.40,140,142.5,-160,142.5,142.5,M,93,Juniors,Raw,B
9,Sumit Char Modak,2005-03-04,JHA,90.80,-135,-135,140,140,140,M,93,Juniors,Raw,B
10,Mohit Tak,2003-10-16,RAJ,89.10,135,-142.5,-145,135,135,M,93,Juniors,Raw,B
11,Saksham Bassan,2005-11-10,J&K,93.00,125,130,-135,130,130,M,93,Juniors,Raw,B
12,Kishan Kumar Singh,2003-07-10,CHN,93.00,120,130,-147.5,130,130,M,93,Juniors,Raw,B
13,Ujjwal Panwar,2002-09-26,M P,91.06,-110,-110,120,120,120,M,93,Juniors,Raw,B
DQ,Gokulraj P,2002-12-21,T N,91.00,-145,-147.5,-147.5,,,M,93,Juniors,Raw,B
1,Sawan Lot,2002-03-15,M P,101.20,165,170,177.5,177.5,177.5,M,105,Juniors,Raw,B
2,Bhuvnesh Kumar,2006-07-08,DEL,103.80,145,155,162.5,162.5,162.5,M,105,Juniors,Raw,B
3,Mohit Kumar #4,2004-08-15,BIH,105.00,150,162.5,-167.5,162.5,162.5,M,105,Juniors,Raw,B
4,Sameer Shaikh,2003-10-04,MAH,102.20,150,160,-165,160,160,M,105,Juniors,Raw,B
5,Rishabh Jayasimha Iyengar,2003-08-06,KAR,103.40,157.5,-162.5,-165,157.5,157.5,M,105,Juniors,Raw,B
6,Tanmay Agnihotri,2003-08-31,U P,104.00,155,-160,-162.5,155,155,M,105,Juniors,Raw,B
7,Praveen Toppo,2003-08-12,JHA,98.76,-147.5,-147.5,150,150,150,M,105,Juniors,Raw,B
8,Amit Kumar Parida,2005-01-01,ODI,99.78,140,150,-157.5,150,150,M,105,Juniors,Raw,B
9,Smruti Ranjan Swain,2006-01-04,ODI,95.80,130,140,-155,140,140,M,105,Juniors,Raw,B
10,Mohammad Rehan Gori,2002-07-26,RAJ,93.80,117.5,125,-130,125,125,M,105,Juniors,Raw,B
DQ,Abhishek Agnihotri,2005-03-12,HP,102.00,-130,-130,-130,,,M,105,Juniors,Raw,B
DQ,Navjot Singh,2004-02-17,PUN,100.20,-80,-80,-80,,,M,105,Juniors,Raw,B
DQ,Vicky Kumar,2003-02-28,JHA,99.20,-150,-155,-155,,,M,105,Juniors,Raw,B
1,Jasveer Singh Bhatia,2004-07-08,MAH,111.40,157.5,165,-175,165,165,M,120,Juniors,Raw,B
2,Harpal Singh #3,2003-02-03,PUN,105.80,160,162.5,-172.5,162.5,162.5,M,120,Juniors,Raw,B
3,Sushank Kumar Kashi,2002-07-21,JHA,116.10,142.5,-155,162.5,162.5,162.5,M,120,Juniors,Raw,B
4,Piyush Sharma,2005-10-03,DEL,117.60,145,155,160,160,160,M,120,Juniors,Raw,B
5,Ankit Kumar #10,2005-01-14,BIH,106.00,-150,157.5,-162.5,157.5,157.5,M,120,Juniors,Raw,B
6,Shivansh Bhadoria,2002-08-16,M P,108.10,152.5,157.5,-162.5,157.5,157.5,M,120,Juniors,Raw,B
7,Arunava Kumar Bose,2005-05-03,W B,115.10,-147.5,147.5,155,155,155,M,120,Juniors,Raw,B
8,Harshal Dadhich,2003-10-31,RAJ,113.90,-145,145,-147.5,145,145,M,120,Juniors,Raw,B
9,Devender,2002-07-02,HAR,115.70,137.5,142.5,145,145,145,M,120,Juniors,Raw,B
10,Ritwik Singh,2006-09-01,DEL,119.20,135,137.5,-142.5,137.5,137.5,M,120,Juniors,Raw,B
11,Thejaksha Poojary,2006-05-13,KAR,113.60,135,-140,-140,135,135,M,120,Juniors,Raw,B
12,Simran Sodi Singh,2004-11-17,J&K,109.90,115,125,-135,125,125,M,120,Juniors,Raw,B
13,Shaurya Pratap,2003-02-03,UTK,106.70,-120,120,-125,120,120,M,120,Juniors,Raw,B
1,Anish Show,2002-03-24,W B,138.70,165,170,175,175,175,M,120+,Juniors,Raw,B
2,Arjun Vats,2002-10-08,DEL,144.20,160,165,-172.5,165,165,M,120+,Juniors,Raw,B
3,Rohit Sorout,2004-05-13,HAR,120.30,-160,160,-165,160,160,M,120+,Juniors,Raw,B
4,Shantanu Joshi,2002-04-02,MAH,128.10,160,-167.5,-172.5,160,160,M,120+,Juniors,Raw,B
5,Prince Ekka,2006-03-09,M P,129.60,115,120,-125,120,120,M,120+,Juniors,Raw,B
DQ,Shubham Kumar,2006-07-24,U P,125.90,-145,-145,-145,,,M,120+,Juniors,Raw,B
1,Nand Kishor,1976-12-31,HAR,57.20,85,90,-95,90,90,M,59,Masters 1,Raw,B
2,Ashesh Pednekar,1976-03-22,MAH,55.90,67.5,70,72.5,72.5,72.5,M,59,Masters 1,Raw,B
1,Rayies Ahmad Baba,1978-04-20,J&K,65.20,125,130,-135,130,130,M,66,Masters 1,Raw,B
2,Mahesh Pedamkar,1978-10-31,MAH,65.44,107.5,112.5,117.5,117.5,117.5,M,66,Masters 1,Raw,B
3,Lal Singh,1982-11-01,HAR,66.00,-105,-105,115,115,115,M,66,Masters 1,Raw,B
4,Tanvir Khan,1984-10-18,M P,64.84,-105,105,110,110,110,M,66,Masters 1,Raw,B
5,Shishir Prajapati,1984-11-20,RAJ,65.76,107.5,-112.5,-112.5,107.5,107.5,M,66,Masters 1,Raw,B
6,Rajesh M K,1978-05-03,KER,64.50,95,102.5,-107.5,102.5,102.5,M,66,Masters 1,Raw,B
7,James Momin,1978-01-01,MEG,65.93,95,102.5,-107.5,102.5,102.5,M,66,Masters 1,Raw,B
8,Mohammed Imran Sattar,1983-04-15,M P,65.56,-97.5,97.5,-107.5,97.5,97.5,M,66,Masters 1,Raw,B
9,Jaswant Kumar,1984-11-01,U P,65.44,65,70,-75,70,70,M,66,Masters 1,Raw,B
1,Ranjeet Saini,1983-08-03,HAR,71.70,-127.5,132.5,137.5,137.5,137.5,M,74,Masters 1,Raw,B
2,Inayatullah Khan,1985-04-17,J&K,72.20,-127.5,127.5,135,135,135,M,74,Masters 1,Raw,B
3,Umakanta Behera,1976-10-12,ODI,73.70,115,120,125,125,125,M,74,Masters 1,Raw,B
4,Ajit Singh,1981-03-22,CHN,73.60,112.5,120,-125,120,120,M,74,Masters 1,Raw,B
5,Santanu Baruah,1977-02-01,ASA,73.90,-105,110,115,115,115,M,74,Masters 1,Raw,B
6,Suraj Panwar,1982-11-27,M P,73.30,90,100,107.5,107.5,107.5,M,74,Masters 1,Raw,B
7,Pradeep Chakraborty,1979-04-08,DEL,73.80,100,105,107.5,107.5,107.5,M,74,Masters 1,Raw,B
8,Kanhaya Lal Verfa,1982-02-03,M P,72.10,100,-105,105,105,105,M,74,Masters 1,Raw,B
9,Viiveck Raut,1981-02-19,VID,73.30,95,105,-107.5,105,105,M,74,Masters 1,Raw,B
10,Uttam Singh Rawat,1984-12-02,DEL,74.00,90,105,-122.5,105,105,M,74,Masters 1,Raw,B
11,Sukhvir Singh,1984-07-01,RAJ,73.70,95,-105,-105,95,95,M,74,Masters 1,Raw,B
DQ,Dinesh Pawar,1980-05-05,MAH,71.86,-127.5,-127.5,-127.5,,,M,74,Masters 1,Raw,B
DQ,Munish Kumar,1983-04-05,J&K,73.98,-102.5,-102.5,-102.5,,,M,74,Masters 1,Raw,B
1,Harmesh Lal,1978-04-27,PUN,82.83,-160,160,-170,160,160,M,83,Masters 1,Raw,B
2,Jai Parkash,1983-11-19,PUN,82.74,130,132.5,145,145,145,M,83,Masters 1,Raw,B
3,Bhuvnendra,1982-01-01,U P,82.46,125,127.5,137.5,137.5,137.5,M,83,Masters 1,Raw,B
4,Ravindra Yadav,1976-12-29,HAR,82.06,122.5,127.5,132.5,132.5,132.5,M,83,Masters 1,Raw,B
5,Manoraj Arokiyaraj,1981-05-14,T N,82.76,125,127.5,132.5,132.5,132.5,M,83,Masters 1,Raw,B
6,Jitender #3,1984-02-07,HP,82.94,105,115,-122.5,115,115,M,83,Masters 1,Raw,B
7,Soudan Singh Chouhan,1984-01-13,M P,83.00,115,-120,,115,115,M,83,Masters 1,Raw,B
8,Pawan Khati,1982-08-11,W B,82.78,110,112.5,-122.5,112.5,112.5,M,83,Masters 1,Raw,B
9,Vipan Kumar,1983-04-21,HP,81.00,95,97.5,105,105,105,M,83,Masters 1,Raw,B
10,Ajay Kumar #10,1984-04-27,J&K,80.46,80,-85,85,85,85,M,83,Masters 1,Raw,B
1,Hardeep Singh #4,1984-09-17,PUN,92.40,170,172.5,180,180,180,M,93,Masters 1,Raw,B
2,Shriom,1981-05-20,DEL,88.06,172.5,-177.5,-182.5,172.5,172.5,M,93,Masters 1,Raw,B
3,Shri Kishan Saini,1984-05-04,HAR,91.60,-170,170,-182.5,170,170,M,93,Masters 1,Raw,B
4,Arvind Singh,1981-01-10,U P,89.84,147.5,155,-157.5,155,155,M,93,Masters 1,Raw,B
5,Prem Nandan Kumar Singh,1982-04-01,JHA,91.50,145,155,-182.5,155,155,M,93,Masters 1,Raw,B
6,Ande Ganesh,1983-08-10,A P,87.20,-132.5,132.5,140,140,140,M,93,Masters 1,Raw,B
7,Krishnakumar A Adhinarayanan,1983-07-07,T N,91.00,130,140,-142.5,140,140,M,93,Masters 1,Raw,B
8,Selvakumar Mohan,1983-07-27,T N,87.80,110,117.5,-120,117.5,117.5,M,93,Masters 1,Raw,B
9,Suresh Babu S,1985-11-02,KER,84.10,110,112.5,-132.5,112.5,112.5,M,93,Masters 1,Raw,B
10,Dharampal,1984-01-01,CHN,89.10,100,105,107.5,107.5,107.5,M,93,Masters 1,Raw,B
11,Ankaj Sharma,1984-12-22,HP,89.06,85,95,105,105,105,M,93,Masters 1,Raw,B
12,Manmay Mishra,1984-10-01,ODI,87.32,75,80,87.5,87.5,87.5,M,93,Masters 1,Raw,B
13,Gaurav Sorot,1984-09-17,CHN,86.60,50,,,50,50,M,93,Masters 1,Raw,B
1,Rajbir,1979-08-31,HAR,93.45,162.5,-167.5,167.5,167.5,167.5,M,105,Masters 1,Raw,B
2,Dharam Pal Sharma,1980-11-14,J&K,94.80,150,157.5,160,160,160,M,105,Masters 1,Raw,B
3,Umesh Raina,1979-03-25,J&K,99.20,-140,140,145,145,145,M,105,Masters 1,Raw,B
4,Abhishek Badke,1984-08-15,M P,103.44,145,-152.5,-152.5,145,145,M,105,Masters 1,Raw,B
5,Mahendra Kumar Chanda,1979-11-19,RAJ,99.72,120,122.5,-125,122.5,122.5,M,105,Masters 1,Raw,B
6,Chanchal Kumar Sanyal,1979-09-28,U P,102.40,105,112.5,115,115,115,M,105,Masters 1,Raw,B
7,Prakash Prajapat,1985-03-27,M P,95.20,105,110,-115,110,110,M,105,Masters 1,Raw,B
8,Abhijit Biswas,1981-02-14,W B,96.60,97.5,105,110,110,110,M,105,Masters 1,Raw,B
1,Sandeep Kumar #13,1985-01-12,HAR,110.80,157.5,162.5,167.5,167.5,167.5,M,120,Masters 1,Raw,B
2,Chetan Kapoor,1976-07-19,DEL,111.20,140,142.5,165,165,165,M,120,Masters 1,Raw,B
3,Tejbir Singh,1979-06-10,PUN,105.10,155,160,-162.5,160,160,M,120,Masters 1,Raw,B
4,Satish Kumar #4,1984-04-14,HAR,106.00,152.5,-160,160,160,160,M,120,Masters 1,Raw,B
5,Gurpreet Singh #9,1979-03-14,PUN,105.60,150,-157.5,-157.5,150,150,M,120,Masters 1,Raw,B
6,Deshbandhu Sharma,1981-08-21,RAJ,107.30,135,145,-162.5,145,145,M,120,Masters 1,Raw,B
7,Akhil Arora,1983-10-03,DEL,109.30,127.5,130,-142.5,130,130,M,120,Masters 1,Raw,B
8,Ravi Dubey,1983-06-16,M P,114.20,110,125,-127.5,125,125,M,120,Masters 1,Raw,B
9,Mubassir Khan,1976-04-12,MAH,110.10,115,-122.5,-122.5,115,115,M,120,Masters 1,Raw,B
10,Medarametla Rangarao,1976-05-30,TEL,108.90,90,100,110,110,110,M,120,Masters 1,Raw,B
1,Kuntal Das,1984-07-26,W B,120.70,150,160,162.5,162.5,162.5,M,120+,Masters 1,Raw,B
2,Rajeev Chaudhary,1977-09-25,UTK,136.40,100,115,117.5,117.5,117.5,M,120+,Masters 1,Raw,B
3,Prakash Kadlak,1984-08-29,MAH,120.30,102.5,107.5,-115,107.5,107.5,M,120+,Masters 1,Raw,B
1,Rajesh Potdar,1972-09-16,MAH,56.90,85,90,92.5,92.5,92.5,M,59,Masters 2,Raw,B
2,Vijay Singh Dhakad,1973-08-27,M P,57.60,85,90,-95,90,90,M,59,Masters 2,Raw,B
3,Chelar Janardhan Sateesh,1970-06-29,KAR,58.00,70,75,-77.5,75,75,M,59,Masters 2,Raw,B
4,John Paul Roy K M,1969-01-31,KER,57.42,67.5,72.5,-77.5,72.5,72.5,M,59,Masters 2,Raw,B
1,Binod-Kumar Patra,1969-11-23,JHA,65.60,115,125,130,130,130,M,66,Masters 2,Raw,B
2,Sivasankaran N,1972-02-12,PUD,63.54,-85,-92.5,92.5,92.5,92.5,M,66,Masters 2,Raw,B
3,Chandra Prakash Mishra,1971-10-01,TEL,63.68,-80,87.5,92.5,92.5,92.5,M,66,Masters 2,Raw,B
4,Rajendra Chavan,1970-08-17,MAH,64.00,85,92.5,-97.5,92.5,92.5,M,66,Masters 2,Raw,B
5,Dattatrya Jadhav,1974-01-31,MAH,65.70,87.5,-92.5,92.5,92.5,92.5,M,66,Masters 2,Raw,B
6,Subhash Chander,1972-03-05,HAR,65.80,-90,90,-97.5,90,90,M,66,Masters 2,Raw,B
1,Sohan Rana,1975-06-17,M P,73.40,122.5,127.5,-132.5,127.5,127.5,M,74,Masters 2,Raw,B
2,Sanjay Kumar,1975-02-07,DEL,72.66,120,125,-132.5,125,125,M,74,Masters 2,Raw,B
3,Amitabh Baruah,1974-09-18,ASA,74.00,115,-122.5,125,125,125,M,74,Masters 2,Raw,B
4,Thushar Khedekar,1975-08-08,MAH,70.30,107.5,-115,115,115,115,M,74,Masters 2,Raw,B
5,Mukesh Sharma,1973-09-21,HP,72.00,105,-110,-117.5,105,105,M,74,Masters 2,Raw,B
6,Sankarapandian G,1967-04-08,T N,70.90,95,100,102.5,102.5,102.5,M,74,Masters 2,Raw,B
7,Abhay Singh Rathor,1971-07-19,M P,73.50,95,97.5,102.5,102.5,102.5,M,74,Masters 2,Raw,B
8,Kilari Bhavani Shankar,1975-08-28,TEL,71.00,70,-75,-75,70,70,M,74,Masters 2,Raw,B
9,Vinod Kumar Joshi,1972-04-17,RAJ,67.20,62.5,-65,65,65,65,M,74,Masters 2,Raw,B
1,Vincent Prakash Carlo,1972-01-26,KAR,81.44,132.5,137.5,140,140,140,M,83,Masters 2,Raw,B
2,Mathura Sethy,1974-07-05,ODI,79.20,115,122.5,127.5,127.5,127.5,M,83,Masters 2,Raw,B
3,Subhash Deshmukh,1966-11-10,MAH,83.00,117.5,-122.5,-125,117.5,117.5,M,83,Masters 2,Raw,B
4,A.Selva Kumar,1975-05-20,T N,81.40,-110,-115,115,115,115,M,83,Masters 2,Raw,B
5,Rajendra Singh,1969-09-01,M P,82.64,105,112.5,115,115,115,M,83,Masters 2,Raw,B
6,Raghavendra Shet,1975-07-15,KAR,80.04,105,-112.5,112.5,112.5,112.5,M,83,Masters 2,Raw,B
7,Mahendra Kumar,,U P,81.92,105,-112.5,-112.5,105,105,M,83,Masters 2,Raw,B
8,Chatar Singh,1975-07-03,RAJ,83.00,-95,100,105,105,105,M,83,Masters 2,Raw,B
9,Budda Varaha Ramakrishna,1973-05-23,A P,82.50,-95,100,-105,100,100,M,83,Masters 2,Raw,B
10,Surinder Singh Baidwan,1970-07-01,CHN,79.70,85,92.5,-97.5,92.5,92.5,M,83,Masters 2,Raw,B
DQ,Veeradasu Bhadraiah,1974-01-16,TEL,77.80,-100,-105,-105,,,M,83,Masters 2,Raw,B
DQ,Sheshu Butter,1974-08-21,TEL,75.92,-105,-105,-105,,,M,83,Masters 2,Raw,B
1,Ravinder Singh #1,1975-12-27,HAR,91.50,130,132.5,135,135,135,M,93,Masters 2,Raw,B
2,Ashish Jain,1974-07-27,M P,88.50,-120,125,132.5,132.5,132.5,M,93,Masters 2,Raw,B
3,Niranjan Bebarta Pattnaik,1974-08-15,ODI,91.50,117.5,-122.5,125,125,125,M,93,Masters 2,Raw,B
4,Prakash Chouksey,1973-05-31,M P,85.40,-115,117.5,122.5,122.5,122.5,M,93,Masters 2,Raw,B
5,Ravi Komirelli,1975-06-18,TEL,89.06,110,120,-122.5,120,120,M,93,Masters 2,Raw,B
6,Parveen Rustagi,1975-01-12,HAR,90.26,110,115,-120,115,115,M,93,Masters 2,Raw,B
7,Virendra Kumar Sharma,1970-01-01,RAJ,87.88,100,-105,-105,100,100,M,93,Masters 2,Raw,B
1,Shailendra Edwin,1969-09-16,M P,102.30,140,145,150,150,150,M,105,Masters 2,Raw,B
2,Avtar Singh #7,1975-12-09,J&K,93.10,125,135,140,140,140,M,105,Masters 2,Raw,B
3,Ramesh Kumar,1972-06-28,DEL,99.10,125,132.5,137.5,137.5,137.5,M,105,Masters 2,Raw,B
4,Shyam Khude,1975-01-01,MAH,96.80,-117.5,117.5,-125,117.5,117.5,M,105,Masters 2,Raw,B
5,Kinty Verma,1969-07-15,U P,96.60,-90,105,-120,105,105,M,105,Masters 2,Raw,B
DQ,Lakshmi Kanthan,1975-04-25,T N,99.80,-100,,,,,M,105,Masters 2,Raw,B
1,Jagtap Prashant,1975-02-15,MAH,105.10,115,120,,120,120,M,120,Masters 2,Raw,B
2,Rajesh Yadav,1967-02-28,RAJ,108.40,110,115,120,120,120,M,120,Masters 2,Raw,B
1,Dhulipalla Ramu,1975-05-12,A P,125.40,95,102.5,110,110,110,M,120+,Masters 2,Raw,B
2,Deepak Sharma,1971-09-30,MAH,133.30,85,95,-105,95,95,M,120+,Masters 2,Raw,B
1,Lakshmanan D,1958-08-28,T N,57.66,87.5,-93,-93,87.5,87.5,M,59,Masters 3,Raw,B
2,Arun Sharma,1962-10-02,DEL,56.48,80,-87.5,-87.5,80,80,M,59,Masters 3,Raw,B
3,Gajanan Mahajani,1964-06-02,MAH,55.48,70,75,-80,75,75,M,59,Masters 3,Raw,B
4,Karam Chand,1956-11-10,CHN,55.57,67.5,-70,-70,67.5,67.5,M,59,Masters 3,Raw,B
5,Mani Choudhari,1960-01-13,M P,57.26,50,55,,55,55,M,59,Masters 3,Raw,B
DQ,Kiran Kumar Kangjam,1963-03-01,MAN,45.00,-45,-50,-50,,,M,59,Masters 3,Raw,B
1,U Lakshmana,1965-06-06,KAR,64.74,75,80,85,85,85,M,66,Masters 3,Raw,B
2,Edachery Mohan Peters,1964-11-26,KER,64.00,65,70,75,75,75,M,66,Masters 3,Raw,B
3,Rakesh Kumar #5,1963-09-07,PUN,64.30,65,70,-75,70,70,M,66,Masters 3,Raw,B
4,Jagdish Junaniya,1961-05-07,M P,62.90,60,67.5,-75,67.5,67.5,M,66,Masters 3,Raw,B
1,Shivaji Bhintade,1965-09-23,MAH,71.80,95,100,102.5,102.5,102.5,M,74,Masters 3,Raw,B
2,Udai Pratap Singh,1961-12-02,M P,73.80,77.5,82.5,85,85,85,M,74,Masters 3,Raw,B
3,Amitava Das,1962-10-05,W B,73.00,80,-82.5,-85,80,80,M,74,Masters 3,Raw,B
4,Vinod Satav,1960-06-02,MAH,73.50,77.5,-85,-85,77.5,77.5,M,74,Masters 3,Raw,B
5,Prasannan Nair,1962-12-24,KER,69.90,50,-60,-62.5,50,50,M,74,Masters 3,Raw,B
1,Rajmahendra Yemul,1963-06-02,MAH,75.84,95,100,105,105,105,M,83,Masters 3,Raw,B
2,Joshua Peter,1956-08-02,DEL,82.24,85,95,-105,95,95,M,83,Masters 3,Raw,B
3,Badri Prasad Shukla,1962-11-05,M P,81.56,85,87.5,-92.5,87.5,87.5,M,83,Masters 3,Raw,B
DQ,Dharam Dev,1965-04-11,HAR,83.00,-70,-70,-75,,,M,83,Masters 3,Raw,B
1,Anil Kumar Sharma,1957-02-05,UTK,89.90,100,-107.5,-107.5,100,100,M,93,Masters 3,Raw,B
2,Nashkar Tandon,1964-12-25,CHT,83.20,70,75,80,80,80,M,93,Masters 3,Raw,B
1,Surendra Singh Rathore,1965-03-20,M P,100.40,117.5,122.5,125,125,125,M,105,Masters 3,Raw,B
2,Raj Kumar Khatana,1959-01-01,DEL,94.00,107.5,115,-117.5,115,115,M,105,Masters 3,Raw,B
3,Ajith S Nair,1963-04-28,KER,95.00,80,90,95,95,95,M,105,Masters 3,Raw,B
4,Tapas Kanti Dutta,1956-04-30,W B,98.40,-70,70,75,75,75,M,105,Masters 3,Raw,B
5,Manohar Lal Sen,1959-11-05,M P,100.20,62.5,67.5,-70,67.5,67.5,M,105,Masters 3,Raw,B
1,B Ajay Rathnam,1965-11-27,T N,119.50,90,95,100,100,100,M,120,Masters 3,Raw,B
1,Sreenivasan K C,1950-08-28,KER,55.20,65,70,-72.5,70,70,M,59,Masters 4,Raw,B
2,Alok Asthana,1954-03-04,MAH,55.90,60,-70,-72.5,60,60,M,59,Masters 4,Raw,B
1,Premachandran Nair Neelakandapillai,1952-04-12,KER,64.90,65,70,-75,70,70,M,66,Masters 4,Raw,B
1,Ganesan C P,1955-05-04,T N,68.00,70,75,-77.5,75,75,M,74,Masters 4,Raw,B
2,Nirmal Kumar Saha,1948-03-19,W B,73.20,60,67.5,70,70,70,M,74,Masters 4,Raw,B
3,Desaraju Venkata Sankara Rao,1953-06-17,TEL,72.70,-60,65,-70,65,65,M,74,Masters 4,Raw,B
4,Babulal Rajput,1953-03-11,M P,66.40,55,60,-65,60,60,M,74,Masters 4,Raw,B
DQ,Naresh Agarwal,1955-06-20,U P,73.90,-40,-40,-40,,,M,74,Masters 4,Raw,B
1,Inderjit Singh,1954-02-07,JHA,82.16,102.5,107.5,110,110,110,M,83,Masters 4,Raw,B
2,Om Singh Chouhan,1954-06-10,RAJ,78.70,-70,70,75,75,75,M,83,Masters 4,Raw,B
3,Harshan Palliath,1955-11-30,KER,83.00,-65,70,-75,70,70,M,83,Masters 4,Raw,B
1,Jagdish Singh,1955-06-15,CHN,87.50,80,87.5,92.5,92.5,92.5,M,93,Masters 4,Raw,B
2,Hari Gopal Thanvi,1955-08-10,RAJ,83.10,55,60,-62.5,60,60,M,93,Masters 4,Raw,B
1,V Mallesh,1955-01-14,TEL,96.60,70,75,80,80,80,M,105,Masters 4,Raw,B
2,Ashok Dubey,1950-08-22,M P,93.60,57.5,60,-62.5,60,60,M,105,Masters 4,Raw,B