                 NSW SPRING GRADING 11.10.2003,,,,,,,,
,,,,,,,,
NAME,CAT,DIV,BW,SQ,BP,DL,TOTAL,WILKS
MAX BRISTOW,M,67.5,67,170,107.5,240,517.5,401.373
ANDREW BROWN,M,82.5,78.9,160,130,200,490,337.512
RICHARD HOZJAN,M,82.5,81.9,192.5,135,225,552.5,371.77725
TOM JAMIESON,M,82.5,82.5,,142.5,,142.5,95.46075
MARK ROSKELL,M,90,89.4,215,120,210,545,349.127
MARTIN REYNOLDS,M,90,89.1,,140.5,,140,89.838
GORDON THOROGOOD,M,100,95.8,200,115,185,500,309.85
FREDERICK MOORE,M,110,109.1,230,150,260,640,377.6
JAMES ONEILL,M,110,109.8,180,110,180,470,276.736
