MeetFederation,MeetName,MeetLocation,MeetDateText,SheetTitle,Division,WeightClass,Sex,Equipment,Event,Rank,Name,DOB,Team,BodyweightKg,GoodliftCoefficient,Lot,Attempt1,Attempt2,Attempt3,ResultKg,GoodliftPoints,FederationPoints,Attempt1Status,Attempt2Status,Attempt3Status,Attempt1RecordMarker,Attempt2RecordMarker,Attempt3RecordMarker,SourceURL
EUROPEAN POWERLIFTING FEDERATION,European Women's Equipped Bench Press Championships (and SOI Event),Druskininkai (Lithuania),02-09.08.2026,SCORESHEET,Open,-47kg,F,Equipped,B,1.,Polianska Mariia,2003,UKR,46.30,0.7682,2,90.0,97.5,102.5,102.5,78.74,12,good,good,good,,,,https://goodlift.info/scoresheets/scoresheet_w_eq.htm
EUROPEAN POWERLIFTING FEDERATION,European Women's Equipped Bench Press Championships (and SOI Event),Druskininkai (Lithuania),02-09.08.2026,SCORESHEET,Open,-47kg,F,Equipped,B,2.,Zimmermann Agnieszka,1994,POL,46.20,0.7698,1,90.0,95.0,100.0,100.0,76.98,9,good,good,good,,,,https://goodlift.info/scoresheets/scoresheet_w_eq.htm
EUROPEAN POWERLIFTING FEDERATION,European Women's Equipped Bench Press Championships (and SOI Event),Druskininkai (Lithuania),02-09.08.2026,SCORESHEET,Open,-52kg,F,Equipped,B,1.,Shchavinska Tetiana,1996,UKR,51.65,0.6968,6,127.5,132.5,140.0,140.0,97.56,12,good,good,good,,,,https://goodlift.info/scoresheets/scoresheet_w_eq.htm
EUROPEAN POWERLIFTING FEDERATION,European Women's Equipped Bench Press Championships (and SOI Event),Druskininkai (Lithuania),02-09.08.2026,SCORESHEET,Open,-52kg,F,Equipped,B,2.,Dissanayake Amila,1988,GBR,51.30,0.7008,3,120.0,127.5,132.5,120.0,84.10,9,good,failed,failed,,,,https://goodlift.info/scoresheets/scoresheet_w_eq.htm
EUROPEAN POWERLIFTING FEDERATION,European Women's Equipped Bench Press Championships (and SOI Event),Druskininkai (Lithuania),02-09.08.2026,SCORESHEET,Open,-52kg,F,Equipped,B,3.,Sandvik Marcela,1974,FIN,51.55,0.6980,5,105.0,105.0,122.5,105.0,73.29,8,failed,good,failed,,,,https://goodlift.info/scoresheets/scoresheet_w_eq.htm
EUROPEAN POWERLIFTING FEDERATION,European Women's Equipped Bench Press Championships (and SOI Event),Druskininkai (Lithuania),02-09.08.2026,SCORESHEET,Open,-52kg,F,Equipped,B,4.,Korsak Patrycja,1999,POL,51.55,0.6980,4,100.0,105.0,107.5,100.0,69.80,7,good,failed,failed,,,,https://goodlift.info/scoresheets/scoresheet_w_eq.htm
EUROPEAN POWERLIFTING FEDERATION,European Women's Equipped Bench Press Championships (and SOI Event),Druskininkai (Lithuania),02-09.08.2026,SCORESHEET,Open,-57kg,F,Equipped,B,1.,Bartonkova Blanka,1995,CZE,56.35,0.6510,8,145.0,152.5,160.0,152.5,99.28,12,good,good,failed,,,,https://goodlift.info/scoresheets/scoresheet_w_eq.htm
EUROPEAN POWERLIFTING FEDERATION,European Women's Equipped Bench Press Championships (and SOI Event),Druskininkai (Lithuania),02-09.08.2026,SCORESHEET,Open,-57kg,F,Equipped,B,2.,Buturlym Hanna,1997,UKR,56.70,0.6481,9,140.0,140.0,155.0,140.0,90.73,9,failed,good,failed,,,,https://goodlift.info/scoresheets/scoresheet_w_eq.htm
EUROPEAN POWERLIFTING FEDERATION,European Women's Equipped Bench Press Championships (and SOI Event),Druskininkai (Lithuania),02-09.08.2026,SCORESHEET,Open,-57kg,F,Equipped,B,3.,Marcelli Dafne,2001,ITA,56.45,0.6502,7,110.0,117.5,117.5,117.5,76.40,8,good,failed,good,,,,https://goodlift.info/scoresheets/scoresheet_w_eq.htm
EUROPEAN POWERLIFTING FEDERATION,European Women's Equipped Bench Press Championships (and SOI Event),Druskininkai (Lithuania),02-09.08.2026,SCORESHEET,Open,-63kg,F,Equipped,B,1.,Cook Jodie,1988,GBR,61.75,0.6112,13,145.0,150.0,152.5,152.5,93.21,12,good,failed,good,,,,https://goodlift.info/scoresheets/scoresheet_w_eq.htm
EUROPEAN POWERLIFTING FEDERATION,European Women's Equipped Bench Press Championships (and SOI Event),Druskininkai (Lithuania),02-09.08.2026,SCORESHEET,Open,-63kg,F,Equipped,B,2.,Rames Maj,1989,DEN,62.50,0.6065,10,150.0,152.5,155.0,152.5,92.49,9,good,good,failed,,,,https://goodlift.info/scoresheets/scoresheet_w_eq.htm
EUROPEAN POWERLIFTING FEDERATION,European Women's Equipped Bench Press Championships (and SOI Event),Druskininkai (Lithuania),02-09.08.2026,SCORESHEET,Open,-63kg,F,Equipped,B,3.,Karjalainen Maria,1990,FIN,61.00,0.6161,14,140.0,145.0,145.0,140.0,86.25,8,good,failed,failed,,,,https://goodlift.info/scoresheets/scoresheet_w_eq.htm
EUROPEAN POWERLIFTING FEDERATION,European Women's Equipped Bench Press Championships (and SOI Event),Druskininkai (Lithuania),02-09.08.2026,SCORESHEET,Open,-63kg,F,Equipped,B,4.,Ruess Sonja,1998,AUT,62.20,0.6084,12,140.0,147.5,152.5,140.0,85.17,7,good,failed,failed,,,,https://goodlift.info/scoresheets/scoresheet_w_eq.htm
EUROPEAN POWERLIFTING FEDERATION,European Women's Equipped Bench Press Championships (and SOI Event),Druskininkai (Lithuania),02-09.08.2026,SCORESHEET,Open,-63kg,F,Equipped,B,5.,Makarova Marharyta,1990,UKR,62.60,0.6059,11,95.0,102.5,102.5,102.5,62.11,6,good,failed,good,,,,https://goodlift.info/scoresheets/scoresheet_w_eq.htm
EUROPEAN POWERLIFTING FEDERATION,European Women's Equipped Bench Press Championships (and SOI Event),Druskininkai (Lithuania),02-09.08.2026,SCORESHEET,Open,-69kg,F,Equipped,B,1.,Kaljula Karmen,1994,EST,68.85,0.5729,30,160.0,165.0,170.0,170.0,97.39,12,good,good,good,,,,https://goodlift.info/scoresheets/scoresheet_w_eq.htm
EUROPEAN POWERLIFTING FEDERATION,European Women's Equipped Bench Press Championships (and SOI Event),Druskininkai (Lithuania),02-09.08.2026,SCORESHEET,Open,-69kg,F,Equipped,B,2.,Kahrer Ines,1996,AUT,68.30,0.5754,31,152.5,157.5,165.0,157.5,90.62,9,good,good,failed,,,,https://goodlift.info/scoresheets/scoresheet_w_eq.htm
EUROPEAN POWERLIFTING FEDERATION,European Women's Equipped Bench Press Championships (and SOI Event),Druskininkai (Lithuania),02-09.08.2026,SCORESHEET,Open,-69kg,F,Equipped,B,3.,Kolding Elin,1998,NOR,65.45,0.5896,37,152.5,152.5,157.5,152.5,89.92,8,failed,good,failed,,,,https://goodlift.info/scoresheets/scoresheet_w_eq.htm
EUROPEAN POWERLIFTING FEDERATION,European Women's Equipped Bench Press Championships (and SOI Event),Druskininkai (Lithuania),02-09.08.2026,SCORESHEET,Open,-69kg,F,Equipped,B,4.,Maier Sabrina,1994,AUT,68.75,0.5733,33,140.0,145.0,147.5,147.5,84.56,7,good,good,good,,,,https://goodlift.info/scoresheets/scoresheet_w_eq.htm
EUROPEAN POWERLIFTING FEDERATION,European Women's Equipped Bench Press Championships (and SOI Event),Druskininkai (Lithuania),02-09.08.2026,SCORESHEET,Open,-69kg,F,Equipped,B,5.,Partanen Anna-Eveliina,1988,FIN,68.40,0.5749,32,145.0,152.5,155.0,145.0,83.36,6,good,failed,failed,,,,https://goodlift.info/scoresheets/scoresheet_w_eq.htm
EUROPEAN POWERLIFTING FEDERATION,European Women's Equipped Bench Press Championships (and SOI Event),Druskininkai (Lithuania),02-09.08.2026,SCORESHEET,Open,-69kg,F,Equipped,B,6.,Pinionzh Kateryna,1998,UKR,68.55,0.5742,34,130.0,140.0,145.0,145.0,83.26,5,good,failed,good,,,,https://goodlift.info/scoresheets/scoresheet_w_eq.htm
EUROPEAN POWERLIFTING FEDERATION,European Women's Equipped Bench Press Championships (and SOI Event),Druskininkai (Lithuania),02-09.08.2026,SCORESHEET,Open,-69kg,F,Equipped,B,7.,Lingner Jasmin,2000,GER,69.00,0.5722,28,135.0,140.0,155.0,140.0,80.10,4,good,good,failed,,,,https://goodlift.info/scoresheets/scoresheet_w_eq.htm
EUROPEAN POWERLIFTING FEDERATION,European Women's Equipped Bench Press Championships (and SOI Event),Druskininkai (Lithuania),02-09.08.2026,SCORESHEET,Open,-69kg,F,Equipped,B,8.,Wojtowicz Natalia,2001,POL,68.80,0.5731,35,120.0,130.0,140.0,130.0,74.50,3,good,good,failed,,,,https://goodlift.info/scoresheets/scoresheet_w_eq.htm
EUROPEAN POWERLIFTING FEDERATION,European Women's Equipped Bench Press Championships (and SOI Event),Druskininkai (Lithuania),02-09.08.2026,SCORESHEET,Open,-69kg,F,Equipped,B,9.,Adalheidardottir Elin Melga r,1992,ISL,69.00,0.5722,29,127.5,127.5,135.0,127.5,72.95,2,failed,good,failed,,,,https://goodlift.info/scoresheets/scoresheet_w_eq.htm
EUROPEAN POWERLIFTING FEDERATION,European Women's Equipped Bench Press Championships (and SOI Event),Druskininkai (Lithuania),02-09.08.2026,SCORESHEET,Open,-69kg,F,Equipped,B,10.,Jarosinska Karolina,1993,GBR,66.30,0.5852,36,95.0,100.0,105.0,105.0,61.44,1,good,good,good,,,,https://goodlift.info/scoresheets/scoresheet_w_eq.htm
EUROPEAN POWERLIFTING FEDERATION,European Women's Equipped Bench Press Championships (and SOI Event),Druskininkai (Lithuania),02-09.08.2026,SCORESHEET,Open,-76kg,F,Equipped,B,1.,Rudin Agnes,2000,SWE,75.35,0.5471,41,172.5,177.5,180.0,172.5,94.38,12,good,failed,failed,,,,https://goodlift.info/scoresheets/scoresheet_w_eq.htm
EUROPEAN POWERLIFTING FEDERATION,European Women's Equipped Bench Press Championships (and SOI Event),Druskininkai (Lithuania),02-09.08.2026,SCORESHEET,Open,-76kg,F,Equipped,B,2.,Steedman Rachel,1995,GBR,75.30,0.5473,39,150.0,152.5,157.5,157.5,86.20,9,failed,good,good,,,,https://goodlift.info/scoresheets/scoresheet_w_eq.htm
EUROPEAN POWERLIFTING FEDERATION,European Women's Equipped Bench Press Championships (and SOI Event),Druskininkai (Lithuania),02-09.08.2026,SCORESHEET,Open,-76kg,F,Equipped,B,—,Lawniczak Daria,1995,POL,75.30,0.5473,38,150.0,150.0,150.0,DSQ,—,—,failed,failed,failed,,,,https://goodlift.info/scoresheets/scoresheet_w_eq.htm
EUROPEAN POWERLIFTING FEDERATION,European Women's Equipped Bench Press Championships (and SOI Event),Druskininkai (Lithuania),02-09.08.2026,SCORESHEET,Open,-76kg,F,Equipped,B,—,Cowell Kimberley,1988,GBR,75.55,0.5464,40,157.5,157.5,160.0,DSQ,—,—,failed,failed,failed,,,,https://goodlift.info/scoresheets/scoresheet_w_eq.htm
EUROPEAN POWERLIFTING FEDERATION,European Women's Equipped Bench Press Championships (and SOI Event),Druskininkai (Lithuania),02-09.08.2026,SCORESHEET,Open,-84kg,F,Equipped,B,1.,Timmers Ankie,1986,LUX,83.20,0.5241,20,190.0,195.0,200.0-w1,200.0,104.81,12,good,good,good,,,w1,https://goodlift.info/scoresheets/scoresheet_w_eq.htm
EUROPEAN POWERLIFTING FEDERATION,European Women's Equipped Bench Press Championships (and SOI Event),Druskininkai (Lithuania),02-09.08.2026,SCORESHEET,Open,-84kg,F,Equipped,B,2.,Kristensen Linda,1977,NOR,81.80,0.5277,18,170.0,175.0,175.0,175.0,92.34,9,good,failed,good,,,,https://goodlift.info/scoresheets/scoresheet_w_eq.htm
EUROPEAN POWERLIFTING FEDERATION,European Women's Equipped Bench Press Championships (and SOI Event),Druskininkai (Lithuania),02-09.08.2026,SCORESHEET,Open,-84kg,F,Equipped,B,3.,Kamlund Sofia,1990,SWE,82.95,0.5247,19,160.0,172.5,172.5,160.0,83.95,8,good,failed,failed,,,,https://goodlift.info/scoresheets/scoresheet_w_eq.htm
EUROPEAN POWERLIFTING FEDERATION,European Women's Equipped Bench Press Championships (and SOI Event),Druskininkai (Lithuania),02-09.08.2026,SCORESHEET,Open,-84kg,F,Equipped,B,4.,Savenko Alona,1999,UKR,82.45,0.5260,15,125.0,125.0,160.0,125.0,65.75,7,failed,good,failed,,,,https://goodlift.info/scoresheets/scoresheet_w_eq.htm
EUROPEAN POWERLIFTING FEDERATION,European Women's Equipped Bench Press Championships (and SOI Event),Druskininkai (Lithuania),02-09.08.2026,SCORESHEET,Open,-84kg,F,Equipped,B,5.,Tuhackova Petra,1992,CZE,82.35,0.5262,17,102.5,105.0,107.5,105.0,55.25,6,good,good,failed,,,,https://goodlift.info/scoresheets/scoresheet_w_eq.htm
EUROPEAN POWERLIFTING FEDERATION,European Women's Equipped Bench Press Championships (and SOI Event),Druskininkai (Lithuania),02-09.08.2026,SCORESHEET,Open,-84kg,F,Equipped,B,6.,Bell Elena,1990,GBR,77.00,0.5416,16,97.5,102.5,102.5,97.5,52.81,5,good,failed,failed,,,,https://goodlift.info/scoresheets/scoresheet_w_eq.htm
EUROPEAN POWERLIFTING FEDERATION,European Women's Equipped Bench Press Championships (and SOI Event),Druskininkai (Lithuania),02-09.08.2026,SCORESHEET,Open,84+kg,F,Equipped,B,1.,Sweatman Katrina,1985,GBR,134.90,0.4651,22,230.0,235.0,250.0-w,250.0,116.26,12,failed,good,good,,,w,https://goodlift.info/scoresheets/scoresheet_w_eq.htm
EUROPEAN POWERLIFTING FEDERATION,European Women's Equipped Bench Press Championships (and SOI Event),Druskininkai (Lithuania),02-09.08.2026,SCORESHEET,Open,84+kg,F,Equipped,B,2.,Hjalle Matilda,1991,SWE,102.85,0.4892,24,207.5,217.5,227.5,227.5,111.29,9,good,good,good,,,,https://goodlift.info/scoresheets/scoresheet_w_eq.htm
EUROPEAN POWERLIFTING FEDERATION,European Women's Equipped Bench Press Championships (and SOI Event),Druskininkai (Lithuania),02-09.08.2026,SCORESHEET,Open,84+kg,F,Equipped,B,3.,Jensen Maria Kamp,1985,DEN,106.20,0.4853,26,205.0,215.0,220.0,205.0,99.49,8,good,failed,failed,,,,https://goodlift.info/scoresheets/scoresheet_w_eq.htm
EUROPEAN POWERLIFTING FEDERATION,European Women's Equipped Bench Press Championships (and SOI Event),Druskininkai (Lithuania),02-09.08.2026,SCORESHEET,Open,84+kg,F,Equipped,B,4.,Agnarsdottir Laufey,1973,ISL,101.85,0.4905,25,162.5,167.5,172.5,167.5,82.15,7,good,good,failed,,,,https://goodlift.info/scoresheets/scoresheet_w_eq.htm
EUROPEAN POWERLIFTING FEDERATION,European Women's Equipped Bench Press Championships (and SOI Event),Druskininkai (Lithuania),02-09.08.2026,SCORESHEET,Open,84+kg,F,Equipped,B,5.,Reimann Liina,1994,EST,124.40,0.4704,23,115.0,130.0,130.0,130.0,61.15,6,good,failed,good,,,,https://goodlift.info/scoresheets/scoresheet_w_eq.htm
EUROPEAN POWERLIFTING FEDERATION,European Women's Equipped Bench Press Championships (and SOI Event),Druskininkai (Lithuania),02-09.08.2026,SCORESHEET,Open,84+kg,F,Equipped,B,—,Hugdal Hildeborg,1983,NOR,119.10,0.4739,21,227.5,227.5,227.5,DSQ,—,—,failed,failed,failed,,,,https://goodlift.info/scoresheets/scoresheet_w_eq.htm
EUROPEAN POWERLIFTING FEDERATION,European Women's Equipped Bench Press Championships (and SOI Event),Druskininkai (Lithuania),02-09.08.2026,SCORESHEET,Sub-Juniors,-43kg,F,Equipped,B,1.,Postupailo Mariia,2009,UKR,40.50,0.8837,1,72.5,80.0,85.5,80.0,70.70,12,good,good,failed,,,,https://goodlift.info/scoresheets/scoresheet_w_eq.htm
EUROPEAN POWERLIFTING FEDERATION,European Women's Equipped Bench Press Championships (and SOI Event),Druskininkai (Lithuania),02-09.08.2026,SCORESHEET,Sub-Juniors,-47kg,F,Equipped,B,1.,Shevchuk Sofiia,2008,UKR,46.00,0.7730,2,75.0,82.5,82.5,82.5,63.77,12,good,failed,good,,,,https://goodlift.info/scoresheets/scoresheet_w_eq.htm
EUROPEAN POWERLIFTING FEDERATION,European Women's Equipped Bench Press Championships (and SOI Event),Druskininkai (Lithuania),02-09.08.2026,SCORESHEET,Sub-Juniors,-52kg,F,Equipped,B,1.,Zyskowska Julia,2009,POL,51.10,0.7031,3,82.5,87.5,87.5,87.5,61.52,12,good,failed,good,,,,https://goodlift.info/scoresheets/scoresheet_w_eq.htm
EUROPEAN POWERLIFTING FEDERATION,European Women's Equipped Bench Press Championships (and SOI Event),Druskininkai (Lithuania),02-09.08.2026,SCORESHEET,Sub-Juniors,-52kg,F,Equipped,B,2.,Kolchak Sofiia,2009,UKR,50.60,0.7090,4,75.0,80.0,82.5,75.0,53.17,9,good,failed,failed,,,,https://goodlift.info/scoresheets/scoresheet_w_eq.htm
EUROPEAN POWERLIFTING FEDERATION,European Women's Equipped Bench Press Championships (and SOI Event),Druskininkai (Lithuania),02-09.08.2026,SCORESHEET,Sub-Juniors,-57kg,F,Equipped,B,1.,Stefanowicz Sandra,2011,POL,56.95,0.6460,7,75.0,80.0,85.0,85.0,54.91,12,good,good,good,,,,https://goodlift.info/scoresheets/scoresheet_w_eq.htm
EUROPEAN POWERLIFTING FEDERATION,European Women's Equipped Bench Press Championships (and SOI Event),Druskininkai (Lithuania),02-09.08.2026,SCORESHEET,Sub-Juniors,-57kg,F,Equipped,B,2.,Chuma Anhelina,2011,UKR,55.10,0.6620,6,80.0,82.5,85.0,80.0,52.96,9,good,failed,failed,,,,https://goodlift.info/scoresheets/scoresheet_w_eq.htm
EUROPEAN POWERLIFTING FEDERATION,European Women's Equipped Bench Press Championships (and SOI Event),Druskininkai (Lithuania),02-09.08.2026,SCORESHEET,Sub-Juniors,-57kg,F,Equipped,B,3.,Kosecka Karolina,2008,POL,56.30,0.6515,5,67.5,67.5,75.0,75.0,48.86,8,failed,good,good,,,,https://goodlift.info/scoresheets/scoresheet_w_eq.htm
EUROPEAN POWERLIFTING FEDERATION,European Women's Equipped Bench Press Championships (and SOI Event),Druskininkai (Lithuania),02-09.08.2026,SCORESHEET,Sub-Juniors,-63kg,F,Equipped,B,1.,Khurda Diana,2010,UKR,61.65,0.6119,9,90.0,90.0,97.5,97.5,59.66,12,failed,good,good,,,,https://goodlift.info/scoresheets/scoresheet_w_eq.htm
EUROPEAN POWERLIFTING FEDERATION,European Women's Equipped Bench Press Championships (and SOI Event),Druskininkai (Lithuania),02-09.08.2026,SCORESHEET,Sub-Juniors,-63kg,F,Equipped,B,2.,Frytska Anna,2010,UKR,62.45,0.6068,8,97.5,97.5,97.5,97.5,59.17,9,failed,failed,good,,,,https://goodlift.info/scoresheets/scoresheet_w_eq.htm
EUROPEAN POWERLIFTING FEDERATION,European Women's Equipped Bench Press Championships (and SOI Event),Druskininkai (Lithuania),02-09.08.2026,SCORESHEET,Sub-Juniors,-69kg,F,Equipped,B,1.,Helmetsi Anhelina,2008,UKR,65.65,0.5886,13,75.0,85.0,92.5,85.0,50.03,12,good,good,failed,,,,https://goodlift.info/scoresheets/scoresheet_w_eq.htm
EUROPEAN POWERLIFTING FEDERATION,European Women's Equipped Bench Press Championships (and SOI Event),Druskininkai (Lithuania),02-09.08.2026,SCORESHEET,Sub-Juniors,-76kg,F,Equipped,B,1.,Beljakova Marjana,2008,EST,72.30,0.5583,14,100.0,110.0,115.0,115.0,64.20,12,good,good,good,,,,https://goodlift.info/scoresheets/scoresheet_w_eq.htm
EUROPEAN POWERLIFTING FEDERATION,European Women's Equipped Bench Press Championships (and SOI Event),Druskininkai (Lithuania),02-09.08.2026,SCORESHEET,Sub-Juniors,-76kg,F,Equipped,B,2.,Zubrzycka Iga,2011,POL,71.00,0.5635,15,85.0,90.0,92.5,92.5,52.13,9,good,good,good,,,,https://goodlift.info/scoresheets/scoresheet_w_eq.htm
EUROPEAN POWERLIFTING FEDERATION,European Women's Equipped Bench Press Championships (and SOI Event),Druskininkai (Lithuania),02-09.08.2026,SCORESHEET,Sub-Juniors,-84kg,F,Equipped,B,1.,Chorna Daryna,2010,UKR,81.60,0.5282,10,100.0,110.0,112.5,112.5,59.42,12,good,failed,good,,,,https://goodlift.info/scoresheets/scoresheet_w_eq.htm
EUROPEAN POWERLIFTING FEDERATION,European Women's Equipped Bench Press Championships (and SOI Event),Druskininkai (Lithuania),02-09.08.2026,SCORESHEET,Sub-Juniors,84+kg,F,Equipped,B,1.,Prii Kirke,2008,EST,95.85,0.4989,11,130.0,140.0,145.0,145.0,72.34,12,good,good,good,,,,https://goodlift.info/scoresheets/scoresheet_w_eq.htm
EUROPEAN POWERLIFTING FEDERATION,European Women's Equipped Bench Press Championships (and SOI Event),Druskininkai (Lithuania),02-09.08.2026,SCORESHEET,Juniors,-43kg,F,Equipped,B,1.,Ruzhynska Alina,2005,UKR,41.20,0.8668,1,40.0,45.0,47.5,47.5,41.17,12,good,good,good,,,,https://goodlift.info/scoresheets/scoresheet_w_eq.htm
EUROPEAN POWERLIFTING FEDERATION,European Women's Equipped Bench Press Championships (and SOI Event),Druskininkai (Lithuania),02-09.08.2026,SCORESHEET,Juniors,-47kg,F,Equipped,B,1.,Mustafina Valeriia,2004,UKR,46.30,0.7682,4,82.5,82.5,82.5,82.5,63.37,12,failed,failed,good,,,,https://goodlift.info/scoresheets/scoresheet_w_eq.htm
EUROPEAN POWERLIFTING FEDERATION,European Women's Equipped Bench Press Championships (and SOI Event),Druskininkai (Lithuania),02-09.08.2026,SCORESHEET,Juniors,-47kg,F,Equipped,B,2.,Idczak Karolina,2007,POL,44.40,0.8005,2,75.0,77.5,82.5,75.0,60.04,9,good,failed,failed,,,,https://goodlift.info/scoresheets/scoresheet_w_eq.htm
EUROPEAN POWERLIFTING FEDERATION,European Women's Equipped Bench Press Championships (and SOI Event),Druskininkai (Lithuania),02-09.08.2026,SCORESHEET,Juniors,-47kg,F,Equipped,B,3.,Herasymenko Oksana,2007,UKR,46.60,0.7635,3,55.0,60.0,60.0,60.0,45.81,8,good,failed,good,,,,https://goodlift.info/scoresheets/scoresheet_w_eq.htm
EUROPEAN POWERLIFTING FEDERATION,European Women's Equipped Bench Press Championships (and SOI Event),Druskininkai (Lithuania),02-09.08.2026,SCORESHEET,Juniors,-52kg,F,Equipped,B,1.,Bern Elsa,2006,SWE,51.45,0.6991,5,97.5,102.5,107.5,107.5,75.15,12,good,good,good,,,,https://goodlift.info/scoresheets/scoresheet_w_eq.htm
EUROPEAN POWERLIFTING FEDERATION,European Women's Equipped Bench Press Championships (and SOI Event),Druskininkai (Lithuania),02-09.08.2026,SCORESHEET,Juniors,-52kg,F,Equipped,B,2.,Koshelyk Myroslava,2003,UKR,51.00,0.7043,6,100.0,100.0,100.0,100.0,70.43,9,failed,failed,good,,,,https://goodlift.info/scoresheets/scoresheet_w_eq.htm
EUROPEAN POWERLIFTING FEDERATION,European Women's Equipped Bench Press Championships (and SOI Event),Druskininkai (Lithuania),02-09.08.2026,SCORESHEET,Juniors,-57kg,F,Equipped,B,1.,Janaszek Martyna,2005,POL,56.40,0.6506,7,100.0,105.0,107.5,105.0,68.31,12,good,good,failed,,,,https://goodlift.info/scoresheets/scoresheet_w_eq.htm
EUROPEAN POWERLIFTING FEDERATION,European Women's Equipped Bench Press Championships (and SOI Event),Druskininkai (Lithuania),02-09.08.2026,SCORESHEET,Juniors,-57kg,F,Equipped,B,2.,Bzdyr Sofiia,2003,UKR,55.90,0.6549,8,75.0,80.0,85.0,85.0,55.67,9,good,good,good,,,,https://goodlift.info/scoresheets/scoresheet_w_eq.htm
EUROPEAN POWERLIFTING FEDERATION,European Women's Equipped Bench Press Championships (and SOI Event),Druskininkai (Lithuania),02-09.08.2026,SCORESHEET,Juniors,-57kg,F,Equipped,B,3.,Wasilewska Natalia,2003,POL,53.70,0.6753,9,60.0,77.5,80.0,77.5,52.34,8,good,good,failed,,,,https://goodlift.info/scoresheets/scoresheet_w_eq.htm
EUROPEAN POWERLIFTING FEDERATION,European Women's Equipped Bench Press Championships (and SOI Event),Druskininkai (Lithuania),02-09.08.2026,SCORESHEET,Juniors,-63kg,F,Equipped,B,1.,Velykopolska Viktoriia,2004,UKR,61.15,0.6151,13,115.0,120.0,130.0,120.0,73.81,12,good,good,failed,,,,https://goodlift.info/scoresheets/scoresheet_w_eq.htm
EUROPEAN POWERLIFTING FEDERATION,European Women's Equipped Bench Press Championships (and SOI Event),Druskininkai (Lithuania),02-09.08.2026,SCORESHEET,Juniors,-63kg,F,Equipped,B,2.,Deutsch Amelia,2007,POL,61.60,0.6122,12,110.0,120.0,130.0,120.0,73.46,9,good,good,failed,,,,https://goodlift.info/scoresheets/scoresheet_w_eq.htm
EUROPEAN POWERLIFTING FEDERATION,European Women's Equipped Bench Press Championships (and SOI Event),Druskininkai (Lithuania),02-09.08.2026,SCORESHEET,Juniors,-63kg,F,Equipped,B,3.,Frackowiak Daria,2003,POL,61.70,0.6115,11,100.0,105.0,110.0,105.0,64.21,8,good,good,failed,,,,https://goodlift.info/scoresheets/scoresheet_w_eq.htm
EUROPEAN POWERLIFTING FEDERATION,European Women's Equipped Bench Press Championships (and SOI Event),Druskininkai (Lithuania),02-09.08.2026,SCORESHEET,Juniors,-63kg,F,Equipped,B,4.,Kinast Ayumi,2004,AUT,62.55,0.6062,14,100.0,105.0,110.0,105.0,63.65,7,good,good,failed,,,,https://goodlift.info/scoresheets/scoresheet_w_eq.htm
EUROPEAN POWERLIFTING FEDERATION,European Women's Equipped Bench Press Championships (and SOI Event),Druskininkai (Lithuania),02-09.08.2026,SCORESHEET,Juniors,-63kg,F,Equipped,B,5.,Ernits Kristiina,2003,EST,61.85,0.6106,15,95.0,95.0,100.0,100.0,61.06,6,failed,good,good,,,,https://goodlift.info/scoresheets/scoresheet_w_eq.htm
EUROPEAN POWERLIFTING FEDERATION,European Women's Equipped Bench Press Championships (and SOI Event),Druskininkai (Lithuania),02-09.08.2026,SCORESHEET,Juniors,-63kg,F,Equipped,B,6.,Clarke-Waller Violet,2007,GBR,61.40,0.6135,10,85.0,87.5,105.0,87.5,53.68,5,failed,good,failed,,,,https://goodlift.info/scoresheets/scoresheet_w_eq.htm
EUROPEAN POWERLIFTING FEDERATION,European Women's Equipped Bench Press Championships (and SOI Event),Druskininkai (Lithuania),02-09.08.2026,SCORESHEET,Juniors,-69kg,F,Equipped,B,1.,Hansson Ellen,2003,SWE,68.60,0.5740,21,117.5,117.5,125.0,125.0,71.75,12,failed,good,good,,,,https://goodlift.info/scoresheets/scoresheet_w_eq.htm
EUROPEAN POWERLIFTING FEDERATION,European Women's Equipped Bench Press Championships (and SOI Event),Druskininkai (Lithuania),02-09.08.2026,SCORESHEET,Juniors,-69kg,F,Equipped,B,2.,Trochova Barbora,2006,CZE,66.50,0.5842,22,117.5,122.5,125.0,122.5,71.56,9,good,good,failed,,,,https://goodlift.info/scoresheets/scoresheet_w_eq.htm
EUROPEAN POWERLIFTING FEDERATION,European Women's Equipped Bench Press Championships (and SOI Event),Druskininkai (Lithuania),02-09.08.2026,SCORESHEET,Juniors,-69kg,F,Equipped,B,3.,Borshch Oleksandra,2004,UKR,67.80,0.5778,20,100.0,100.0,100.0,100.0,57.78,8,failed,failed,good,,,,https://goodlift.info/scoresheets/scoresheet_w_eq.htm
EUROPEAN POWERLIFTING FEDERATION,European Women's Equipped Bench Press Championships (and SOI Event),Druskininkai (Lithuania),02-09.08.2026,SCORESHEET,Juniors,-69kg,F,Equipped,B,—,Pashko Anastasiia,2003,POL,68.50,0.5745,23,130.0,132.5,135.0,DSQ,—,—,failed,failed,failed,,,,https://goodlift.info/scoresheets/scoresheet_w_eq.htm
EUROPEAN POWERLIFTING FEDERATION,European Women's Equipped Bench Press Championships (and SOI Event),Druskininkai (Lithuania),02-09.08.2026,SCORESHEET,Juniors,-76kg,F,Equipped,B,1.,Schoepf Desiree,2003,AUT,70.55,0.5654,24,137.5,142.5,150.0,142.5,80.57,12,good,good,failed,,,,https://goodlift.info/scoresheets/scoresheet_w_eq.htm
EUROPEAN POWERLIFTING FEDERATION,European Women's Equipped Bench Press Championships (and SOI Event),Druskininkai (Lithuania),02-09.08.2026,SCORESHEET,Juniors,-76kg,F,Equipped,B,2.,Vaisanen Aili,2003,FIN,73.40,0.5541,27,120.0,125.0,130.0,120.0,66.49,9,good,failed,failed,,,,https://goodlift.info/scoresheets/scoresheet_w_eq.htm
EUROPEAN POWERLIFTING FEDERATION,European Women's Equipped Bench Press Championships (and SOI Event),Druskininkai (Lithuania),02-09.08.2026,SCORESHEET,Juniors,-76kg,F,Equipped,B,3.,Aus Annela,2003,EST,72.90,0.5560,25,107.5,112.5,117.5,117.5,65.33,8,good,good,good,,,,https://goodlift.info/scoresheets/scoresheet_w_eq.htm
EUROPEAN POWERLIFTING FEDERATION,European Women's Equipped Bench Press Championships (and SOI Event),Druskininkai (Lithuania),02-09.08.2026,SCORESHEET,Juniors,-76kg,F,Equipped,B,4.,Tkachuk Veronika,2005,UKR,71.90,0.5599,26,75.0,90.0,112.5,90.0,50.39,7,good,good,failed,,,,https://goodlift.info/scoresheets/scoresheet_w_eq.htm
EUROPEAN POWERLIFTING FEDERATION,European Women's Equipped Bench Press Championships (and SOI Event),Druskininkai (Lithuania),02-09.08.2026,SCORESHEET,Juniors,-84kg,F,Equipped,B,1.,Mikomagi Eliise,2003,EST,78.60,0.5367,16,120.0,130.0,140.0,140.0,75.13,12,good,good,good,,,,https://goodlift.info/scoresheets/scoresheet_w_eq.htm
EUROPEAN POWERLIFTING FEDERATION,European Women's Equipped Bench Press Championships (and SOI Event),Druskininkai (Lithuania),02-09.08.2026,SCORESHEET,Juniors,84+kg,F,Equipped,B,1.,Rosaasen Sarah,2003,NOR,102.30,0.4899,18,172.5,172.5,185.0,185.0,90.63,12,failed,good,good,,,,https://goodlift.info/scoresheets/scoresheet_w_eq.htm
EUROPEAN POWERLIFTING FEDERATION,European Women's Equipped Bench Press Championships (and SOI Event),Druskininkai (Lithuania),02-09.08.2026,SCORESHEET,Juniors,84+kg,F,Equipped,B,2.,Pietrykowska Justyna,2005,POL,85.85,0.5178,17,75.0,135.0,172.5,135.0,69.90,9,good,good,failed,,,,https://goodlift.info/scoresheets/scoresheet_w_eq.htm
EUROPEAN POWERLIFTING FEDERATION,European Women's Equipped Bench Press Championships (and SOI Event),Druskininkai (Lithuania),02-09.08.2026,SCORESHEET,Juniors,84+kg,F,Equipped,B,3.,Laurinaviciute Reda,2007,LTU,91.90,0.5055,19,100.0,110.0,115.0,110.0,55.61,8,good,good,failed,,,,https://goodlift.info/scoresheets/scoresheet_w_eq.htm
EUROPEAN POWERLIFTING FEDERATION,European Women's Equipped Bench Press Championships (and SOI Event),Druskininkai (Lithuania),02-09.08.2026,SCORESHEET,Masters 1,-47kg,F,Equipped,B,1.,Kokott-Drzyzga Gabriela,1981,POL,46.20,0.7698,1,55.0,55.0,57.5,57.5,44.26,12,failed,good,good,,,,https://goodlift.info/scoresheets/scoresheet_w_eq.htm
EUROPEAN POWERLIFTING FEDERATION,European Women's Equipped Bench Press Championships (and SOI Event),Druskininkai (Lithuania),02-09.08.2026,SCORESHEET,Masters 1,-52kg,F,Equipped,B,1.,Lindqvist Anna Grezzy,1986,SWE,49.75,0.7194,3,77.5,77.5,87.5,77.5,55.75,12,failed,good,failed,,,,https://goodlift.info/scoresheets/scoresheet_w_eq.htm
EUROPEAN POWERLIFTING FEDERATION,European Women's Equipped Bench Press Championships (and SOI Event),Druskininkai (Lithuania),02-09.08.2026,SCORESHEET,Masters 1,-52kg,F,Equipped,B,2.,Swierc Aleksandra,1985,POL,50.90,0.7054,2,57.5,60.0,62.5,62.5,44.09,9,good,good,good,,,,https://goodlift.info/scoresheets/scoresheet_w_eq.htm
EUROPEAN POWERLIFTING FEDERATION,European Women's Equipped Bench Press Championships (and SOI Event),Druskininkai (Lithuania),02-09.08.2026,SCORESHEET,Masters 1,-57kg,F,Equipped,B,1.,Nagypal Krisztina,1985,HUN,55.60,0.6575,6,115.0,122.5,125.0,122.5,80.55,12,good,good,failed,,,,https://goodlift.info/scoresheets/scoresheet_w_eq.htm
EUROPEAN POWERLIFTING FEDERATION,European Women's Equipped Bench Press Championships (and SOI Event),Druskininkai (Lithuania),02-09.08.2026,SCORESHEET,Masters 1,-57kg,F,Equipped,B,2.,Clarke Kate,1983,GBR,56.40,0.6506,5,75.0,82.5,85.0,85.0,55.30,9,good,good,good,,,,https://goodlift.info/scoresheets/scoresheet_w_eq.htm
EUROPEAN POWERLIFTING FEDERATION,European Women's Equipped Bench Press Championships (and SOI Event),Druskininkai (Lithuania),02-09.08.2026,SCORESHEET,Masters 1,-57kg,F,Equipped,B,3.,Ragnarsdottir Rebekka Silv ia,1978,ISL,55.45,0.6589,4,80.0,80.0,82.5,82.5,54.36,8,failed,failed,good,,,,https://goodlift.info/scoresheets/scoresheet_w_eq.htm
EUROPEAN POWERLIFTING FEDERATION,European Women's Equipped Bench Press Championships (and SOI Event),Druskininkai (Lithuania),02-09.08.2026,SCORESHEET,Masters 1,-63kg,F,Equipped,B,1.,Gladysz Magdalena,1981,POL,62.60,0.6059,10,85.0,87.5,90.0,90.0,54.53,12,good,good,good,,,,https://goodlift.info/scoresheets/scoresheet_w_eq.htm
EUROPEAN POWERLIFTING FEDERATION,European Women's Equipped Bench Press Championships (and SOI Event),Druskininkai (Lithuania),02-09.08.2026,SCORESHEET,Masters 1,-63kg,F,Equipped,B,2.,Hinchelwood Amber,1978,GBR,62.00,0.6096,7,75.0,80.0,82.5,80.0,48.77,9,good,good,failed,,,,https://goodlift.info/scoresheets/scoresheet_w_eq.htm
EUROPEAN POWERLIFTING FEDERATION,European Women's Equipped Bench Press Championships (and SOI Event),Druskininkai (Lithuania),02-09.08.2026,SCORESHEET,Masters 1,-69kg,F,Equipped,B,1.,Jones Delyth,1982,GBR,66.10,0.5862,17,110.0,117.5,122.5,122.5,71.81,12,good,good,good,,,,https://goodlift.info/scoresheets/scoresheet_w_eq.htm
EUROPEAN POWERLIFTING FEDERATION,European Women's Equipped Bench Press Championships (and SOI Event),Druskininkai (Lithuania),02-09.08.2026,SCORESHEET,Masters 1,-69kg,F,Equipped,B,2.,Johannsdottir Hrefna,1980,ISL,68.45,0.5747,16,90.0,95.0,100.0,100.0,57.47,9,good,good,good,,,,https://goodlift.info/scoresheets/scoresheet_w_eq.htm
EUROPEAN POWERLIFTING FEDERATION,European Women's Equipped Bench Press Championships (and SOI Event),Druskininkai (Lithuania),02-09.08.2026,SCORESHEET,Masters 1,-76kg,F,Equipped,B,1.,Lipskiene Gitana,1979,LTU,72.30,0.5583,18,85.0,90.0,92.5,90.0,50.25,12,good,good,failed,,,,https://goodlift.info/scoresheets/scoresheet_w_eq.htm
EUROPEAN POWERLIFTING FEDERATION,European Women's Equipped Bench Press Championships (and SOI Event),Druskininkai (Lithuania),02-09.08.2026,SCORESHEET,Masters 1,-84kg,F,Equipped,B,1.,Shavidze Tetiana,1977,UKR,79.10,0.5352,11,100.0,110.0,110.0,100.0,53.52,12,good,failed,failed,,,,https://goodlift.info/scoresheets/scoresheet_w_eq.htm
EUROPEAN POWERLIFTING FEDERATION,European Women's Equipped Bench Press Championships (and SOI Event),Druskininkai (Lithuania),02-09.08.2026,SCORESHEET,Masters 1,-84kg,F,Equipped,B,2.,Lyon Ros,1980,GBR,79.80,0.5332,12,85.0,87.5,92.5,92.5,49.32,9,failed,good,good,,,,https://goodlift.info/scoresheets/scoresheet_w_eq.htm
EUROPEAN POWERLIFTING FEDERATION,European Women's Equipped Bench Press Championships (and SOI Event),Druskininkai (Lithuania),02-09.08.2026,SCORESHEET,Masters 1,-84kg,F,Equipped,B,—,Buckle Caroline,1979,GBR,82.90,0.5248,13,110.0,110.0,110.0,DSQ,—,—,failed,failed,failed,,,,https://goodlift.info/scoresheets/scoresheet_w_eq.htm
EUROPEAN POWERLIFTING FEDERATION,European Women's Equipped Bench Press Championships (and SOI Event),Druskininkai (Lithuania),02-09.08.2026,SCORESHEET,Masters 1,84+kg,F,Equipped,B,1.,Knight Sarah,1984,GBR,96.00,0.4987,14,142.5,150.0,150.0,142.5,71.06,12,good,failed,failed,,,,https://goodlift.info/scoresheets/scoresheet_w_eq.htm
EUROPEAN POWERLIFTING FEDERATION,European Women's Equipped Bench Press Championships (and SOI Event),Druskininkai (Lithuania),02-09.08.2026,SCORESHEET,Masters 1,84+kg,F,Equipped,B,2.,Gaffney Fiona,1977,GBR,100.45,0.4923,15,65.0,142.5,145.0,65.0,32.00,9,good,failed,failed,,,,https://goodlift.info/scoresheets/scoresheet_w_eq.htm
EUROPEAN POWERLIFTING FEDERATION,European Women's Equipped Bench Press Championships (and SOI Event),Druskininkai (Lithuania),02-09.08.2026,SCORESHEET,Masters 2,-52kg,F,Equipped,B,1.,Radwanska Jadwiga,1975,POL,51.55,0.6980,2,80.0,85.0,87.5,85.0,59.33,12,good,good,failed,,,,https://goodlift.info/scoresheets/scoresheet_w_eq.htm
EUROPEAN POWERLIFTING FEDERATION,European Women's Equipped Bench Press Championships (and SOI Event),Druskininkai (Lithuania),02-09.08.2026,SCORESHEET,Masters 2,-52kg,F,Equipped,B,2.,Sirkia Mervi,1972,FIN,51.75,0.6957,1,80.0,82.5,85.0,85.0,59.14,9,good,good,good,,,,https://goodlift.info/scoresheets/scoresheet_w_eq.htm
EUROPEAN POWERLIFTING FEDERATION,European Women's Equipped Bench Press Championships (and SOI Event),Druskininkai (Lithuania),02-09.08.2026,SCORESHEET,Masters 2,-52kg,F,Equipped,B,3.,Verlaine Geraldine,1970,FRA,51.50,0.6985,3,77.5,80.0,82.5,82.5,57.63,8,good,good,good,,,,https://goodlift.info/scoresheets/scoresheet_w_eq.htm
EUROPEAN POWERLIFTING FEDERATION,European Women's Equipped Bench Press Championships (and SOI Event),Druskininkai (Lithuania),02-09.08.2026,SCORESHEET,Masters 2,-57kg,F,Equipped,B,1.,Izindre Annelie,1972,SWE,55.80,0.6558,6,90.0,92.5,92.5,92.5,60.66,12,good,failed,good,,,,https://goodlift.info/scoresheets/scoresheet_w_eq.htm
EUROPEAN POWERLIFTING FEDERATION,European Women's Equipped Bench Press Championships (and SOI Event),Druskininkai (Lithuania),02-09.08.2026,SCORESHEET,Masters 2,-57kg,F,Equipped,B,2.,Stott Emma,1974,GBR,55.85,0.6553,5,85.0,85.0,92.5,85.0,55.70,9,failed,good,failed,,,,https://goodlift.info/scoresheets/scoresheet_w_eq.htm
EUROPEAN POWERLIFTING FEDERATION,European Women's Equipped Bench Press Championships (and SOI Event),Druskininkai (Lithuania),02-09.08.2026,SCORESHEET,Masters 2,-57kg,F,Equipped,B,3.,Solhag Carina,1967,SWE,56.25,0.6519,4,70.0,75.0,80.0,75.0,48.89,8,good,good,failed,,,,https://goodlift.info/scoresheets/scoresheet_w_eq.htm
EUROPEAN POWERLIFTING FEDERATION,European Women's Equipped Bench Press Championships (and SOI Event),Druskininkai (Lithuania),02-09.08.2026,SCORESHEET,Masters 2,-63kg,F,Equipped,B,1.,Heimstad-Aasbo Anette,1974,NOR,61.60,0.6122,7,102.5,107.5,115.0,115.0,70.40,12,good,good,good,,,,https://goodlift.info/scoresheets/scoresheet_w_eq.htm
EUROPEAN POWERLIFTING FEDERATION,European Women's Equipped Bench Press Championships (and SOI Event),Druskininkai (Lithuania),02-09.08.2026,SCORESHEET,Masters 2,-63kg,F,Equipped,B,2.,Meunier Melisa,1975,FRA,62.10,0.6090,9,85.0,87.5,90.0,90.0,54.81,9,good,good,good,,,,https://goodlift.info/scoresheets/scoresheet_w_eq.htm
EUROPEAN POWERLIFTING FEDERATION,European Women's Equipped Bench Press Championships (and SOI Event),Druskininkai (Lithuania),02-09.08.2026,SCORESHEET,Masters 2,-63kg,F,Equipped,B,3.,Andersen Sigridur,1971,ISL,62.85,0.6044,10,72.5,75.0,82.5,82.5,49.86,8,failed,good,good,,,,https://goodlift.info/scoresheets/scoresheet_w_eq.htm
EUROPEAN POWERLIFTING FEDERATION,European Women's Equipped Bench Press Championships (and SOI Event),Druskininkai (Lithuania),02-09.08.2026,SCORESHEET,Masters 2,-63kg,F,Equipped,B,4.,Popovic Danguole,1974,LTU,60.05,0.6226,8,75.0,80.0,82.5,80.0,49.81,7,good,good,failed,,,,https://goodlift.info/scoresheets/scoresheet_w_eq.htm
EUROPEAN POWERLIFTING FEDERATION,European Women's Equipped Bench Press Championships (and SOI Event),Druskininkai (Lithuania),02-09.08.2026,SCORESHEET,Masters 2,-69kg,F,Equipped,B,1.,Kirkland Wendie,1972,GBR,68.20,0.5759,19,102.5,110.0,110.0,110.0,63.34,12,good,failed,good,,,,https://goodlift.info/scoresheets/scoresheet_w_eq.htm
EUROPEAN POWERLIFTING FEDERATION,European Women's Equipped Bench Press Championships (and SOI Event),Druskininkai (Lithuania),02-09.08.2026,SCORESHEET,Masters 2,-69kg,F,Equipped,B,2.,Leccese Florence,1969,FRA,68.30,0.5754,18,95.0,100.0,102.5,100.0,57.54,9,good,good,failed,,,,https://goodlift.info/scoresheets/scoresheet_w_eq.htm
EUROPEAN POWERLIFTING FEDERATION,European Women's Equipped Bench Press Championships (and SOI Event),Druskininkai (Lithuania),02-09.08.2026,SCORESHEET,Masters 2,-69kg,F,Equipped,B,3.,Kristjansdottir Laufey,1973,ISL,68.30,0.5754,21,85.0,87.5,92.5,87.5,50.35,8,good,good,failed,,,,https://goodlift.info/scoresheets/scoresheet_w_eq.htm
EUROPEAN POWERLIFTING FEDERATION,European Women's Equipped Bench Press Championships (and SOI Event),Druskininkai (Lithuania),02-09.08.2026,SCORESHEET,Masters 2,-69kg,F,Equipped,B,4.,Uotila Tiina,1972,FIN,65.50,0.5894,22,77.5,77.5,82.5,77.5,45.67,7,failed,good,failed,,,,https://goodlift.info/scoresheets/scoresheet_w_eq.htm
EUROPEAN POWERLIFTING FEDERATION,European Women's Equipped Bench Press Championships (and SOI Event),Druskininkai (Lithuania),02-09.08.2026,SCORESHEET,Masters 2,-69kg,F,Equipped,B,5.,Laurinaviciene Danguole,1971,LTU,68.65,0.5738,20,65.0,70.0,70.0,65.0,37.30,6,good,failed,failed,,,,https://goodlift.info/scoresheets/scoresheet_w_eq.htm
EUROPEAN POWERLIFTING FEDERATION,European Women's Equipped Bench Press Championships (and SOI Event),Druskininkai (Lithuania),02-09.08.2026,SCORESHEET,Masters 2,-76kg,F,Equipped,B,1.,Johansson Ulrika,1972,SWE,75.45,0.5468,25,110.0,112.5,115.0,112.5,61.51,12,good,good,failed,,,,https://goodlift.info/scoresheets/scoresheet_w_eq.htm
EUROPEAN POWERLIFTING FEDERATION,European Women's Equipped Bench Press Championships (and SOI Event),Druskininkai (Lithuania),02-09.08.2026,SCORESHEET,Masters 2,-76kg,F,Equipped,B,2.,Palmer Georgina,1975,GBR,73.75,0.5528,23,100.0,100.0,105.0,105.0,58.04,9,failed,good,good,,,,https://goodlift.info/scoresheets/scoresheet_w_eq.htm
EUROPEAN POWERLIFTING FEDERATION,European Women's Equipped Bench Press Championships (and SOI Event),Druskininkai (Lithuania),02-09.08.2026,SCORESHEET,Masters 2,-76kg,F,Equipped,B,3.,Sighovd Heidi,1971,NOR,74.40,0.5504,26,100.0,102.5,107.5,102.5,56.42,8,failed,good,failed,,,,https://goodlift.info/scoresheets/scoresheet_w_eq.htm
EUROPEAN POWERLIFTING FEDERATION,European Women's Equipped Bench Press Championships (and SOI Event),Druskininkai (Lithuania),02-09.08.2026,SCORESHEET,Masters 2,-76kg,F,Equipped,B,4.,Omarsdottir Sesselja,1975,ISL,74.40,0.5504,24,100.0,105.0,107.5,100.0,55.04,7,good,failed,failed,,,,https://goodlift.info/scoresheets/scoresheet_w_eq.htm
EUROPEAN POWERLIFTING FEDERATION,European Women's Equipped Bench Press Championships (and SOI Event),Druskininkai (Lithuania),02-09.08.2026,SCORESHEET,Masters 2,-84kg,F,Equipped,B,1.,Rohr Pernilla,1972,SWE,83.65,0.5229,11,130.0,145.0,145.0,130.0,67.98,12,good,failed,failed,,,,https://goodlift.info/scoresheets/scoresheet_w_eq.htm
EUROPEAN POWERLIFTING FEDERATION,European Women's Equipped Bench Press Championships (and SOI Event),Druskininkai (Lithuania),02-09.08.2026,SCORESHEET,Masters 2,84+kg,F,Equipped,B,1.,Wik Norling Jenny,1975,SWE,138.90,0.4634,15,150.0,155.0,157.5,157.5,72.99,12,good,good,good,,,,https://goodlift.info/scoresheets/scoresheet_w_eq.htm
EUROPEAN POWERLIFTING FEDERATION,European Women's Equipped Bench Press Championships (and SOI Event),Druskininkai (Lithuania),02-09.08.2026,SCORESHEET,Masters 2,84+kg,F,Equipped,B,2.,Snorradottir Gudny Asta,1973,ISL,112.20,0.4794,13,137.5,142.5,147.5,147.5,70.71,9,good,good,good,,,,https://goodlift.info/scoresheets/scoresheet_w_eq.htm
EUROPEAN POWERLIFTING FEDERATION,European Women's Equipped Bench Press Championships (and SOI Event),Druskininkai (Lithuania),02-09.08.2026,SCORESHEET,Masters 2,84+kg,F,Equipped,B,3.,Pennebratt Asa,1967,SWE,100.20,0.4926,16,112.5,112.5,112.5,112.5,55.42,8,failed,failed,good,,,,https://goodlift.info/scoresheets/scoresheet_w_eq.htm
EUROPEAN POWERLIFTING FEDERATION,European Women's Equipped Bench Press Championships (and SOI Event),Druskininkai (Lithuania),02-09.08.2026,SCORESHEET,Masters 2,84+kg,F,Equipped,B,4.,Oolup Aire,1975,EST,103.15,0.4888,17,95.0,100.0,100.0,100.0,48.88,7,good,failed,good,,,,https://goodlift.info/scoresheets/scoresheet_w_eq.htm
EUROPEAN POWERLIFTING FEDERATION,European Women's Equipped Bench Press Championships (and SOI Event),Druskininkai (Lithuania),02-09.08.2026,SCORESHEET,Masters 2,84+kg,F,Equipped,B,5.,Westbrook Denise,1973,GBR,92.30,0.5048,14,80.0,87.5,95.0,87.5,44.17,6,good,good,failed,,,,https://goodlift.info/scoresheets/scoresheet_w_eq.htm
EUROPEAN POWERLIFTING FEDERATION,European Women's Equipped Bench Press Championships (and SOI Event),Druskininkai (Lithuania),02-09.08.2026,SCORESHEET,Masters 3,-52kg,F,Equipped,B,1.,Zodererova Vaclava,1961,CZE,51.25,0.7014,2,42.5,45.0,47.5,47.5,33.32,12,good,good,good,,,,https://goodlift.info/scoresheets/scoresheet_w_eq.htm
EUROPEAN POWERLIFTING FEDERATION,European Women's Equipped Bench Press Championships (and SOI Event),Druskininkai (Lithuania),02-09.08.2026,SCORESHEET,Masters 3,-63kg,F,Equipped,B,1.,Shergold Rita,1965,GBR,62.40,0.6071,5,87.5,95.0,105.0,95.0,57.68,12,good,good,failed,,,,https://goodlift.info/scoresheets/scoresheet_w_eq.htm
EUROPEAN POWERLIFTING FEDERATION,European Women's Equipped Bench Press Championships (and SOI Event),Druskininkai (Lithuania),02-09.08.2026,SCORESHEET,Masters 3,-63kg,F,Equipped,B,2.,Miglane Olga,1965,LAT,59.00,0.6301,4,62.5,65.0,67.5,67.5,42.53,9,good,good,good,,,,https://goodlift.info/scoresheets/scoresheet_w_eq.htm
EUROPEAN POWERLIFTING FEDERATION,European Women's Equipped Bench Press Championships (and SOI Event),Druskininkai (Lithuania),02-09.08.2026,SCORESHEET,Masters 3,-69kg,F,Equipped,B,1.,Szymkowiak Maria,1961,POL,68.60,0.5740,10,72.5,72.5,77.5,72.5,41.62,12,failed,good,failed,,,,https://goodlift.info/scoresheets/scoresheet_w_eq.htm
EUROPEAN POWERLIFTING FEDERATION,European Women's Equipped Bench Press Championships (and SOI Event),Druskininkai (Lithuania),02-09.08.2026,SCORESHEET,Masters 3,-69kg,F,Equipped,B,2.,Voiko Skaidrite,1964,LAT,63.90,0.5982,9,60.0,62.5,65.0,65.0,38.88,9,good,good,good,,,,https://goodlift.info/scoresheets/scoresheet_w_eq.htm
EUROPEAN POWERLIFTING FEDERATION,European Women's Equipped Bench Press Championships (and SOI Event),Druskininkai (Lithuania),02-09.08.2026,SCORESHEET,Masters 3,-69kg,F,Equipped,B,3.,Grazuliene Natalija,1957,LTU,64.90,0.5926,8,55.0,60.0,62.5,60.0,35.56,8,good,good,failed,,,,https://goodlift.info/scoresheets/scoresheet_w_eq.htm
EUROPEAN POWERLIFTING FEDERATION,European Women's Equipped Bench Press Championships (and SOI Event),Druskininkai (Lithuania),02-09.08.2026,SCORESHEET,Masters 3,-76kg,F,Equipped,B,1.,Vidziuniene Giedre,1966,LTU,74.40,0.5504,11,75.0,80.0,85.0,85.0,46.79,12,good,good,good,,,,https://goodlift.info/scoresheets/scoresheet_w_eq.htm
EUROPEAN POWERLIFTING FEDERATION,European Women's Equipped Bench Press Championships (and SOI Event),Druskininkai (Lithuania),02-09.08.2026,SCORESHEET,Masters 3,-76kg,F,Equipped,B,2.,Backstrom Susanne,1960,SWE,74.40,0.5504,12,67.5,67.5,67.5,67.5,37.15,9,failed,failed,good,,,,https://goodlift.info/scoresheets/scoresheet_w_eq.htm
EUROPEAN POWERLIFTING FEDERATION,European Women's Equipped Bench Press Championships (and SOI Event),Druskininkai (Lithuania),02-09.08.2026,SCORESHEET,Masters 3,-84kg,F,Equipped,B,1.,Schneider Erzsebet,1965,HUN,80.75,0.5305,6,77.5,82.5,85.0,82.5,43.77,12,good,good,failed,,,,https://goodlift.info/scoresheets/scoresheet_w_eq.htm
EUROPEAN POWERLIFTING FEDERATION,European Women's Equipped Bench Press Championships (and SOI Event),Druskininkai (Lithuania),02-09.08.2026,SCORESHEET,Masters 3,84+kg,F,Equipped,B,1.,Beremark Katarina,1964,SWE,104.55,0.4872,7,97.5,102.5,110.0,110.0,53.59,12,good,good,good,,,,https://goodlift.info/scoresheets/scoresheet_w_eq.htm
EUROPEAN POWERLIFTING FEDERATION,European Women's Equipped Bench Press Championships (and SOI Event),Druskininkai (Lithuania),02-09.08.2026,SCORESHEET,Masters 4,-52kg,F,Equipped,B,1.,Heligon Francoise,1943,FRA,50.80,0.7066,1,40.0,42.5,45.0,42.5,30.03,12,good,good,failed,,,,https://goodlift.info/scoresheets/scoresheet_w_eq.htm
EUROPEAN POWERLIFTING FEDERATION,European Women's Equipped Bench Press Championships (and SOI Event),Druskininkai (Lithuania),02-09.08.2026,SCORESHEET,Masters 4,-63kg,F,Equipped,B,1.,Herbin Evelyne,1956,FRA,61.00,0.6161,3,60.0,65.0,67.5,67.5,41.59,12,good,good,good,,,,https://goodlift.info/scoresheets/scoresheet_w_eq.htm
EUROPEAN POWERLIFTING FEDERATION,European Men's Equipped Bench Press Championships (and SOI Event),Druskininkai (Lithuania),02-09.08.2026,SCORESHEET,Open,-59kg,M,Equipped,B,1.,Gunnarsson Jon Sigurdur,1992,ISL,59.00,0.4928,1,100.0,140.0,160.0,160.0,78.84,12,good,good,good,,,,https://goodlift.info/scoresheets/scoresheet_m_eq.htm
EUROPEAN POWERLIFTING FEDERATION,European Men's Equipped Bench Press Championships (and SOI Event),Druskininkai (Lithuania),02-09.08.2026,SCORESHEET,Open,-66kg,M,Equipped,B,1.,Grotkowski Mariusz,1989,POL,65.80,0.4352,2,200.0,200.0,215.0,200.0,87.05,12,failed,good,failed,,,,https://goodlift.info/scoresheets/scoresheet_m_eq.htm
EUROPEAN POWERLIFTING FEDERATION,European Men's Equipped Bench Press Championships (and SOI Event),Druskininkai (Lithuania),02-09.08.2026,SCORESHEET,Open,-66kg,M,Equipped,B,2.,Shablii Mykhailo,1991,UKR,65.25,0.4391,4,185.0,202.5,202.5,185.0,81.23,9,good,failed,failed,,,,https://goodlift.info/scoresheets/scoresheet_m_eq.htm
EUROPEAN POWERLIFTING FEDERATION,European Men's Equipped Bench Press Championships (and SOI Event),Druskininkai (Lithuania),02-09.08.2026,SCORESHEET,Open,-66kg,M,Equipped,B,—,Frasl Andreas,1983,AUT,65.55,0.4370,3,240.0,240.0,240.0,DSQ,—,—,failed,failed,failed,,,,https://goodlift.info/scoresheets/scoresheet_m_eq.htm
EUROPEAN POWERLIFTING FEDERATION,European Men's Equipped Bench Press Championships (and SOI Event),Druskininkai (Lithuania),02-09.08.2026,SCORESHEET,Open,-66kg,M,Equipped,B,—,Chernyshov Oleksandr,1966,UKR,0.00,0.0000,5,-,-,-,TD,—,—,good,good,good,,,,https://goodlift.info/scoresheets/scoresheet_m_eq.htm
EUROPEAN POWERLIFTING FEDERATION,European Men's Equipped Bench Press Championships (and SOI Event),Druskininkai (Lithuania),02-09.08.2026,SCORESHEET,Open,-74kg,M,Equipped,B,1.,Schembari Carlo,2002,ITA,72.90,0.3945,7,215.0,220.0,225.0,220.0,86.80,12,good,good,failed,,,,https://goodlift.info/scoresheets/scoresheet_m_eq.htm
EUROPEAN POWERLIFTING FEDERATION,European Men's Equipped Bench Press Championships (and SOI Event),Druskininkai (Lithuania),02-09.08.2026,SCORESHEET,Open,-74kg,M,Equipped,B,2.,Fodor Alex,1990,GBR,73.65,0.3910,9,205.0,205.0,222.5,205.0,80.16,9,failed,good,failed,,,,https://goodlift.info/scoresheets/scoresheet_m_eq.htm
EUROPEAN POWERLIFTING FEDERATION,European Men's Equipped Bench Press Championships (and SOI Event),Druskininkai (Lithuania),02-09.08.2026,SCORESHEET,Open,-74kg,M,Equipped,B,3.,Bledis Gintaras,1994,LTU,73.90,0.3899,11,177.5,185.0,187.5,187.5,73.10,8,good,good,good,,,,https://goodlift.info/scoresheets/scoresheet_m_eq.htm
EUROPEAN POWERLIFTING FEDERATION,European Men's Equipped Bench Press Championships (and SOI Event),Druskininkai (Lithuania),02-09.08.2026,SCORESHEET,Open,-74kg,M,Equipped,B,4.,Rannat Allan,2000,EST,73.25,0.3929,6,140.0,185.0,205.0,185.0,72.68,7,good,good,failed,,,,https://goodlift.info/scoresheets/scoresheet_m_eq.htm
EUROPEAN POWERLIFTING FEDERATION,European Men's Equipped Bench Press Championships (and SOI Event),Druskininkai (Lithuania),02-09.08.2026,SCORESHEET,Open,-74kg,M,Equipped,B,—,Goossens Chesney,1992,BEL,73.00,0.3940,8,205.0,210.0,210.0,DSQ,—,—,failed,failed,failed,,,,https://goodlift.info/scoresheets/scoresheet_m_eq.htm
EUROPEAN POWERLIFTING FEDERATION,European Men's Equipped Bench Press Championships (and SOI Event),Druskininkai (Lithuania),02-09.08.2026,SCORESHEET,Open,-74kg,M,Equipped,B,—,Balawejder Adam,1981,POL,74.00,0.3894,10,217.5,217.5,X,DSQ,—,—,failed,failed,good,,,,https://goodlift.info/scoresheets/scoresheet_m_eq.htm
EUROPEAN POWERLIFTING FEDERATION,European Men's Equipped Bench Press Championships (and SOI Event),Druskininkai (Lithuania),02-09.08.2026,SCORESHEET,Open,-83kg,M,Equipped,B,1.,Chuprynko Ivan,1986,UKR,79.00,0.3692,17,270.0,275.0,285.0,275.0,101.53,12,good,good,failed,,,,https://goodlift.info/scoresheets/scoresheet_m_eq.htm
EUROPEAN POWERLIFTING FEDERATION,European Men's Equipped Bench Press Championships (and SOI Event),Druskininkai (Lithuania),02-09.08.2026,SCORESHEET,Open,-83kg,M,Equipped,B,2.,Balenkov Andrii,1981,UKR,82.00,0.3590,13,250.0,265.0,267.5,267.5,96.05,9,good,failed,good,,,,https://goodlift.info/scoresheets/scoresheet_m_eq.htm
EUROPEAN POWERLIFTING FEDERATION,European Men's Equipped Bench Press Championships (and SOI Event),Druskininkai (Lithuania),02-09.08.2026,SCORESHEET,Open,-83kg,M,Equipped,B,3.,Engo Monsen Lars,2002,NOR,82.65,0.3570,12,260.0,265.0,267.5,267.5,95.50,8,good,good,good,,,,https://goodlift.info/scoresheets/scoresheet_m_eq.htm
EUROPEAN POWERLIFTING FEDERATION,European Men's Equipped Bench Press Championships (and SOI Event),Druskininkai (Lithuania),02-09.08.2026,SCORESHEET,Open,-83kg,M,Equipped,B,4.,Guenterberg Raik,1989,GER,81.80,0.3597,14,260.0,260.0,265.0,265.0,95.32,7,failed,good,good,,,,https://goodlift.info/scoresheets/scoresheet_m_eq.htm
EUROPEAN POWERLIFTING FEDERATION,European Men's Equipped Bench Press Championships (and SOI Event),Druskininkai (Lithuania),02-09.08.2026,SCORESHEET,Open,-83kg,M,Equipped,B,5.,Zastawny Maciej,2000,POL,82.45,0.3576,15,255.0,255.0,265.0,255.0,91.20,6,failed,good,failed,,,,https://goodlift.info/scoresheets/scoresheet_m_eq.htm
EUROPEAN POWERLIFTING FEDERATION,European Men's Equipped Bench Press Championships (and SOI Event),Druskininkai (Lithuania),02-09.08.2026,SCORESHEET,Open,-83kg,M,Equipped,B,6.,Gibson Callum,2001,GBR,80.90,0.3626,16,205.0,215.0,215.0,205.0,74.34,5,good,failed,failed,,,,https://goodlift.info/scoresheets/scoresheet_m_eq.htm
EUROPEAN POWERLIFTING FEDERATION,European Men's Equipped Bench Press Championships (and SOI Event),Druskininkai (Lithuania),02-09.08.2026,SCORESHEET,Open,-93kg,M,Equipped,B,1.,Friche Mads,1983,DEN,92.45,0.3319,19,287.5,295.0,302.5,302.5,100.40,12,good,good,good,,,,https://goodlift.info/scoresheets/scoresheet_m_eq.htm
EUROPEAN POWERLIFTING FEDERATION,European Men's Equipped Bench Press Championships (and SOI Event),Druskininkai (Lithuania),02-09.08.2026,SCORESHEET,Open,-93kg,M,Equipped,B,2.,Beck-Gundersen Kim,1985,NOR,92.00,0.3329,18,295.0,300.0,305.0,300.0,99.86,9,good,good,failed,,,,https://goodlift.info/scoresheets/scoresheet_m_eq.htm
EUROPEAN POWERLIFTING FEDERATION,European Men's Equipped Bench Press Championships (and SOI Event),Druskininkai (Lithuania),02-09.08.2026,SCORESHEET,Open,-93kg,M,Equipped,B,3.,Edvinsson Thomas,1977,SWE,92.40,0.3320,23,285.0,290.0,302.5,290.0,96.29,8,good,good,failed,,,,https://goodlift.info/scoresheets/scoresheet_m_eq.htm
EUROPEAN POWERLIFTING FEDERATION,European Men's Equipped Bench Press Championships (and SOI Event),Druskininkai (Lithuania),02-09.08.2026,SCORESHEET,Open,-93kg,M,Equipped,B,4.,Hochlov Alex,1989,GER,92.10,0.3327,22,270.0,270.0,295.0,270.0,89.82,7,failed,good,failed,,,,https://goodlift.info/scoresheets/scoresheet_m_eq.htm
EUROPEAN POWERLIFTING FEDERATION,European Men's Equipped Bench Press Championships (and SOI Event),Druskininkai (Lithuania),02-09.08.2026,SCORESHEET,Open,-93kg,M,Equipped,B,5.,Taylor James,1998,GBR,91.60,0.3337,21,225.0,225.0,225.0,225.0,75.09,6,failed,failed,good,,,,https://goodlift.info/scoresheets/scoresheet_m_eq.htm
EUROPEAN POWERLIFTING FEDERATION,European Men's Equipped Bench Press Championships (and SOI Event),Druskininkai (Lithuania),02-09.08.2026,SCORESHEET,Open,-93kg,M,Equipped,B,—,Jensen Martin,1992,DEN,92.65,0.3315,20,250.0,250.0,250.0,DSQ,—,—,failed,failed,failed,,,,https://goodlift.info/scoresheets/scoresheet_m_eq.htm
EUROPEAN POWERLIFTING FEDERATION,European Men's Equipped Bench Press Championships (and SOI Event),Druskininkai (Lithuania),02-09.08.2026,SCORESHEET,Open,-105kg,M,Equipped,B,1.,Jaeger Kevin,1995,GER,104.00,0.3119,28,350.0,376.0,376.0-w,376.0,117.27,12,good,failed,good,,,w,https://goodlift.info/scoresheets/scoresheet_m_eq.htm
EUROPEAN POWERLIFTING FEDERATION,European Men's Equipped Bench Press Championships (and SOI Event),Druskininkai (Lithuania),02-09.08.2026,SCORESHEET,Open,-105kg,M,Equipped,B,2.,Dahlkvist Oliver,1995,SWE,104.40,0.3113,26,317.5,330.0,352.5,330.0,102.74,9,good,good,failed,,,,https://goodlift.info/scoresheets/scoresheet_m_eq.htm
EUROPEAN POWERLIFTING FEDERATION,European Men's Equipped Bench Press Championships (and SOI Event),Druskininkai (Lithuania),02-09.08.2026,SCORESHEET,Open,-105kg,M,Equipped,B,3.,Flueras Christian,1996,GER,104.75,0.3108,29,285.0,295.0,302.5,295.0,91.70,8,good,good,failed,,,,https://goodlift.info/scoresheets/scoresheet_m_eq.htm
EUROPEAN POWERLIFTING FEDERATION,European Men's Equipped Bench Press Championships (and SOI Event),Druskininkai (Lithuania),02-09.08.2026,SCORESHEET,Open,-105kg,M,Equipped,B,4.,Werner Jimmy,1988,SWE,103.10,0.3132,25,285.0,290.0,295.0,285.0,89.26,7,good,failed,failed,,,,https://goodlift.info/scoresheets/scoresheet_m_eq.htm
EUROPEAN POWERLIFTING FEDERATION,European Men's Equipped Bench Press Championships (and SOI Event),Druskininkai (Lithuania),02-09.08.2026,SCORESHEET,Open,-105kg,M,Equipped,B,5.,Cusano Anthony,1994,ITA,101.15,0.3161,27,260.0,270.0,275.0,275.0,86.93,6,good,good,good,,,,https://goodlift.info/scoresheets/scoresheet_m_eq.htm
EUROPEAN POWERLIFTING FEDERATION,European Men's Equipped Bench Press Championships (and SOI Event),Druskininkai (Lithuania),02-09.08.2026,SCORESHEET,Open,-105kg,M,Equipped,B,6.,Rimsa Eimantas,1997,LTU,104.40,0.3113,30,230.0,245.0,245.0,230.0,71.61,5,good,failed,failed,,,,https://goodlift.info/scoresheets/scoresheet_m_eq.htm
EUROPEAN POWERLIFTING FEDERATION,European Men's Equipped Bench Press Championships (and SOI Event),Druskininkai (Lithuania),02-09.08.2026,SCORESHEET,Open,-105kg,M,Equipped,B,7.,Clohessy Callum,1997,GBR,99.60,0.3186,24,190.0,195.0,195.0,190.0,60.53,4,good,failed,failed,,,,https://goodlift.info/scoresheets/scoresheet_m_eq.htm
EUROPEAN POWERLIFTING FEDERATION,European Men's Equipped Bench Press Championships (and SOI Event),Druskininkai (Lithuania),02-09.08.2026,SCORESHEET,Open,-105kg,M,Equipped,B,—,Turunen Santtu,1995,FIN,103.75,0.3123,31,280.0,290.0,295.0,DSQ,—,—,failed,failed,failed,,,,https://goodlift.info/scoresheets/scoresheet_m_eq.htm
EUROPEAN POWERLIFTING FEDERATION,European Men's Equipped Bench Press Championships (and SOI Event),Druskininkai (Lithuania),02-09.08.2026,SCORESHEET,Open,-120kg,M,Equipped,B,1.,Male Ralf,1994,NOR,116.80,0.2971,33,330.0,335.0,337.5,337.5,100.26,12,good,good,good,,,,https://goodlift.info/scoresheets/scoresheet_m_eq.htm
EUROPEAN POWERLIFTING FEDERATION,European Men's Equipped Bench Press Championships (and SOI Event),Druskininkai (Lithuania),02-09.08.2026,SCORESHEET,Open,-120kg,M,Equipped,B,2.,Seletskyi Ivan,1994,UKR,118.60,0.2954,32,302.5,307.5,337.5,337.5,99.70,9,good,good,good,,,,https://goodlift.info/scoresheets/scoresheet_m_eq.htm
EUROPEAN POWERLIFTING FEDERATION,European Men's Equipped Bench Press Championships (and SOI Event),Druskininkai (Lithuania),02-09.08.2026,SCORESHEET,Open,-120kg,M,Equipped,B,3.,Hole Per Marius,1989,NOR,119.15,0.2949,34,320.0,335.0,340.0,335.0,98.80,8,good,good,failed,,,,https://goodlift.info/scoresheets/scoresheet_m_eq.htm
EUROPEAN POWERLIFTING FEDERATION,European Men's Equipped Bench Press Championships (and SOI Event),Druskininkai (Lithuania),02-09.08.2026,SCORESHEET,Open,-120kg,M,Equipped,B,4.,Glueck Markus,1990,AUT,119.35,0.2947,37,297.5,305.0,310.0,305.0,89.90,7,good,good,failed,,,,https://goodlift.info/scoresheets/scoresheet_m_eq.htm
EUROPEAN POWERLIFTING FEDERATION,European Men's Equipped Bench Press Championships (and SOI Event),Druskininkai (Lithuania),02-09.08.2026,SCORESHEET,Open,-120kg,M,Equipped,B,5.,Koppel Holger,1999,EST,118.90,0.2951,36,240.0,250.0,260.0,250.0,73.78,6,failed,good,failed,,,,https://goodlift.info/scoresheets/scoresheet_m_eq.htm
EUROPEAN POWERLIFTING FEDERATION,European Men's Equipped Bench Press Championships (and SOI Event),Druskininkai (Lithuania),02-09.08.2026,SCORESHEET,Open,-120kg,M,Equipped,B,—,Piwonski Grzegorz,1990,POL,118.10,0.2959,35,265.0,265.0,265.0,DSQ,—,—,failed,failed,failed,,,,https://goodlift.info/scoresheets/scoresheet_m_eq.htm
EUROPEAN POWERLIFTING FEDERATION,European Men's Equipped Bench Press Championships (and SOI Event),Druskininkai (Lithuania),02-09.08.2026,SCORESHEET,Open,120+kg,M,Equipped,B,1.,Mirblom Rasmus,1995,SWE,151.40,0.2764,45,350.0,365.0,375.0,350.0,96.75,12,good,failed,failed,,,,https://goodlift.info/scoresheets/scoresheet_m_eq.htm
EUROPEAN POWERLIFTING FEDERATION,European Men's Equipped Bench Press Championships (and SOI Event),Druskininkai (Lithuania),02-09.08.2026,SCORESHEET,Open,120+kg,M,Equipped,B,2.,Zuk Wladyslaw,1992,POL,140.40,0.2810,43,310.0,315.0,322.5,322.5,90.61,9,good,good,good,,,,https://goodlift.info/scoresheets/scoresheet_m_eq.htm
EUROPEAN POWERLIFTING FEDERATION,European Men's Equipped Bench Press Championships (and SOI Event),Druskininkai (Lithuania),02-09.08.2026,SCORESHEET,Open,120+kg,M,Equipped,B,3.,Mae Hjalmar,1980,EST,122.25,0.2923,44,300.0,312.5,320.0,320.0,93.54,8,good,good,good,,,,https://goodlift.info/scoresheets/scoresheet_m_eq.htm
EUROPEAN POWERLIFTING FEDERATION,European Men's Equipped Bench Press Championships (and SOI Event),Druskininkai (Lithuania),02-09.08.2026,SCORESHEET,Open,120+kg,M,Equipped,B,4.,Lupas Ionut Florin,1989,ROU,151.00,0.2766,38,307.5,315.0,317.5,317.5,87.81,7,good,failed,good,,,,https://goodlift.info/scoresheets/scoresheet_m_eq.htm
EUROPEAN POWERLIFTING FEDERATION,European Men's Equipped Bench Press Championships (and SOI Event),Druskininkai (Lithuania),02-09.08.2026,SCORESHEET,Open,120+kg,M,Equipped,B,5.,Kvasiuk Vadym,1992,UKR,126.20,0.2893,41,300.0,310.0,315.0,310.0,89.69,6,good,good,failed,,,,https://goodlift.info/scoresheets/scoresheet_m_eq.htm
EUROPEAN POWERLIFTING FEDERATION,European Men's Equipped Bench Press Championships (and SOI Event),Druskininkai (Lithuania),02-09.08.2026,SCORESHEET,Open,120+kg,M,Equipped,B,6.,Lahe Jaan,1986,EST,131.75,0.2857,39,290.0,307.5,315.0,290.0,82.84,5,good,failed,failed,,,,https://goodlift.info/scoresheets/scoresheet_m_eq.htm
EUROPEAN POWERLIFTING FEDERATION,European Men's Equipped Bench Press Championships (and SOI Event),Druskininkai (Lithuania),02-09.08.2026,SCORESHEET,Open,120+kg,M,Equipped,B,7.,Coggle Craig,1986,GBR,154.60,0.2753,42,262.5,292.5,302.5,262.5,72.27,4,good,failed,failed,,,,https://goodlift.info/scoresheets/scoresheet_m_eq.htm
EUROPEAN POWERLIFTING FEDERATION,European Men's Equipped Bench Press Championships (and SOI Event),Druskininkai (Lithuania),02-09.08.2026,SCORESHEET,Open,120+kg,M,Equipped,B,8.,Alisauskas Paulius,1998,LTU,128.00,0.2881,40,220.0,230.0,240.0,230.0,66.26,3,good,good,failed,,,,https://goodlift.info/scoresheets/scoresheet_m_eq.htm
EUROPEAN POWERLIFTING FEDERATION,European Men's Equipped Bench Press Championships (and SOI Event),Druskininkai (Lithuania),02-09.08.2026,SCORESHEET,Open,120+kg,M,Equipped,B,—,Csullog Bela,1988,HUN,128.35,0.2878,46,260.0,260.0,262.5,DSQ,—,—,failed,failed,failed,,,,https://goodlift.info/scoresheets/scoresheet_m_eq.htm
EUROPEAN POWERLIFTING FEDERATION,European Men's Equipped Bench Press Championships (and SOI Event),Druskininkai (Lithuania),02-09.08.2026,SCORESHEET,Sub-Juniors,-53kg,M,Equipped,B,1.,Dziamko Ivan,2009,UKR,51.80,0.5906,1,110.0,120.0,120.0,120.0,70.87,12,good,failed,good,,,,https://goodlift.info/scoresheets/scoresheet_m_eq.htm
EUROPEAN POWERLIFTING FEDERATION,European Men's Equipped Bench Press Championships (and SOI Event),Druskininkai (Lithuania),02-09.08.2026,SCORESHEET,Sub-Juniors,-59kg,M,Equipped,B,1.,Kolesnichenko Denys,2008,UKR,58.05,0.5030,3,95.0,102.5,110.0,102.5,51.55,12,good,good,failed,,,,https://goodlift.info/scoresheets/scoresheet_m_eq.htm
EUROPEAN POWERLIFTING FEDERATION,European Men's Equipped Bench Press Championships (and SOI Event),Druskininkai (Lithuania),02-09.08.2026,SCORESHEET,Sub-Juniors,-59kg,M,Equipped,B,2.,Mariiash Pavlo,2010,UKR,58.75,0.4954,2,90.0,97.5,102.5,90.0,44.59,9,good,failed,failed,,,,https://goodlift.info/scoresheets/scoresheet_m_eq.htm
EUROPEAN POWERLIFTING FEDERATION,European Men's Equipped Bench Press Championships (and SOI Event),Druskininkai (Lithuania),02-09.08.2026,SCORESHEET,Sub-Juniors,-66kg,M,Equipped,B,1.,Mykytchuk Pavlo,2009,UKR,65.60,0.4366,5,145.0,155.0,165.0,165.0,72.04,12,good,good,good,,,,https://goodlift.info/scoresheets/scoresheet_m_eq.htm
EUROPEAN POWERLIFTING FEDERATION,European Men's Equipped Bench Press Championships (and SOI Event),Druskininkai (Lithuania),02-09.08.2026,SCORESHEET,Sub-Juniors,-66kg,M,Equipped,B,2.,Seletskyi Mykhailo,2008,UKR,65.90,0.4346,4,145.0,155.0,165.0,155.0,67.36,9,good,good,failed,,,,https://goodlift.info/scoresheets/scoresheet_m_eq.htm
EUROPEAN POWERLIFTING FEDERATION,European Men's Equipped Bench Press Championships (and SOI Event),Druskininkai (Lithuania),02-09.08.2026,SCORESHEET,Sub-Juniors,-74kg,M,Equipped,B,1.,Varchola Pavol,2010,SVK,73.15,0.3933,8,170.0,175.0,182.5,170.0,66.87,12,good,failed,failed,,,,https://goodlift.info/scoresheets/scoresheet_m_eq.htm
EUROPEAN POWERLIFTING FEDERATION,European Men's Equipped Bench Press Championships (and SOI Event),Druskininkai (Lithuania),02-09.08.2026,SCORESHEET,Sub-Juniors,-74kg,M,Equipped,B,2.,Tamm Ingemar,2010,EST,69.80,0.4105,6,110.0,110.0,125.0,125.0,51.31,9,failed,good,good,,,,https://goodlift.info/scoresheets/scoresheet_m_eq.htm
EUROPEAN POWERLIFTING FEDERATION,European Men's Equipped Bench Press Championships (and SOI Event),Druskininkai (Lithuania),02-09.08.2026,SCORESHEET,Sub-Juniors,-74kg,M,Equipped,B,3.,Pall Mario,2009,EST,69.40,0.4127,7,70.0,80.0,85.0,85.0,35.08,8,good,good,good,,,,https://goodlift.info/scoresheets/scoresheet_m_eq.htm
EUROPEAN POWERLIFTING FEDERATION,European Men's Equipped Bench Press Championships (and SOI Event),Druskininkai (Lithuania),02-09.08.2026,SCORESHEET,Sub-Juniors,-83kg,M,Equipped,B,1.,Frankov Maksym,2008,UKR,82.15,0.3586,10,162.5,170.0,182.5,182.5,65.44,12,good,good,good,,,,https://goodlift.info/scoresheets/scoresheet_m_eq.htm
EUROPEAN POWERLIFTING FEDERATION,European Men's Equipped Bench Press Championships (and SOI Event),Druskininkai (Lithuania),02-09.08.2026,SCORESHEET,Sub-Juniors,-83kg,M,Equipped,B,2.,Thorlindsson Anton Haukur,2008,ISL,82.15,0.3586,11,180.0,187.5,187.5,180.0,64.54,9,good,failed,failed,,,,https://goodlift.info/scoresheets/scoresheet_m_eq.htm
EUROPEAN POWERLIFTING FEDERATION,European Men's Equipped Bench Press Championships (and SOI Event),Druskininkai (Lithuania),02-09.08.2026,SCORESHEET,Sub-Juniors,-83kg,M,Equipped,B,3.,Sokolek Konrad,2009,POL,80.25,0.3648,12,145.0,152.5,160.0,160.0,58.37,8,good,good,good,,,,https://goodlift.info/scoresheets/scoresheet_m_eq.htm
EUROPEAN POWERLIFTING FEDERATION,European Men's Equipped Bench Press Championships (and SOI Event),Druskininkai (Lithuania),02-09.08.2026,SCORESHEET,Sub-Juniors,-83kg,M,Equipped,B,4.,Ploucha Konstanty,2008,POL,81.80,0.3597,9,160.0,160.0,162.5,160.0,57.55,7,failed,good,failed,,,,https://goodlift.info/scoresheets/scoresheet_m_eq.htm
EUROPEAN POWERLIFTING FEDERATION,European Men's Equipped Bench Press Championships (and SOI Event),Druskininkai (Lithuania),02-09.08.2026,SCORESHEET,Sub-Juniors,-93kg,M,Equipped,B,1.,Freihow Mateo,2008,NOR,92.30,0.3322,14,230.0,238.5,240.0-ws,240.0,79.74,12,good,good,good,,,ws,https://goodlift.info/scoresheets/scoresheet_m_eq.htm
EUROPEAN POWERLIFTING FEDERATION,European Men's Equipped Bench Press Championships (and SOI Event),Druskininkai (Lithuania),02-09.08.2026,SCORESHEET,Sub-Juniors,-93kg,M,Equipped,B,2.,Voytsekhovskyy Oleksandr,2008,UKR,92.10,0.3327,16,215.0,230.0,232.5,215.0,71.52,9,good,failed,failed,,,,https://goodlift.info/scoresheets/scoresheet_m_eq.htm
EUROPEAN POWERLIFTING FEDERATION,European Men's Equipped Bench Press Championships (and SOI Event),Druskininkai (Lithuania),02-09.08.2026,SCORESHEET,Sub-Juniors,-93kg,M,Equipped,B,3.,Niedbalski Maciej,2009,POL,92.50,0.3318,15,135.0,140.0,150.0,150.0,49.77,8,good,good,good,,,,https://goodlift.info/scoresheets/scoresheet_m_eq.htm
EUROPEAN POWERLIFTING FEDERATION,European Men's Equipped Bench Press Championships (and SOI Event),Druskininkai (Lithuania),02-09.08.2026,SCORESHEET,Sub-Juniors,-93kg,M,Equipped,B,4.,Shuktomov Artemi,2009,EST,87.30,0.3439,13,130.0,135.0,140.0,135.0,46.43,7,good,good,failed,,,,https://goodlift.info/scoresheets/scoresheet_m_eq.htm
EUROPEAN POWERLIFTING FEDERATION,European Men's Equipped Bench Press Championships (and SOI Event),Druskininkai (Lithuania),02-09.08.2026,SCORESHEET,Sub-Juniors,-105kg,M,Equipped,B,1.,Pervak Danylo,2008,UKR,104.10,0.3118,18,255.0,255.0,255.0,255.0,79.50,12,failed,failed,good,,,,https://goodlift.info/scoresheets/scoresheet_m_eq.htm
EUROPEAN POWERLIFTING FEDERATION,European Men's Equipped Bench Press Championships (and SOI Event),Druskininkai (Lithuania),02-09.08.2026,SCORESHEET,Sub-Juniors,-105kg,M,Equipped,B,2.,Kallast Patrik,2008,EST,94.65,0.3275,17,170.0,187.5,200.0,187.5,61.40,9,good,good,failed,,,,https://goodlift.info/scoresheets/scoresheet_m_eq.htm
EUROPEAN POWERLIFTING FEDERATION,European Men's Equipped Bench Press Championships (and SOI Event),Druskininkai (Lithuania),02-09.08.2026,SCORESHEET,Sub-Juniors,-120kg,M,Equipped,B,1.,Kardash Arsenii,2010,UKR,116.45,0.2974,19,185.0,192.5,192.5,192.5,57.25,12,good,failed,good,,,,https://goodlift.info/scoresheets/scoresheet_m_eq.htm
EUROPEAN POWERLIFTING FEDERATION,European Men's Equipped Bench Press Championships (and SOI Event),Druskininkai (Lithuania),02-09.08.2026,SCORESHEET,Sub-Juniors,-120kg,M,Equipped,B,2.,Gecas Jovydas,2009,LTU,115.40,0.2984,20,165.0,172.5,185.0,172.5,51.47,9,good,good,failed,,,,https://goodlift.info/scoresheets/scoresheet_m_eq.htm
EUROPEAN POWERLIFTING FEDERATION,European Men's Equipped Bench Press Championships (and SOI Event),Druskininkai (Lithuania),02-09.08.2026,SCORESHEET,Sub-Juniors,120+kg,M,Equipped,B,1.,Bem Dawid,2010,POL,121.70,0.2928,21,170.0,180.0,190.0,190.0,55.62,12,good,good,good,,,,https://goodlift.info/scoresheets/scoresheet_m_eq.htm
EUROPEAN POWERLIFTING FEDERATION,European Men's Equipped Bench Press Championships (and SOI Event),Druskininkai (Lithuania),02-09.08.2026,SCORESHEET,Juniors,-59kg,M,Equipped,B,1.,Paskar Oleksandr,2006,UKR,58.35,0.4997,3,145.0,152.5,160.0,160.0,79.95,12,good,good,good,,,,https://goodlift.info/scoresheets/scoresheet_m_eq.htm
EUROPEAN POWERLIFTING FEDERATION,European Men's Equipped Bench Press Championships (and SOI Event),Druskininkai (Lithuania),02-09.08.2026,SCORESHEET,Juniors,-59kg,M,Equipped,B,2.,Bialas Kacper,2003,POL,57.95,0.5041,1,120.0,127.5,135.0,135.0,68.05,9,good,good,good,,,,https://goodlift.info/scoresheets/scoresheet_m_eq.htm
EUROPEAN POWERLIFTING FEDERATION,European Men's Equipped Bench Press Championships (and SOI Event),Druskininkai (Lithuania),02-09.08.2026,SCORESHEET,Juniors,-59kg,M,Equipped,B,3.,Savkin Mykola,2007,UKR,54.85,0.5427,2,85.0,90.0,90.0,85.0,46.13,8,good,failed,failed,,,,https://goodlift.info/scoresheets/scoresheet_m_eq.htm
EUROPEAN POWERLIFTING FEDERATION,European Men's Equipped Bench Press Championships (and SOI Event),Druskininkai (Lithuania),02-09.08.2026,SCORESHEET,Juniors,-66kg,M,Equipped,B,1.,Ponomarenko Oleksandr,2007,UKR,65.85,0.4349,4,180.0,195.0,205.0,195.0,84.81,12,good,good,failed,,,,https://goodlift.info/scoresheets/scoresheet_m_eq.htm
EUROPEAN POWERLIFTING FEDERATION,European Men's Equipped Bench Press Championships (and SOI Event),Druskininkai (Lithuania),02-09.08.2026,SCORESHEET,Juniors,-74kg,M,Equipped,B,1.,Vyncke Milan,2004,BEL,73.30,0.3926,6,220.0,230.0,235.0,235.0,92.27,12,good,good,good,,,,https://goodlift.info/scoresheets/scoresheet_m_eq.htm
EUROPEAN POWERLIFTING FEDERATION,European Men's Equipped Bench Press Championships (and SOI Event),Druskininkai (Lithuania),02-09.08.2026,SCORESHEET,Juniors,-74kg,M,Equipped,B,2.,Burghardt Maciej,2003,POL,72.80,0.3950,8,200.0,207.5,207.5,200.0,79.00,9,good,failed,failed,,,,https://goodlift.info/scoresheets/scoresheet_m_eq.htm
EUROPEAN POWERLIFTING FEDERATION,European Men's Equipped Bench Press Championships (and SOI Event),Druskininkai (Lithuania),02-09.08.2026,SCORESHEET,Juniors,-74kg,M,Equipped,B,3.,Holenko Maksym,2006,UKR,72.45,0.3967,7,167.5,172.5,177.5,177.5,70.41,8,good,good,good,,,,https://goodlift.info/scoresheets/scoresheet_m_eq.htm
EUROPEAN POWERLIFTING FEDERATION,European Men's Equipped Bench Press Championships (and SOI Event),Druskininkai (Lithuania),02-09.08.2026,SCORESHEET,Juniors,-74kg,M,Equipped,B,4.,Link Kajetan,2007,POL,68.00,0.4210,5,165.0,170.0,175.0,170.0,71.57,7,good,good,failed,,,,https://goodlift.info/scoresheets/scoresheet_m_eq.htm
EUROPEAN POWERLIFTING FEDERATION,European Men's Equipped Bench Press Championships (and SOI Event),Druskininkai (Lithuania),02-09.08.2026,SCORESHEET,Juniors,-83kg,M,Equipped,B,1.,Michalowicz Iwo,2007,POL,82.15,0.3586,11,232.5,245.0,252.5,252.5,90.54,12,good,good,good,,,,https://goodlift.info/scoresheets/scoresheet_m_eq.htm
EUROPEAN POWERLIFTING FEDERATION,European Men's Equipped Bench Press Championships (and SOI Event),Druskininkai (Lithuania),02-09.08.2026,SCORESHEET,Juniors,-83kg,M,Equipped,B,2.,Coyne Adam,2005,GBR,75.55,0.3827,10,175.0,182.5,187.5,182.5,69.83,9,good,good,failed,,,,https://goodlift.info/scoresheets/scoresheet_m_eq.htm
EUROPEAN POWERLIFTING FEDERATION,European Men's Equipped Bench Press Championships (and SOI Event),Druskininkai (Lithuania),02-09.08.2026,SCORESHEET,Juniors,-83kg,M,Equipped,B,3.,Kaskman Kevin,2003,EST,75.20,0.3841,9,135.0,145.0,152.5,152.5,58.58,8,good,good,good,,,,https://goodlift.info/scoresheets/scoresheet_m_eq.htm
EUROPEAN POWERLIFTING FEDERATION,European Men's Equipped Bench Press Championships (and SOI Event),Druskininkai (Lithuania),02-09.08.2026,SCORESHEET,Juniors,-93kg,M,Equipped,B,1.,Grandl Jakob,2005,AUT,92.70,0.3314,13,255.0,265.0,280.0,265.0,87.82,12,good,good,failed,,,,https://goodlift.info/scoresheets/scoresheet_m_eq.htm
EUROPEAN POWERLIFTING FEDERATION,European Men's Equipped Bench Press Championships (and SOI Event),Druskininkai (Lithuania),02-09.08.2026,SCORESHEET,Juniors,-93kg,M,Equipped,B,2.,Semeshkin Andrii,2006,UKR,92.25,0.3323,15,230.0,237.5,245.0,237.5,78.93,9,good,good,failed,,,,https://goodlift.info/scoresheets/scoresheet_m_eq.htm
EUROPEAN POWERLIFTING FEDERATION,European Men's Equipped Bench Press Championships (and SOI Event),Druskininkai (Lithuania),02-09.08.2026,SCORESHEET,Juniors,-93kg,M,Equipped,B,3.,Overchenko Ivan,2004,UKR,91.95,0.3330,16,210.0,225.0,232.5,232.5,77.42,8,good,good,good,,,,https://goodlift.info/scoresheets/scoresheet_m_eq.htm
EUROPEAN POWERLIFTING FEDERATION,European Men's Equipped Bench Press Championships (and SOI Event),Druskininkai (Lithuania),02-09.08.2026,SCORESHEET,Juniors,-93kg,M,Equipped,B,4.,Lason Igor,2006,POL,91.40,0.3342,12,180.0,187.5,187.5,180.0,60.15,7,good,failed,failed,,,,https://goodlift.info/scoresheets/scoresheet_m_eq.htm
EUROPEAN POWERLIFTING FEDERATION,European Men's Equipped Bench Press Championships (and SOI Event),Druskininkai (Lithuania),02-09.08.2026,SCORESHEET,Juniors,-93kg,M,Equipped,B,5.,Sivov Pavel,2007,EST,86.10,0.3471,14,127.5,135.0,140.0,135.0,46.85,6,good,good,failed,,,,https://goodlift.info/scoresheets/scoresheet_m_eq.htm
EUROPEAN POWERLIFTING FEDERATION,European Men's Equipped Bench Press Championships (and SOI Event),Druskininkai (Lithuania),02-09.08.2026,SCORESHEET,Juniors,-105kg,M,Equipped,B,1.,Jarvenpaa Hermanni,2003,FIN,104.25,0.3115,18,240.0,250.0,272.5,250.0,77.89,12,good,good,failed,,,,https://goodlift.info/scoresheets/scoresheet_m_eq.htm
EUROPEAN POWERLIFTING FEDERATION,European Men's Equipped Bench Press Championships (and SOI Event),Druskininkai (Lithuania),02-09.08.2026,SCORESHEET,Juniors,-105kg,M,Equipped,B,2.,Arion George,2005,ROU,97.75,0.3217,19,187.5,192.5,197.5,192.5,61.93,9,good,good,failed,,,,https://goodlift.info/scoresheets/scoresheet_m_eq.htm
EUROPEAN POWERLIFTING FEDERATION,European Men's Equipped Bench Press Championships (and SOI Event),Druskininkai (Lithuania),02-09.08.2026,SCORESHEET,Juniors,-105kg,M,Equipped,B,3.,Hawkins Thomas,2007,GBR,94.75,0.3273,20,185.0,195.0,195.0,185.0,60.54,8,good,failed,failed,,,,https://goodlift.info/scoresheets/scoresheet_m_eq.htm
EUROPEAN POWERLIFTING FEDERATION,European Men's Equipped Bench Press Championships (and SOI Event),Druskininkai (Lithuania),02-09.08.2026,SCORESHEET,Juniors,-105kg,M,Equipped,B,—,Pietrzyk Piotr,2007,POL,96.70,0.3236,21,205.0,205.0,205.0,DSQ,—,—,failed,failed,failed,,,,https://goodlift.info/scoresheets/scoresheet_m_eq.htm
EUROPEAN POWERLIFTING FEDERATION,European Men's Equipped Bench Press Championships (and SOI Event),Druskininkai (Lithuania),02-09.08.2026,SCORESHEET,Juniors,-120kg,M,Equipped,B,1.,Rozdorozhnyi Vadym,2003,UKR,119.10,0.2950,22,275.0,275.0,302.5,275.0,81.11,12,failed,good,failed,,,,https://goodlift.info/scoresheets/scoresheet_m_eq.htm
EUROPEAN POWERLIFTING FEDERATION,European Men's Equipped Bench Press Championships (and SOI Event),Druskininkai (Lithuania),02-09.08.2026,SCORESHEET,Juniors,-120kg,M,Equipped,B,2.,Bairamov Erik,2005,EST,119.10,0.2950,24,185.0,195.0,205.0,195.0,57.52,9,good,good,failed,,,,https://goodlift.info/scoresheets/scoresheet_m_eq.htm
EUROPEAN POWERLIFTING FEDERATION,European Men's Equipped Bench Press Championships (and SOI Event),Druskininkai (Lithuania),02-09.08.2026,SCORESHEET,Juniors,-120kg,M,Equipped,B,3.,Aleksejev Sander,2006,EST,105.45,0.3099,23,142.5,152.5,157.5,152.5,47.26,8,good,good,failed,,,,https://goodlift.info/scoresheets/scoresheet_m_eq.htm
EUROPEAN POWERLIFTING FEDERATION,European Men's Equipped Bench Press Championships (and SOI Event),Druskininkai (Lithuania),02-09.08.2026,SCORESHEET,Juniors,120+kg,M,Equipped,B,1.,Norling Dante,2005,SWE,139.90,0.2812,28,270.0,275.0,280.0,280.0,78.74,12,good,good,good,,,,https://goodlift.info/scoresheets/scoresheet_m_eq.htm
EUROPEAN POWERLIFTING FEDERATION,European Men's Equipped Bench Press Championships (and SOI Event),Druskininkai (Lithuania),02-09.08.2026,SCORESHEET,Juniors,120+kg,M,Equipped,B,2.,Pietrykowski Dawid,2004,POL,133.95,0.2844,27,245.0,257.5,275.0,257.5,73.22,9,good,good,failed,,,,https://goodlift.info/scoresheets/scoresheet_m_eq.htm
EUROPEAN POWERLIFTING FEDERATION,European Men's Equipped Bench Press Championships (and SOI Event),Druskininkai (Lithuania),02-09.08.2026,SCORESHEET,Juniors,120+kg,M,Equipped,B,3.,Trunov Ivan,2006,UKR,123.90,0.2910,29,230.0,245.0,247.5,247.5,72.03,8,good,good,good,,,,https://goodlift.info/scoresheets/scoresheet_m_eq.htm
EUROPEAN POWERLIFTING FEDERATION,European Men's Equipped Bench Press Championships (and SOI Event),Druskininkai (Lithuania),02-09.08.2026,SCORESHEET,Juniors,120+kg,M,Equipped,B,4.,Graham Zack,2007,GBR,155.60,0.2750,26,210.0,222.5,247.5,247.5,68.06,7,good,good,good,,,,https://goodlift.info/scoresheets/scoresheet_m_eq.htm
EUROPEAN POWERLIFTING FEDERATION,European Men's Equipped Bench Press Championships (and SOI Event),Druskininkai (Lithuania),02-09.08.2026,SCORESHEET,Juniors,120+kg,M,Equipped,B,5.,Lee Brandon,2005,GBR,121.60,0.2928,25,220.0,242.5,245.0,220.0,64.42,6,good,failed,failed,,,,https://goodlift.info/scoresheets/scoresheet_m_eq.htm
EUROPEAN POWERLIFTING FEDERATION,European Men's Equipped Bench Press Championships (and SOI Event),Druskininkai (Lithuania),02-09.08.2026,SCORESHEET,Masters 1,-74kg,M,Equipped,B,1.,Vaivila Ville,1977,FIN,71.70,0.4004,1,120.0,130.0,X,130.0,52.05,12,good,good,good,,,,https://goodlift.info/scoresheets/scoresheet_m_eq.htm
EUROPEAN POWERLIFTING FEDERATION,European Men's Equipped Bench Press Championships (and SOI Event),Druskininkai (Lithuania),02-09.08.2026,SCORESHEET,Masters 1,-83kg,M,Equipped,B,1.,Sotolar Jozef,1980,SVK,82.60,0.3572,2,225.0,235.0,242.5,242.5,86.61,12,good,good,good,,,,https://goodlift.info/scoresheets/scoresheet_m_eq.htm
EUROPEAN POWERLIFTING FEDERATION,European Men's Equipped Bench Press Championships (and SOI Event),Druskininkai (Lithuania),02-09.08.2026,SCORESHEET,Masters 1,-83kg,M,Equipped,B,2.,Arkela Lasse,1978,FIN,82.35,0.3579,4,195.0,195.0,205.0,205.0,73.38,9,failed,good,good,,,,https://goodlift.info/scoresheets/scoresheet_m_eq.htm
EUROPEAN POWERLIFTING FEDERATION,European Men's Equipped Bench Press Championships (and SOI Event),Druskininkai (Lithuania),02-09.08.2026,SCORESHEET,Masters 1,-83kg,M,Equipped,B,3.,Virtanen Ville,1978,FIN,81.75,0.3598,3,180.0,185.0,195.0,185.0,66.57,8,good,good,failed,,,,https://goodlift.info/scoresheets/scoresheet_m_eq.htm
EUROPEAN POWERLIFTING FEDERATION,European Men's Equipped Bench Press Championships (and SOI Event),Druskininkai (Lithuania),02-09.08.2026,SCORESHEET,Masters 1,-83kg,M,Equipped,B,4.,Richens Ben,1981,GBR,82.35,0.3579,5,167.5,175.0,180.0,180.0,64.43,7,good,good,good,,,,https://goodlift.info/scoresheets/scoresheet_m_eq.htm
EUROPEAN POWERLIFTING FEDERATION,European Men's Equipped Bench Press Championships (and SOI Event),Druskininkai (Lithuania),02-09.08.2026,SCORESHEET,Masters 1,-93kg,M,Equipped,B,1.,Alberico Simone,1983,ITA,91.20,0.3346,12,232.5,240.0,250.0,240.0,80.31,12,failed,good,failed,,,,https://goodlift.info/scoresheets/scoresheet_m_eq.htm
EUROPEAN POWERLIFTING FEDERATION,European Men's Equipped Bench Press Championships (and SOI Event),Druskininkai (Lithuania),02-09.08.2026,SCORESHEET,Masters 1,-93kg,M,Equipped,B,2.,Nemes Robert,1986,HUN,92.25,0.3323,10,230.0,240.0,247.5,240.0,79.76,9,good,good,failed,,,,https://goodlift.info/scoresheets/scoresheet_m_eq.htm
EUROPEAN POWERLIFTING FEDERATION,European Men's Equipped Bench Press Championships (and SOI Event),Druskininkai (Lithuania),02-09.08.2026,SCORESHEET,Masters 1,-93kg,M,Equipped,B,3.,Milkintis Kestutis,1979,LTU,90.15,0.3370,7,205.0,212.5,217.5,217.5,73.29,8,good,good,good,,,,https://goodlift.info/scoresheets/scoresheet_m_eq.htm
EUROPEAN POWERLIFTING FEDERATION,European Men's Equipped Bench Press Championships (and SOI Event),Druskininkai (Lithuania),02-09.08.2026,SCORESHEET,Masters 1,-93kg,M,Equipped,B,4.,Hornik Jiri,1978,CZE,90.25,0.3368,11,200.0,207.5,220.0,207.5,69.88,7,good,good,failed,,,,https://goodlift.info/scoresheets/scoresheet_m_eq.htm
EUROPEAN POWERLIFTING FEDERATION,European Men's Equipped Bench Press Championships (and SOI Event),Druskininkai (Lithuania),02-09.08.2026,SCORESHEET,Masters 1,-93kg,M,Equipped,B,5.,Jasica Slawomir,1977,POL,92.05,0.3328,6,200.0,205.0,220.0,200.0,66.55,6,good,failed,failed,,,,https://goodlift.info/scoresheets/scoresheet_m_eq.htm
EUROPEAN POWERLIFTING FEDERATION,European Men's Equipped Bench Press Championships (and SOI Event),Druskininkai (Lithuania),02-09.08.2026,SCORESHEET,Masters 1,-93kg,M,Equipped,B,6.,Pelan David,1980,CZE,92.50,0.3318,9,185.0,200.0,210.0,200.0,66.36,5,good,good,failed,,,,https://goodlift.info/scoresheets/scoresheet_m_eq.htm
EUROPEAN POWERLIFTING FEDERATION,European Men's Equipped Bench Press Championships (and SOI Event),Druskininkai (Lithuania),02-09.08.2026,SCORESHEET,Masters 1,-93kg,M,Equipped,B,7.,Penalver David,1985,ISL,90.90,0.3353,13,175.0,185.0,190.0,175.0,58.67,4,good,failed,failed,,,,https://goodlift.info/scoresheets/scoresheet_m_eq.htm
EUROPEAN POWERLIFTING FEDERATION,European Men's Equipped Bench Press Championships (and SOI Event),Druskininkai (Lithuania),02-09.08.2026,SCORESHEET,Masters 1,-105kg,M,Equipped,B,1.,Barthel Frank,1980,GER,103.00,0.3133,19,270.0,275.0,277.5,275.0,86.17,12,good,good,failed,,,,https://goodlift.info/scoresheets/scoresheet_m_eq.htm
EUROPEAN POWERLIFTING FEDERATION,European Men's Equipped Bench Press Championships (and SOI Event),Druskininkai (Lithuania),02-09.08.2026,SCORESHEET,Masters 1,-105kg,M,Equipped,B,2.,Tuhacek Zdenek,1986,CZE,101.90,0.3150,18,242.5,242.5,247.5,247.5,77.96,9,failed,good,good,,,,https://goodlift.info/scoresheets/scoresheet_m_eq.htm
EUROPEAN POWERLIFTING FEDERATION,European Men's Equipped Bench Press Championships (and SOI Event),Druskininkai (Lithuania),02-09.08.2026,SCORESHEET,Masters 1,-105kg,M,Equipped,B,3.,Reppo Eero,1982,EST,104.60,0.3111,20,235.0,245.0,250.0,245.0,76.21,8,good,good,failed,,,,https://goodlift.info/scoresheets/scoresheet_m_eq.htm
EUROPEAN POWERLIFTING FEDERATION,European Men's Equipped Bench Press Championships (and SOI Event),Druskininkai (Lithuania),02-09.08.2026,SCORESHEET,Masters 1,-105kg,M,Equipped,B,4.,Furphy Patrick,1984,GBR,97.15,0.3228,17,205.0,220.0,225.0,205.0,66.17,7,good,failed,failed,,,,https://goodlift.info/scoresheets/scoresheet_m_eq.htm
EUROPEAN POWERLIFTING FEDERATION,European Men's Equipped Bench Press Championships (and SOI Event),Druskininkai (Lithuania),02-09.08.2026,SCORESHEET,Masters 1,-105kg,M,Equipped,B,—,Bunys Eugenijus,1982,LTU,102.00,0.3148,14,205.0,205.0,205.0,DSQ,—,—,failed,failed,failed,,,,https://goodlift.info/scoresheets/scoresheet_m_eq.htm
EUROPEAN POWERLIFTING FEDERATION,European Men's Equipped Bench Press Championships (and SOI Event),Druskininkai (Lithuania),02-09.08.2026,SCORESHEET,Masters 1,-105kg,M,Equipped,B,—,Walczak Eryk,1977,POL,104.35,0.3114,15,275.0,275.0,275.0,DSQ,—,—,failed,failed,failed,,,,https://goodlift.info/scoresheets/scoresheet_m_eq.htm
EUROPEAN POWERLIFTING FEDERATION,European Men's Equipped Bench Press Championships (and SOI Event),Druskininkai (Lithuania),02-09.08.2026,SCORESHEET,Masters 1,-120kg,M,Equipped,B,1.,Tiensuu Mikko,1978,FIN,119.30,0.2948,22,270.0,275.0,280.0,280.0,82.54,12,good,good,good,,,,https://goodlift.info/scoresheets/scoresheet_m_eq.htm
EUROPEAN POWERLIFTING FEDERATION,European Men's Equipped Bench Press Championships (and SOI Event),Druskininkai (Lithuania),02-09.08.2026,SCORESHEET,Masters 1,-120kg,M,Equipped,B,2.,Zuberec Peter,1978,SVK,117.80,0.2961,21,260.0,267.5,280.0,267.5,79.21,9,good,good,failed,,,,https://goodlift.info/scoresheets/scoresheet_m_eq.htm
EUROPEAN POWERLIFTING FEDERATION,European Men's Equipped Bench Press Championships (and SOI Event),Druskininkai (Lithuania),02-09.08.2026,SCORESHEET,Masters 1,-120kg,M,Equipped,B,3.,Constantinescu Razvan,1986,ROU,113.35,0.3005,25,250.0,250.0,260.0,260.0,78.13,8,failed,good,good,,,,https://goodlift.info/scoresheets/scoresheet_m_eq.htm
EUROPEAN POWERLIFTING FEDERATION,European Men's Equipped Bench Press Championships (and SOI Event),Druskininkai (Lithuania),02-09.08.2026,SCORESHEET,Masters 1,-120kg,M,Equipped,B,4.,Kadorko Aleksei,1984,EST,116.20,0.2976,24,225.0,232.5,240.0,232.5,69.20,7,good,good,failed,,,,https://goodlift.info/scoresheets/scoresheet_m_eq.htm
EUROPEAN POWERLIFTING FEDERATION,European Men's Equipped Bench Press Championships (and SOI Event),Druskininkai (Lithuania),02-09.08.2026,SCORESHEET,Masters 1,-120kg,M,Equipped,B,5.,Andersson Per,1981,SWE,119.65,0.2945,26,220.0,220.0,235.0,220.0,64.79,6,failed,good,failed,,,,https://goodlift.info/scoresheets/scoresheet_m_eq.htm
EUROPEAN POWERLIFTING FEDERATION,European Men's Equipped Bench Press Championships (and SOI Event),Druskininkai (Lithuania),02-09.08.2026,SCORESHEET,Masters 1,-120kg,M,Equipped,B,6.,Jirout Jaroslav,1980,CZE,118.90,0.2951,23,210.0,210.0,235.0,210.0,61.98,5,failed,good,failed,,,,https://goodlift.info/scoresheets/scoresheet_m_eq.htm
EUROPEAN POWERLIFTING FEDERATION,European Men's Equipped Bench Press Championships (and SOI Event),Druskininkai (Lithuania),02-09.08.2026,SCORESHEET,Masters 1,120+kg,M,Equipped,B,1.,Andersson Martin,1984,SWE,138.30,0.2820,28,300.0,317.5,317.5,300.0,84.60,12,good,failed,failed,,,,https://goodlift.info/scoresheets/scoresheet_m_eq.htm
EUROPEAN POWERLIFTING FEDERATION,European Men's Equipped Bench Press Championships (and SOI Event),Druskininkai (Lithuania),02-09.08.2026,SCORESHEET,Masters 1,120+kg,M,Equipped,B,—,Lottici Leandro,1979,ITA,146.40,0.2783,27,340.0,340.0,340.0,DSQ,—,—,failed,failed,failed,,,,https://goodlift.info/scoresheets/scoresheet_m_eq.htm
EUROPEAN POWERLIFTING FEDERATION,European Men's Equipped Bench Press Championships (and SOI Event),Druskininkai (Lithuania),02-09.08.2026,SCORESHEET,Masters 2,-66kg,M,Equipped,B,1.,Kryzevicius Nodaras,1968,LTU,64.60,0.4438,1,95.0,112.5,117.5,95.0,42.16,12,good,failed,failed,,,,https://goodlift.info/scoresheets/scoresheet_m_eq.htm
EUROPEAN POWERLIFTING FEDERATION,European Men's Equipped Bench Press Championships (and SOI Event),Druskininkai (Lithuania),02-09.08.2026,SCORESHEET,Masters 2,-74kg,M,Equipped,B,1.,Zelazko Bartosz,1973,POL,73.75,0.3906,3,187.5,192.5,200.0,192.5,75.18,12,good,good,failed,,,,https://goodlift.info/scoresheets/scoresheet_m_eq.htm
EUROPEAN POWERLIFTING FEDERATION,European Men's Equipped Bench Press Championships (and SOI Event),Druskininkai (Lithuania),02-09.08.2026,SCORESHEET,Masters 2,-74kg,M,Equipped,B,2.,Holmgren Marcus,1975,SWE,73.80,0.3903,2,175.0,190.0,195.0,175.0,68.31,9,good,failed,failed,,,,https://goodlift.info/scoresheets/scoresheet_m_eq.htm
EUROPEAN POWERLIFTING FEDERATION,European Men's Equipped Bench Press Championships (and SOI Event),Druskininkai (Lithuania),02-09.08.2026,SCORESHEET,Masters 2,-83kg,M,Equipped,B,1.,Lorentzen Ove Henning,1971,NOR,82.20,0.3584,5,220.0,230.0,250.5,230.0,82.44,12,good,good,failed,,,,https://goodlift.info/scoresheets/scoresheet_m_eq.htm
EUROPEAN POWERLIFTING FEDERATION,European Men's Equipped Bench Press Championships (and SOI Event),Druskininkai (Lithuania),02-09.08.2026,SCORESHEET,Masters 2,-83kg,M,Equipped,B,2.,Stachovas Vitalijus,1971,LTU,81.90,0.3594,4,182.5,187.5,200.0,187.5,67.38,9,good,good,failed,,,,https://goodlift.info/scoresheets/scoresheet_m_eq.htm
EUROPEAN POWERLIFTING FEDERATION,European Men's Equipped Bench Press Championships (and SOI Event),Druskininkai (Lithuania),02-09.08.2026,SCORESHEET,Masters 2,-83kg,M,Equipped,B,3.,Tatoris Dalius,1976,LTU,81.60,0.3603,7,170.0,175.0,187.5,170.0,61.26,8,good,failed,failed,,,,https://goodlift.info/scoresheets/scoresheet_m_eq.htm
EUROPEAN POWERLIFTING FEDERATION,European Men's Equipped Bench Press Championships (and SOI Event),Druskininkai (Lithuania),02-09.08.2026,SCORESHEET,Masters 2,-83kg,M,Equipped,B,4.,Debicki Tomasz,1974,POL,82.00,0.3590,6,165.0,165.0,172.5,165.0,59.24,7,failed,good,failed,,,,https://goodlift.info/scoresheets/scoresheet_m_eq.htm
EUROPEAN POWERLIFTING FEDERATION,European Men's Equipped Bench Press Championships (and SOI Event),Druskininkai (Lithuania),02-09.08.2026,SCORESHEET,Masters 2,-93kg,M,Equipped,B,1.,Nocek Grzegorz,1973,POL,92.25,0.3323,10,270.0,277.5,300.0,277.5,92.22,12,good,good,failed,,,,https://goodlift.info/scoresheets/scoresheet_m_eq.htm
EUROPEAN POWERLIFTING FEDERATION,European Men's Equipped Bench Press Championships (and SOI Event),Druskininkai (Lithuania),02-09.08.2026,SCORESHEET,Masters 2,-93kg,M,Equipped,B,2.,Jensen Henrik Bo,1967,DEN,92.15,0.3326,14,210.0,210.0,222.5,222.5,73.99,9,failed,good,good,,,,https://goodlift.info/scoresheets/scoresheet_m_eq.htm
EUROPEAN POWERLIFTING FEDERATION,European Men's Equipped Bench Press Championships (and SOI Event),Druskininkai (Lithuania),02-09.08.2026,SCORESHEET,Masters 2,-93kg,M,Equipped,B,3.,Laurikainen Petteri,1969,FIN,91.15,0.3347,9,220.0,237.5,237.5,220.0,73.64,8,good,failed,failed,,,,https://goodlift.info/scoresheets/scoresheet_m_eq.htm
EUROPEAN POWERLIFTING FEDERATION,European Men's Equipped Bench Press Championships (and SOI Event),Druskininkai (Lithuania),02-09.08.2026,SCORESHEET,Masters 2,-93kg,M,Equipped,B,4.,Silbaum Margus,1976,EST,92.70,0.3314,13,210.0,217.5,222.5,217.5,72.08,7,good,good,failed,,,,https://goodlift.info/scoresheets/scoresheet_m_eq.htm
EUROPEAN POWERLIFTING FEDERATION,European Men's Equipped Bench Press Championships (and SOI Event),Druskininkai (Lithuania),02-09.08.2026,SCORESHEET,Masters 2,-93kg,M,Equipped,B,5.,Miles Andrew,1972,GBR,90.90,0.3353,8,155.0,162.5,162.5,155.0,51.97,6,good,failed,failed,,,,https://goodlift.info/scoresheets/scoresheet_m_eq.htm
EUROPEAN POWERLIFTING FEDERATION,European Men's Equipped Bench Press Championships (and SOI Event),Druskininkai (Lithuania),02-09.08.2026,SCORESHEET,Masters 2,-93kg,M,Equipped,B,—,Sviland Helge,1975,NOR,91.55,0.3338,12,190.0,190.0,200.0,DSQ,—,—,failed,failed,failed,,,,https://goodlift.info/scoresheets/scoresheet_m_eq.htm
EUROPEAN POWERLIFTING FEDERATION,European Men's Equipped Bench Press Championships (and SOI Event),Druskininkai (Lithuania),02-09.08.2026,SCORESHEET,Masters 2,-105kg,M,Equipped,B,1.,Dawidowicz Robert,1972,SWE,101.55,0.3155,18,232.5,237.5,250.0,237.5,74.93,12,good,good,failed,,,,https://goodlift.info/scoresheets/scoresheet_m_eq.htm
EUROPEAN POWERLIFTING FEDERATION,European Men's Equipped Bench Press Championships (and SOI Event),Druskininkai (Lithuania),02-09.08.2026,SCORESHEET,Masters 2,-105kg,M,Equipped,B,2.,Ghazal Khaled,1972,CZE,104.60,0.3111,16,235.0,240.0,242.5,235.0,73.10,9,good,failed,failed,,,,https://goodlift.info/scoresheets/scoresheet_m_eq.htm
EUROPEAN POWERLIFTING FEDERATION,European Men's Equipped Bench Press Championships (and SOI Event),Druskininkai (Lithuania),02-09.08.2026,SCORESHEET,Masters 2,-105kg,M,Equipped,B,3.,Green Martin,1974,GBR,103.70,0.3123,17,225.0,230.0,235.0,225.0,70.27,8,good,failed,failed,,,,https://goodlift.info/scoresheets/scoresheet_m_eq.htm
EUROPEAN POWERLIFTING FEDERATION,European Men's Equipped Bench Press Championships (and SOI Event),Druskininkai (Lithuania),02-09.08.2026,SCORESHEET,Masters 2,-105kg,M,Equipped,B,4.,Ereksonas Darius,1968,LTU,103.45,0.3127,15,210.0,212.5,212.5,210.0,65.66,7,good,failed,failed,,,,https://goodlift.info/scoresheets/scoresheet_m_eq.htm
EUROPEAN POWERLIFTING FEDERATION,European Men's Equipped Bench Press Championships (and SOI Event),Druskininkai (Lithuania),02-09.08.2026,SCORESHEET,Masters 2,-120kg,M,Equipped,B,1.,Petrov Viacheslav,1971,UKR,114.35,0.2995,20,242.5,252.5,255.0,252.5,75.61,12,good,good,failed,,,,https://goodlift.info/scoresheets/scoresheet_m_eq.htm
EUROPEAN POWERLIFTING FEDERATION,European Men's Equipped Bench Press Championships (and SOI Event),Druskininkai (Lithuania),02-09.08.2026,SCORESHEET,Masters 2,-120kg,M,Equipped,B,2.,Ball Darren,1970,GBR,118.90,0.2951,22,245.0,255.0,255.0,245.0,72.31,9,good,failed,failed,,,,https://goodlift.info/scoresheets/scoresheet_m_eq.htm
EUROPEAN POWERLIFTING FEDERATION,European Men's Equipped Bench Press Championships (and SOI Event),Druskininkai (Lithuania),02-09.08.2026,SCORESHEET,Masters 2,-120kg,M,Equipped,B,3.,Cazacu Sorin,1973,ROU,119.00,0.2950,24,235.0,240.0,247.5,240.0,70.81,8,good,good,failed,,,,https://goodlift.info/scoresheets/scoresheet_m_eq.htm
EUROPEAN POWERLIFTING FEDERATION,European Men's Equipped Bench Press Championships (and SOI Event),Druskininkai (Lithuania),02-09.08.2026,SCORESHEET,Masters 2,-120kg,M,Equipped,B,4.,Gaffney Sean,1971,GBR,118.76,0.2953,21,192.5,197.5,200.0,197.5,58.31,7,good,good,failed,,,,https://goodlift.info/scoresheets/scoresheet_m_eq.htm
EUROPEAN POWERLIFTING FEDERATION,European Men's Equipped Bench Press Championships (and SOI Event),Druskininkai (Lithuania),02-09.08.2026,SCORESHEET,Masters 2,-120kg,M,Equipped,B,—,Rukkila Timo,1972,FIN,116.35,0.2975,25,205.0,205.0,205.0,DSQ,—,—,failed,failed,failed,,,,https://goodlift.info/scoresheets/scoresheet_m_eq.htm
EUROPEAN POWERLIFTING FEDERATION,European Men's Equipped Bench Press Championships (and SOI Event),Druskininkai (Lithuania),02-09.08.2026,SCORESHEET,Masters 2,-120kg,M,Equipped,B,—,Cserna Janos,1968,HUN,119.80,0.2943,23,235.0,235.0,235.0,DSQ,—,—,failed,failed,failed,,,,https://goodlift.info/scoresheets/scoresheet_m_eq.htm
EUROPEAN POWERLIFTING FEDERATION,European Men's Equipped Bench Press Championships (and SOI Event),Druskininkai (Lithuania),02-09.08.2026,SCORESHEET,Masters 2,120+kg,M,Equipped,B,1.,Sandvik Kenneth,1975,FIN,135.25,0.2836,27,255.0,272.5,275.0,275.0,78.00,12,good,good,good,,,,https://goodlift.info/scoresheets/scoresheet_m_eq.htm
EUROPEAN POWERLIFTING FEDERATION,European Men's Equipped Bench Press Championships (and SOI Event),Druskininkai (Lithuania),02-09.08.2026,SCORESHEET,Masters 2,120+kg,M,Equipped,B,2.,Muresan Tiberiu,1972,ROU,136.90,0.2827,28,270.0,275.0,285.0,275.0,77.75,9,failed,good,failed,,,,https://goodlift.info/scoresheets/scoresheet_m_eq.htm
EUROPEAN POWERLIFTING FEDERATION,European Men's Equipped Bench Press Championships (and SOI Event),Druskininkai (Lithuania),02-09.08.2026,SCORESHEET,Masters 2,120+kg,M,Equipped,B,3.,Koovit Gert,1973,EST,131.10,0.2861,26,270.0,282.5,282.5,270.0,77.24,8,good,failed,failed,,,,https://goodlift.info/scoresheets/scoresheet_m_eq.htm
EUROPEAN POWERLIFTING FEDERATION,European Men's Equipped Bench Press Championships (and SOI Event),Druskininkai (Lithuania),02-09.08.2026,SCORESHEET,Masters 3,-59kg,M,Equipped,B,1.,Kolsovsky Stefan,1961,SVK,57.40,0.5103,2,127.5,127.5,132.5,127.5,65.07,12,failed,good,failed,,,,https://goodlift.info/scoresheets/scoresheet_m_eq.htm
EUROPEAN POWERLIFTING FEDERATION,European Men's Equipped Bench Press Championships (and SOI Event),Druskininkai (Lithuania),02-09.08.2026,SCORESHEET,Masters 3,-66kg,M,Equipped,B,1.,Baublys Vidmantas,1965,LTU,65.70,0.4359,3,120.0,127.5,135.0,135.0,58.85,12,good,good,good,,,,https://goodlift.info/scoresheets/scoresheet_m_eq.htm
EUROPEAN POWERLIFTING FEDERATION,European Men's Equipped Bench Press Championships (and SOI Event),Druskininkai (Lithuania),02-09.08.2026,SCORESHEET,Masters 3,-74kg,M,Equipped,B,1.,Mihok Anton,1957,SVK,73.40,0.3922,5,155.0,162.5,162.5,155.0,60.79,12,good,failed,failed,,,,https://goodlift.info/scoresheets/scoresheet_m_eq.htm
EUROPEAN POWERLIFTING FEDERATION,European Men's Equipped Bench Press Championships (and SOI Event),Druskininkai (Lithuania),02-09.08.2026,SCORESHEET,Masters 3,-74kg,M,Equipped,B,2.,Siltanen Jukka,1965,SWE,73.10,0.3936,7,137.5,142.5,155.0,142.5,56.08,9,good,good,failed,,,,https://goodlift.info/scoresheets/scoresheet_m_eq.htm
EUROPEAN POWERLIFTING FEDERATION,European Men's Equipped Bench Press Championships (and SOI Event),Druskininkai (Lithuania),02-09.08.2026,SCORESHEET,Masters 3,-74kg,M,Equipped,B,3.,Kazlauskas Vytautas,1957,LTU,72.10,0.3984,6,127.5,135.0,142.5,135.0,53.79,8,good,good,failed,,,,https://goodlift.info/scoresheets/scoresheet_m_eq.htm
EUROPEAN POWERLIFTING FEDERATION,European Men's Equipped Bench Press Championships (and SOI Event),Druskininkai (Lithuania),02-09.08.2026,SCORESHEET,Masters 3,-83kg,M,Equipped,B,1.,Ring Tomas,1960,SWE,82.70,0.3569,10,190.0,216.0,216.0,190.0,67.80,12,good,failed,failed,,,,https://goodlift.info/scoresheets/scoresheet_m_eq.htm
EUROPEAN POWERLIFTING FEDERATION,European Men's Equipped Bench Press Championships (and SOI Event),Druskininkai (Lithuania),02-09.08.2026,SCORESHEET,Masters 3,-83kg,M,Equipped,B,2.,Miglans Aleksandrs,1963,LAT,81.75,0.3598,13,142.5,150.0,150.0,150.0,53.98,9,good,failed,good,,,,https://goodlift.info/scoresheets/scoresheet_m_eq.htm
EUROPEAN POWERLIFTING FEDERATION,European Men's Equipped Bench Press Championships (and SOI Event),Druskininkai (Lithuania),02-09.08.2026,SCORESHEET,Masters 3,-83kg,M,Equipped,B,3.,Rajtar Adam,1963,POL,81.25,0.3615,11,140.0,145.0,150.0,145.0,52.41,8,good,good,failed,,,,https://goodlift.info/scoresheets/scoresheet_m_eq.htm
EUROPEAN POWERLIFTING FEDERATION,European Men's Equipped Bench Press Championships (and SOI Event),Druskininkai (Lithuania),02-09.08.2026,SCORESHEET,Masters 3,-83kg,M,Equipped,B,4.,Laurila Aarre,1963,FIN,82.35,0.3579,9,125.0,130.0,145.0,130.0,46.53,7,good,good,failed,,,,https://goodlift.info/scoresheets/scoresheet_m_eq.htm
EUROPEAN POWERLIFTING FEDERATION,European Men's Equipped Bench Press Championships (and SOI Event),Druskininkai (Lithuania),02-09.08.2026,SCORESHEET,Masters 3,-83kg,M,Equipped,B,5.,Storjord Boerre,1964,NOR,81.80,0.3597,12,125.0,132.5,145.0,125.0,44.96,6,good,failed,failed,,,,https://goodlift.info/scoresheets/scoresheet_m_eq.htm
EUROPEAN POWERLIFTING FEDERATION,European Men's Equipped Bench Press Championships (and SOI Event),Druskininkai (Lithuania),02-09.08.2026,SCORESHEET,Masters 3,-83kg,M,Equipped,B,—,Deren Hieronim,1966,POL,81.45,0.3608,14,135.0,140.0,142.5,DSQ,—,—,failed,failed,failed,,,,https://goodlift.info/scoresheets/scoresheet_m_eq.htm
EUROPEAN POWERLIFTING FEDERATION,European Men's Equipped Bench Press Championships (and SOI Event),Druskininkai (Lithuania),02-09.08.2026,SCORESHEET,Masters 3,-93kg,M,Equipped,B,1.,Abner Kalju,1965,EST,92.30,0.3322,17,190.0,195.0,197.5,197.5,65.62,12,good,good,good,,,,https://goodlift.info/scoresheets/scoresheet_m_eq.htm
EUROPEAN POWERLIFTING FEDERATION,European Men's Equipped Bench Press Championships (and SOI Event),Druskininkai (Lithuania),02-09.08.2026,SCORESHEET,Masters 3,-93kg,M,Equipped,B,2.,Milis Benjaminas,1961,LTU,88.80,0.3402,18,165.0,170.0,180.0,170.0,57.83,9,good,good,failed,,,,https://goodlift.info/scoresheets/scoresheet_m_eq.htm
EUROPEAN POWERLIFTING FEDERATION,European Men's Equipped Bench Press Championships (and SOI Event),Druskininkai (Lithuania),02-09.08.2026,SCORESHEET,Masters 3,-93kg,M,Equipped,B,3.,Dabeski Mio,1965,SWE,90.10,0.3371,15,150.0,160.0,172.5,150.0,50.57,8,good,failed,failed,,,,https://goodlift.info/scoresheets/scoresheet_m_eq.htm
EUROPEAN POWERLIFTING FEDERATION,European Men's Equipped Bench Press Championships (and SOI Event),Druskininkai (Lithuania),02-09.08.2026,SCORESHEET,Masters 3,-93kg,M,Equipped,B,4.,Kolosovskyy Sergiy,1960,UKR,92.25,0.3323,16,115.0,122.5,127.5,122.5,40.71,7,good,good,failed,,,,https://goodlift.info/scoresheets/scoresheet_m_eq.htm
EUROPEAN POWERLIFTING FEDERATION,European Men's Equipped Bench Press Championships (and SOI Event),Druskininkai (Lithuania),02-09.08.2026,SCORESHEET,Masters 3,-105kg,M,Equipped,B,1.,Carlsson Torleif,1962,SWE,104.40,0.3113,19,215.0,215.0,215.0,215.0,66.94,12,failed,failed,good,,,,https://goodlift.info/scoresheets/scoresheet_m_eq.htm
EUROPEAN POWERLIFTING FEDERATION,European Men's Equipped Bench Press Championships (and SOI Event),Druskininkai (Lithuania),02-09.08.2026,SCORESHEET,Masters 3,-105kg,M,Equipped,B,2.,Bozhyk Andrii,1962,UKR,100.70,0.3168,20,135.0,145.0,150.0,145.0,45.94,9,good,good,failed,,,,https://goodlift.info/scoresheets/scoresheet_m_eq.htm
EUROPEAN POWERLIFTING FEDERATION,European Men's Equipped Bench Press Championships (and SOI Event),Druskininkai (Lithuania),02-09.08.2026,SCORESHEET,Masters 3,-105kg,M,Equipped,B,—,Schnurr Mario,1966,GER,103.65,0.3124,21,237.5,237.5,237.5,DSQ,—,—,failed,failed,failed,,,,https://goodlift.info/scoresheets/scoresheet_m_eq.htm
EUROPEAN POWERLIFTING FEDERATION,European Men's Equipped Bench Press Championships (and SOI Event),Druskininkai (Lithuania),02-09.08.2026,SCORESHEET,Masters 3,120+kg,M,Equipped,B,1.,Meyer Bernd,1961,GER,122.40,0.2922,22,140.0,190.0,205.0,190.0,55.52,12,good,good,failed,,,,https://goodlift.info/scoresheets/scoresheet_m_eq.htm
EUROPEAN POWERLIFTING FEDERATION,European Men's Equipped Bench Press Championships (and SOI Event),Druskininkai (Lithuania),02-09.08.2026,SCORESHEET,Masters 4,-74kg,M,Equipped,B,1.,Micius Antanas,1951,LTU,71.30,0.4025,4,95.0,100.0,105.0,100.0,40.25,12,good,good,failed,,,,https://goodlift.info/scoresheets/scoresheet_m_eq.htm
EUROPEAN POWERLIFTING FEDERATION,European Men's Equipped Bench Press Championships (and SOI Event),Druskininkai (Lithuania),02-09.08.2026,SCORESHEET,Masters 4,-83kg,M,Equipped,B,1.,Laas Mihkel,1954,EST,82.45,0.3576,8,130.0,142.5,147.5,147.5,52.75,12,good,good,good,,,,https://goodlift.info/scoresheets/scoresheet_m_eq.htm
EUROPEAN POWERLIFTING FEDERATION,European Women's Classic Bench Press Championships (and SOI Event),Druskininkai (Lithuania),02-09.08.2026,SCORESHEET,Open,-47kg,F,Raw,B,1.,Aslund Emelie,1995,SWE,46.70,1.0676,4,90.0,95.0,102.5,95.0,101.42,12,good,good,failed,,,,https://goodlift.info/scoresheets/scoresheet_w_cl.htm
EUROPEAN POWERLIFTING FEDERATION,European Women's Classic Bench Press Championships (and SOI Event),Druskininkai (Lithuania),02-09.08.2026,SCORESHEET,Open,-47kg,F,Raw,B,2.,Kozdryk Justyna,1980,POL,46.25,1.0797,7,87.5,92.5,97.5,92.5,99.87,9,good,good,failed,,,,https://goodlift.info/scoresheets/scoresheet_w_cl.htm
EUROPEAN POWERLIFTING FEDERATION,European Women's Classic Bench Press Championships (and SOI Event),Druskininkai (Lithuania),02-09.08.2026,SCORESHEET,Open,-47kg,F,Raw,B,3.,Beglarashvili Mari,1999,GEO,46.30,1.0783,3,70.0,77.5,80.0,77.5,83.57,8,good,good,failed,,,,https://goodlift.info/scoresheets/scoresheet_w_cl.htm
EUROPEAN POWERLIFTING FEDERATION,European Women's Classic Bench Press Championships (and SOI Event),Druskininkai (Lithuania),02-09.08.2026,SCORESHEET,Open,-47kg,F,Raw,B,4.,Mazzetti Tiffanie,2002,FRA,46.65,1.0689,2,72.5,75.0,80.0,75.0,80.17,7,good,good,failed,,,,https://goodlift.info/scoresheets/scoresheet_w_cl.htm
EUROPEAN POWERLIFTING FEDERATION,European Women's Classic Bench Press Championships (and SOI Event),Druskininkai (Lithuania),02-09.08.2026,SCORESHEET,Open,-47kg,F,Raw,B,5.,Haisan Liudmyla,2002,UKR,45.90,1.0894,1,70.0,75.0,75.0,70.0,76.26,6,good,failed,failed,,,,https://goodlift.info/scoresheets/scoresheet_w_cl.htm
EUROPEAN POWERLIFTING FEDERATION,European Women's Classic Bench Press Championships (and SOI Event),Druskininkai (Lithuania),02-09.08.2026,SCORESHEET,Open,-47kg,F,Raw,B,6.,Tsetskhladze Mariam,2000,GEO,46.60,1.0702,6,55.0,62.5,67.5,62.5,66.89,5,good,good,failed,,,,https://goodlift.info/scoresheets/scoresheet_w_cl.htm
EUROPEAN POWERLIFTING FEDERATION,European Women's Classic Bench Press Championships (and SOI Event),Druskininkai (Lithuania),02-09.08.2026,SCORESHEET,Open,-52kg,F,Raw,B,1.,Nagypal Krisztina,1985,HUN,51.05,0.9735,14,100.0,102.5,107.5-w1,107.5,104.65,12,good,good,good,,,w1,https://goodlift.info/scoresheets/scoresheet_w_cl.htm
EUROPEAN POWERLIFTING FEDERATION,European Women's Classic Bench Press Championships (and SOI Event),Druskininkai (Lithuania),02-09.08.2026,SCORESHEET,Open,-52kg,F,Raw,B,2.,Lero Malaury,2001,FRA,51.60,0.9640,8,90.0,90.0,95.0,95.0,91.58,9,failed,good,good,,,,https://goodlift.info/scoresheets/scoresheet_w_cl.htm
EUROPEAN POWERLIFTING FEDERATION,European Women's Classic Bench Press Championships (and SOI Event),Druskininkai (Lithuania),02-09.08.2026,SCORESHEET,Open,-52kg,F,Raw,B,3.,Schoepe Deborah-Sue,1997,GER,48.40,1.0264,9,85.0,90.0,92.5,92.5,94.94,8,good,good,good,,,,https://goodlift.info/scoresheets/scoresheet_w_cl.htm
EUROPEAN POWERLIFTING FEDERATION,European Women's Classic Bench Press Championships (and SOI Event),Druskininkai (Lithuania),02-09.08.2026,SCORESHEET,Open,-52kg,F,Raw,B,4.,Kuronen Johanna,1988,FIN,51.50,0.9657,15,90.0,92.5,95.0,92.5,89.32,7,good,good,failed,,,,https://goodlift.info/scoresheets/scoresheet_w_cl.htm
EUROPEAN POWERLIFTING FEDERATION,European Women's Classic Bench Press Championships (and SOI Event),Druskininkai (Lithuania),02-09.08.2026,SCORESHEET,Open,-52kg,F,Raw,B,5.,Grazioli Vittoria,1996,ITA,50.75,0.9789,10,87.5,90.0,92.5,87.5,85.65,6,good,failed,failed,,,,https://goodlift.info/scoresheets/scoresheet_w_cl.htm
EUROPEAN POWERLIFTING FEDERATION,European Women's Classic Bench Press Championships (and SOI Event),Druskininkai (Lithuania),02-09.08.2026,SCORESHEET,Open,-52kg,F,Raw,B,6.,van Lokven Zoe,2001,NED,51.65,0.9631,12,82.5,87.5,92.5,87.5,84.27,5,good,good,failed,,,,https://goodlift.info/scoresheets/scoresheet_w_cl.htm
EUROPEAN POWERLIFTING FEDERATION,European Women's Classic Bench Press Championships (and SOI Event),Druskininkai (Lithuania),02-09.08.2026,SCORESHEET,Open,-52kg,F,Raw,B,7.,Dissanayake Amila,1988,GBR,51.40,0.9674,11,77.5,80.0,85.0,80.0,77.39,4,failed,good,failed,,,,https://goodlift.info/scoresheets/scoresheet_w_cl.htm
EUROPEAN POWERLIFTING FEDERATION,European Women's Classic Bench Press Championships (and SOI Event),Druskininkai (Lithuania),02-09.08.2026,SCORESHEET,Open,-52kg,F,Raw,B,8.,Lentjes Jesse,1996,NED,50.85,0.9771,13,75.0,80.0,80.0,75.0,73.28,3,good,failed,failed,,,,https://goodlift.info/scoresheets/scoresheet_w_cl.htm
EUROPEAN POWERLIFTING FEDERATION,European Women's Classic Bench Press Championships (and SOI Event),Druskininkai (Lithuania),02-09.08.2026,SCORESHEET,Open,-57kg,F,Raw,B,1.,Cicognani Anna,1998,ITA,56.80,0.8916,1,107.5,112.5,115.0,115.0,102.53,12,good,good,good,,,,https://goodlift.info/scoresheets/scoresheet_w_cl.htm
EUROPEAN POWERLIFTING FEDERATION,European Women's Classic Bench Press Championships (and SOI Event),Druskininkai (Lithuania),02-09.08.2026,SCORESHEET,Open,-57kg,F,Raw,B,2.,Starck Julia,1998,SWE,56.55,0.8944,3,102.5,107.5,112.5,112.5,100.62,9,good,good,good,,,,https://goodlift.info/scoresheets/scoresheet_w_cl.htm
EUROPEAN POWERLIFTING FEDERATION,European Women's Classic Bench Press Championships (and SOI Event),Druskininkai (Lithuania),02-09.08.2026,SCORESHEET,Open,-57kg,F,Raw,B,3.,Chen Zijun,1995,GBR,55.20,0.9109,10,105.0,110.0,112.5,110.0,100.19,8,good,good,failed,,,,https://goodlift.info/scoresheets/scoresheet_w_cl.htm
EUROPEAN POWERLIFTING FEDERATION,European Women's Classic Bench Press Championships (and SOI Event),Druskininkai (Lithuania),02-09.08.2026,SCORESHEET,Open,-57kg,F,Raw,B,4.,Westra Marije,2002,NED,56.30,0.8974,9,100.0,107.5,112.5,107.5,96.47,7,good,good,failed,,,,https://goodlift.info/scoresheets/scoresheet_w_cl.htm
EUROPEAN POWERLIFTING FEDERATION,European Women's Classic Bench Press Championships (and SOI Event),Druskininkai (Lithuania),02-09.08.2026,SCORESHEET,Open,-57kg,F,Raw,B,5.,Zaccarin Francesca,2002,ITA,56.35,0.8968,4,95.0,100.0,102.5,102.5,91.92,6,good,good,good,,,,https://goodlift.info/scoresheets/scoresheet_w_cl.htm
EUROPEAN POWERLIFTING FEDERATION,European Women's Classic Bench Press Championships (and SOI Event),Druskininkai (Lithuania),02-09.08.2026,SCORESHEET,Open,-57kg,F,Raw,B,6.,Buturlym Hanna,1997,UKR,56.95,0.8899,7,95.0,100.0,110.0,100.0,88.99,5,good,good,failed,,,,https://goodlift.info/scoresheets/scoresheet_w_cl.htm
EUROPEAN POWERLIFTING FEDERATION,European Women's Classic Bench Press Championships (and SOI Event),Druskininkai (Lithuania),02-09.08.2026,SCORESHEET,Open,-57kg,F,Raw,B,7.,Doyle Sheena,1987,IRL,56.10,0.8997,2,87.5,90.0,92.5,92.5,83.23,4,good,good,good,,,,https://goodlift.info/scoresheets/scoresheet_w_cl.htm
EUROPEAN POWERLIFTING FEDERATION,European Women's Classic Bench Press Championships (and SOI Event),Druskininkai (Lithuania),02-09.08.2026,SCORESHEET,Open,-57kg,F,Raw,B,8.,Nyvoll Pernille,1993,NOR,56.90,0.8904,6,90.0,92.5,97.5,92.5,82.37,3,failed,good,failed,,,,https://goodlift.info/scoresheets/scoresheet_w_cl.htm
EUROPEAN POWERLIFTING FEDERATION,European Women's Classic Bench Press Championships (and SOI Event),Druskininkai (Lithuania),02-09.08.2026,SCORESHEET,Open,-57kg,F,Raw,B,9.,Kaye Sheina,1997,GBR,55.50,0.9071,5,87.5,90.0,92.5,90.0,81.64,2,good,good,failed,,,,https://goodlift.info/scoresheets/scoresheet_w_cl.htm
EUROPEAN POWERLIFTING FEDERATION,European Women's Classic Bench Press Championships (and SOI Event),Druskininkai (Lithuania),02-09.08.2026,SCORESHEET,Open,-57kg,F,Raw,B,10.,Roudier Laurine,2002,FRA,56.40,0.8962,8,85.0,90.0,95.0,90.0,80.66,1,good,good,failed,,,,https://goodlift.info/scoresheets/scoresheet_w_cl.htm
EUROPEAN POWERLIFTING FEDERATION,European Women's Classic Bench Press Championships (and SOI Event),Druskininkai (Lithuania),02-09.08.2026,SCORESHEET,Open,-63kg,F,Raw,B,1.,Kvantchiani Sopiko,1998,GEO,62.75,0.8363,14,115.0,120.0,125.0,120.0,100.36,12,good,good,failed,,,,https://goodlift.info/scoresheets/scoresheet_w_cl.htm
EUROPEAN POWERLIFTING FEDERATION,European Women's Classic Bench Press Championships (and SOI Event),Druskininkai (Lithuania),02-09.08.2026,SCORESHEET,Open,-63kg,F,Raw,B,2.,Ruess Sonja,1998,AUT,62.15,0.8409,12,105.0,110.0,112.5,112.5,94.61,9,good,good,good,,,,https://goodlift.info/scoresheets/scoresheet_w_cl.htm
EUROPEAN POWERLIFTING FEDERATION,European Women's Classic Bench Press Championships (and SOI Event),Druskininkai (Lithuania),02-09.08.2026,SCORESHEET,Open,-63kg,F,Raw,B,3.,Boyer Marie,2000,FRA,60.45,0.8551,11,110.0,115.0,115.0,110.0,94.06,8,good,failed,failed,,,,https://goodlift.info/scoresheets/scoresheet_w_cl.htm
EUROPEAN POWERLIFTING FEDERATION,European Women's Classic Bench Press Championships (and SOI Event),Druskininkai (Lithuania),02-09.08.2026,SCORESHEET,Open,-63kg,F,Raw,B,4.,Cakebread Emily,2000,GBR,62.05,0.8417,15,82.5,87.5,87.5,87.5,73.65,7,good,failed,good,,,,https://goodlift.info/scoresheets/scoresheet_w_cl.htm
EUROPEAN POWERLIFTING FEDERATION,European Women's Classic Bench Press Championships (and SOI Event),Druskininkai (Lithuania),02-09.08.2026,SCORESHEET,Open,-63kg,F,Raw,B,5.,Meshveliani Natela,1994,GEO,62.00,0.8421,13,65.0,72.5,75.0,72.5,61.05,6,good,good,failed,,,,https://goodlift.info/scoresheets/scoresheet_w_cl.htm
EUROPEAN POWERLIFTING FEDERATION,European Women's Classic Bench Press Championships (and SOI Event),Druskininkai (Lithuania),02-09.08.2026,SCORESHEET,Open,-69kg,F,Raw,B,1.,Rozsnyai Kovacs Aletta,1999,HUN,68.10,0.8021,2,120.0,125.0,127.5,127.5,102.27,12,good,good,good,,,,https://goodlift.info/scoresheets/scoresheet_w_cl.htm
EUROPEAN POWERLIFTING FEDERATION,European Women's Classic Bench Press Championships (and SOI Event),Druskininkai (Lithuania),02-09.08.2026,SCORESHEET,Open,-69kg,F,Raw,B,2.,Kolding Elin,1998,NOR,65.75,0.8157,5,110.0,117.5,120.0,120.0,97.89,9,good,good,good,,,,https://goodlift.info/scoresheets/scoresheet_w_cl.htm
EUROPEAN POWERLIFTING FEDERATION,European Women's Classic Bench Press Championships (and SOI Event),Druskininkai (Lithuania),02-09.08.2026,SCORESHEET,Open,-69kg,F,Raw,B,3.,Palagyi Zsanett,1986,HUN,67.40,0.8060,10,117.5,117.5,120.0,120.0,96.72,8,failed,good,good,,,,https://goodlift.info/scoresheets/scoresheet_w_cl.htm
EUROPEAN POWERLIFTING FEDERATION,European Women's Classic Bench Press Championships (and SOI Event),Druskininkai (Lithuania),02-09.08.2026,SCORESHEET,Open,-69kg,F,Raw,B,4.,van Daal Marie-Jose,2001,NED,68.15,0.8018,1,120.0,125.0,125.0,120.0,96.22,7,good,failed,failed,,,,https://goodlift.info/scoresheets/scoresheet_w_cl.htm
EUROPEAN POWERLIFTING FEDERATION,European Women's Classic Bench Press Championships (and SOI Event),Druskininkai (Lithuania),02-09.08.2026,SCORESHEET,Open,-69kg,F,Raw,B,5.,Delos Ludivine,2000,FRA,68.80,0.7984,6,105.0,112.5,117.5,117.5,93.81,6,good,good,good,,,,https://goodlift.info/scoresheets/scoresheet_w_cl.htm
EUROPEAN POWERLIFTING FEDERATION,European Women's Classic Bench Press Championships (and SOI Event),Druskininkai (Lithuania),02-09.08.2026,SCORESHEET,Open,-69kg,F,Raw,B,6.,Ljungberg Jennifer,1999,SWE,68.10,0.8021,8,107.5,115.0,120.0,115.0,92.24,5,good,good,failed,,,,https://goodlift.info/scoresheets/scoresheet_w_cl.htm
EUROPEAN POWERLIFTING FEDERATION,European Women's Classic Bench Press Championships (and SOI Event),Druskininkai (Lithuania),02-09.08.2026,SCORESHEET,Open,-69kg,F,Raw,B,7.,Supanetz Pantea,1990,AUT,68.55,0.7997,9,105.0,110.0,112.5,112.5,89.97,4,good,failed,good,,,,https://goodlift.info/scoresheets/scoresheet_w_cl.htm
EUROPEAN POWERLIFTING FEDERATION,European Women's Classic Bench Press Championships (and SOI Event),Druskininkai (Lithuania),02-09.08.2026,SCORESHEET,Open,-69kg,F,Raw,B,8.,Adalheidardottir Elin Melga r,1992,ISL,68.40,0.8005,3,100.0,105.0,105.0,100.0,80.05,3,good,failed,failed,,,,https://goodlift.info/scoresheets/scoresheet_w_cl.htm
EUROPEAN POWERLIFTING FEDERATION,European Women's Classic Bench Press Championships (and SOI Event),Druskininkai (Lithuania),02-09.08.2026,SCORESHEET,Open,-69kg,F,Raw,B,9.,Majerska Karolina,1995,POL,67.00,0.8082,4,80.0,85.0,87.5,85.0,68.70,2,good,good,failed,,,,https://goodlift.info/scoresheets/scoresheet_w_cl.htm
EUROPEAN POWERLIFTING FEDERATION,European Women's Classic Bench Press Championships (and SOI Event),Druskininkai (Lithuania),02-09.08.2026,SCORESHEET,Open,-69kg,F,Raw,B,10.,Penttila Helmi,1993,FIN,68.50,0.8000,7,75.0,80.0,82.5,82.5,66.00,1,good,good,good,,,,https://goodlift.info/scoresheets/scoresheet_w_cl.htm
EUROPEAN POWERLIFTING FEDERATION,European Women's Classic Bench Press Championships (and SOI Event),Druskininkai (Lithuania),02-09.08.2026,SCORESHEET,Open,-76kg,F,Raw,B,1.,Odling Micaela,1990,SWE,73.90,0.7757,1,117.5,122.5,122.5,122.5,95.02,12,good,failed,good,,,,https://goodlift.info/scoresheets/scoresheet_w_cl.htm
EUROPEAN POWERLIFTING FEDERATION,European Women's Classic Bench Press Championships (and SOI Event),Druskininkai (Lithuania),02-09.08.2026,SCORESHEET,Open,-76kg,F,Raw,B,2.,Zbiral Barbara,1996,AUT,74.40,0.7738,3,112.5,117.5,120.0,120.0,92.85,9,good,good,good,,,,https://goodlift.info/scoresheets/scoresheet_w_cl.htm
EUROPEAN POWERLIFTING FEDERATION,European Women's Classic Bench Press Championships (and SOI Event),Druskininkai (Lithuania),02-09.08.2026,SCORESHEET,Open,-76kg,F,Raw,B,3.,Studt Tabea,1998,GER,75.90,0.7684,8,112.5,117.5,120.0,120.0,92.21,8,good,good,good,,,,https://goodlift.info/scoresheets/scoresheet_w_cl.htm
EUROPEAN POWERLIFTING FEDERATION,European Women's Classic Bench Press Championships (and SOI Event),Druskininkai (Lithuania),02-09.08.2026,SCORESHEET,Open,-76kg,F,Raw,B,5.,Palma Giada,1998,ITA,74.05,0.7751,7,117.5,122.5,122.5,117.5,91.07,6,good,failed,failed,,,,https://goodlift.info/scoresheets/scoresheet_w_cl.htm
EUROPEAN POWERLIFTING FEDERATION,European Women's Classic Bench Press Championships (and SOI Event),Druskininkai (Lithuania),02-09.08.2026,SCORESHEET,Open,-76kg,F,Raw,B,4.,Myhr Marthine,1999,NOR,74.05,0.7751,5,110.0,115.0,117.5,117.5,91.07,7,good,failed,good,,,,https://goodlift.info/scoresheets/scoresheet_w_cl.htm
EUROPEAN POWERLIFTING FEDERATION,European Women's Classic Bench Press Championships (and SOI Event),Druskininkai (Lithuania),02-09.08.2026,SCORESHEET,Open,-76kg,F,Raw,B,6.,Berton Giorgia Silvia,2001,ITA,70.40,0.7905,4,110.0,115.0,120.0,115.0,90.91,5,good,good,failed,,,,https://goodlift.info/scoresheets/scoresheet_w_cl.htm
EUROPEAN POWERLIFTING FEDERATION,European Women's Classic Bench Press Championships (and SOI Event),Druskininkai (Lithuania),02-09.08.2026,SCORESHEET,Open,-76kg,F,Raw,B,7.,Blomkvist Livia,2002,SWE,74.05,0.7751,9,112.5,117.5,120.0,112.5,87.20,4,good,failed,failed,,,,https://goodlift.info/scoresheets/scoresheet_w_cl.htm
EUROPEAN POWERLIFTING FEDERATION,European Women's Classic Bench Press Championships (and SOI Event),Druskininkai (Lithuania),02-09.08.2026,SCORESHEET,Open,-76kg,F,Raw,B,8.,Joskova Barbora,1997,CZE,74.90,0.7719,11,112.5,120.0,122.5,112.5,86.84,3,good,failed,failed,,,,https://goodlift.info/scoresheets/scoresheet_w_cl.htm
EUROPEAN POWERLIFTING FEDERATION,European Women's Classic Bench Press Championships (and SOI Event),Druskininkai (Lithuania),02-09.08.2026,SCORESHEET,Open,-76kg,F,Raw,B,9.,Valkola Roosa,1998,FIN,72.75,0.7802,10,102.5,110.0,117.5,110.0,85.83,2,good,good,failed,,,,https://goodlift.info/scoresheets/scoresheet_w_cl.htm
EUROPEAN POWERLIFTING FEDERATION,European Women's Classic Bench Press Championships (and SOI Event),Druskininkai (Lithuania),02-09.08.2026,SCORESHEET,Open,-76kg,F,Raw,B,10.,Wright Amy,1999,GBR,75.55,0.7696,12,90.0,95.0,100.0,100.0,76.96,1,good,good,good,,,,https://goodlift.info/scoresheets/scoresheet_w_cl.htm
EUROPEAN POWERLIFTING FEDERATION,European Women's Classic Bench Press Championships (and SOI Event),Druskininkai (Lithuania),02-09.08.2026,SCORESHEET,Open,-76kg,F,Raw,B,11.,Laine Terhi,2001,FIN,75.65,0.7693,6,95.0,100.0,102.5,100.0,76.93,1,good,good,failed,,,,https://goodlift.info/scoresheets/scoresheet_w_cl.htm
EUROPEAN POWERLIFTING FEDERATION,European Women's Classic Bench Press Championships (and SOI Event),Druskininkai (Lithuania),02-09.08.2026,SCORESHEET,Open,-76kg,F,Raw,B,12.,Martin Amy,2000,GBR,72.75,0.7802,2,90.0,95.0,97.5,97.5,76.07,1,good,good,good,,,,https://goodlift.info/scoresheets/scoresheet_w_cl.htm
EUROPEAN POWERLIFTING FEDERATION,European Women's Classic Bench Press Championships (and SOI Event),Druskininkai (Lithuania),02-09.08.2026,SCORESHEET,Open,-84kg,F,Raw,B,1.,Zelander Annika,1988,SWE,78.40,0.7604,3,130.0,135.0,140.0,140.0,106.46,12,good,failed,good,,,,https://goodlift.info/scoresheets/scoresheet_w_cl.htm
EUROPEAN POWERLIFTING FEDERATION,European Women's Classic Bench Press Championships (and SOI Event),Druskininkai (Lithuania),02-09.08.2026,SCORESHEET,Open,-84kg,F,Raw,B,2.,Strik Ielja,1973,NED,81.90,0.7510,5,122.5,125.0,132.5,125.0,93.87,9,good,good,failed,,,,https://goodlift.info/scoresheets/scoresheet_w_cl.htm
EUROPEAN POWERLIFTING FEDERATION,European Women's Classic Bench Press Championships (and SOI Event),Druskininkai (Lithuania),02-09.08.2026,SCORESHEET,Open,-84kg,F,Raw,B,3.,Bratland Anita Camilla,1989,NOR,83.10,0.7481,2,107.5,115.0,120.0,120.0,89.77,8,good,good,good,,,,https://goodlift.info/scoresheets/scoresheet_w_cl.htm
EUROPEAN POWERLIFTING FEDERATION,European Women's Classic Bench Press Championships (and SOI Event),Druskininkai (Lithuania),02-09.08.2026,SCORESHEET,Open,-84kg,F,Raw,B,4.,Tourenne Florine,2001,FRA,82.20,0.7502,6,117.5,122.5,122.5,117.5,88.15,7,good,failed,failed,,,,https://goodlift.info/scoresheets/scoresheet_w_cl.htm
EUROPEAN POWERLIFTING FEDERATION,European Women's Classic Bench Press Championships (and SOI Event),Druskininkai (Lithuania),02-09.08.2026,SCORESHEET,Open,-84kg,F,Raw,B,5.,Tchrikishvili Nino,1991,GEO,78.50,0.7601,1,90.0,95.0,100.0,95.0,72.21,6,good,good,failed,,,,https://goodlift.info/scoresheets/scoresheet_w_cl.htm
EUROPEAN POWERLIFTING FEDERATION,European Women's Classic Bench Press Championships (and SOI Event),Druskininkai (Lithuania),02-09.08.2026,SCORESHEET,Open,84+kg,F,Raw,B,1.,Laitinen Johanna,1986,FIN,115.10,0.7119,9,150.0,155.0,157.5,157.5,112.12,12,good,good,good,,,,https://goodlift.info/scoresheets/scoresheet_w_cl.htm
EUROPEAN POWERLIFTING FEDERATION,European Women's Classic Bench Press Championships (and SOI Event),Druskininkai (Lithuania),02-09.08.2026,SCORESHEET,Open,84+kg,F,Raw,B,2.,Hjalle Matilda,1991,SWE,103.35,0.7192,16,150.0,155.0,157.5,155.0,111.47,9,good,good,failed,,,,https://goodlift.info/scoresheets/scoresheet_w_cl.htm
EUROPEAN POWERLIFTING FEDERATION,European Women's Classic Bench Press Championships (and SOI Event),Druskininkai (Lithuania),02-09.08.2026,SCORESHEET,Open,84+kg,F,Raw,B,3.,Szabo Agnes,1988,HUN,113.55,0.7126,13,137.5,142.5,145.0,145.0,103.33,8,good,good,good,,,,https://goodlift.info/scoresheets/scoresheet_w_cl.htm
EUROPEAN POWERLIFTING FEDERATION,European Women's Classic Bench Press Championships (and SOI Event),Druskininkai (Lithuania),02-09.08.2026,SCORESHEET,Open,84+kg,F,Raw,B,4.,Vogel Ivana,2001,NED,127.80,0.7075,10,130.0,137.5,137.5,137.5,97.28,7,good,failed,good,,,,https://goodlift.info/scoresheets/scoresheet_w_cl.htm
EUROPEAN POWERLIFTING FEDERATION,European Women's Classic Bench Press Championships (and SOI Event),Druskininkai (Lithuania),02-09.08.2026,SCORESHEET,Open,84+kg,F,Raw,B,5.,Lovas Monika,1994,HUN,136.80,0.7057,15,127.5,132.5,135.0,132.5,93.50,6,good,good,failed,,,,https://goodlift.info/scoresheets/scoresheet_w_cl.htm
EUROPEAN POWERLIFTING FEDERATION,European Women's Classic Bench Press Championships (and SOI Event),Druskininkai (Lithuania),02-09.08.2026,SCORESHEET,Open,84+kg,F,Raw,B,6.,Giraldo Alice,2002,ITA,89.15,0.7361,11,117.5,122.5,130.0,122.5,90.18,5,good,good,failed,,,,https://goodlift.info/scoresheets/scoresheet_w_cl.htm
EUROPEAN POWERLIFTING FEDERATION,European Women's Classic Bench Press Championships (and SOI Event),Druskininkai (Lithuania),02-09.08.2026,SCORESHEET,Open,84+kg,F,Raw,B,7.,Snorradottir Gudny Asta,1973,ISL,112.95,0.7129,8,112.5,117.5,125.0,117.5,83.77,4,good,good,failed,,,,https://goodlift.info/scoresheets/scoresheet_w_cl.htm
EUROPEAN POWERLIFTING FEDERATION,European Women's Classic Bench Press Championships (and SOI Event),Druskininkai (Lithuania),02-09.08.2026,SCORESHEET,Open,84+kg,F,Raw,B,8.,Jokubauskaite Izaura,1989,LTU,88.45,0.7373,14,107.5,112.5,112.5,107.5,79.26,3,good,failed,failed,,,,https://goodlift.info/scoresheets/scoresheet_w_cl.htm
EUROPEAN POWERLIFTING FEDERATION,European Women's Classic Bench Press Championships (and SOI Event),Druskininkai (Lithuania),02-09.08.2026,SCORESHEET,Open,84+kg,F,Raw,B,9.,Hovtova Vira,1977,UKR,105.95,0.7172,7,95.0,102.5,107.5,107.5,77.10,2,good,good,good,,,,https://goodlift.info/scoresheets/scoresheet_w_cl.htm
EUROPEAN POWERLIFTING FEDERATION,European Women's Classic Bench Press Championships (and SOI Event),Druskininkai (Lithuania),02-09.08.2026,SCORESHEET,Open,84+kg,F,Raw,B,10.,Davies Caitlin,2001,GBR,126.65,0.7078,12,97.5,102.5,105.0,105.0,74.32,1,good,good,good,,,,https://goodlift.info/scoresheets/scoresheet_w_cl.htm
EUROPEAN POWERLIFTING FEDERATION,European Women's Classic Bench Press Championships (and SOI Event),Druskininkai (Lithuania),02-09.08.2026,SCORESHEET,Sub-Juniors,-43kg,F,Raw,B,1.,Fastovets Antonina,2012,UKR,42.70,1.1971,2,70.0,75.0-ws,80.0,75.0,89.79,12,good,good,failed,,ws,,https://goodlift.info/scoresheets/scoresheet_w_cl.htm
EUROPEAN POWERLIFTING FEDERATION,European Women's Classic Bench Press Championships (and SOI Event),Druskininkai (Lithuania),02-09.08.2026,SCORESHEET,Sub-Juniors,-43kg,F,Raw,B,2.,Postupailo Mariia,2009,UKR,40.50,1.2973,1,45.0,47.5,50.0,47.5,61.62,9,good,good,failed,,,,https://goodlift.info/scoresheets/scoresheet_w_cl.htm
EUROPEAN POWERLIFTING FEDERATION,European Women's Classic Bench Press Championships (and SOI Event),Druskininkai (Lithuania),02-09.08.2026,SCORESHEET,Sub-Juniors,-47kg,F,Raw,B,1.,Urberh Yuliia,2008,UKR,46.50,1.0729,3,60.0,62.5,65.0,65.0,69.74,12,good,good,good,,,,https://goodlift.info/scoresheets/scoresheet_w_cl.htm
EUROPEAN POWERLIFTING FEDERATION,European Women's Classic Bench Press Championships (and SOI Event),Druskininkai (Lithuania),02-09.08.2026,SCORESHEET,Sub-Juniors,-47kg,F,Raw,B,2.,Kvitsiani Barbare,2011,GEO,44.85,1.1208,4,25.0,27.5,30.0,27.5,30.82,9,good,good,failed,,,,https://goodlift.info/scoresheets/scoresheet_w_cl.htm
EUROPEAN POWERLIFTING FEDERATION,European Women's Classic Bench Press Championships (and SOI Event),Druskininkai (Lithuania),02-09.08.2026,SCORESHEET,Sub-Juniors,-52kg,F,Raw,B,1.,Mykolaichuk Iryna,2011,UKR,51.60,0.9640,6,62.5,67.5,70.0,67.5,65.07,12,good,good,failed,,,,https://goodlift.info/scoresheets/scoresheet_w_cl.htm
EUROPEAN POWERLIFTING FEDERATION,European Women's Classic Bench Press Championships (and SOI Event),Druskininkai (Lithuania),02-09.08.2026,SCORESHEET,Sub-Juniors,-52kg,F,Raw,B,2.,Maruashvili Nini,2008,GEO,51.85,0.9598,5,65.0,67.5,72.5,67.5,64.78,9,good,good,failed,,,,https://goodlift.info/scoresheets/scoresheet_w_cl.htm
EUROPEAN POWERLIFTING FEDERATION,European Women's Classic Bench Press Championships (and SOI Event),Druskininkai (Lithuania),02-09.08.2026,SCORESHEET,Sub-Juniors,-57kg,F,Raw,B,1.,Paquin Erine,2008,FRA,55.50,0.9071,7,77.5,82.5,85.0,82.5,74.83,12,good,good,failed,,,,https://goodlift.info/scoresheets/scoresheet_w_cl.htm
EUROPEAN POWERLIFTING FEDERATION,European Women's Classic Bench Press Championships (and SOI Event),Druskininkai (Lithuania),02-09.08.2026,SCORESHEET,Sub-Juniors,-57kg,F,Raw,B,2.,Szklenar Tara,2009,ISL,55.75,0.9040,9,65.0,70.0,72.5,70.0,63.28,9,good,good,failed,,,,https://goodlift.info/scoresheets/scoresheet_w_cl.htm
EUROPEAN POWERLIFTING FEDERATION,European Women's Classic Bench Press Championships (and SOI Event),Druskininkai (Lithuania),02-09.08.2026,SCORESHEET,Sub-Juniors,-57kg,F,Raw,B,3.,Kosecka Karolina,2008,POL,56.00,0.9009,8,47.5,52.5,52.5,47.5,42.79,8,good,failed,failed,,,,https://goodlift.info/scoresheets/scoresheet_w_cl.htm
EUROPEAN POWERLIFTING FEDERATION,European Women's Classic Bench Press Championships (and SOI Event),Druskininkai (Lithuania),02-09.08.2026,SCORESHEET,Sub-Juniors,-63kg,F,Raw,B,1.,Denysenko Kseniia,2008,UKR,62.00,0.8421,10,90.0,92.5,95.0,92.5,77.90,12,good,good,failed,,,,https://goodlift.info/scoresheets/scoresheet_w_cl.htm
EUROPEAN POWERLIFTING FEDERATION,European Women's Classic Bench Press Championships (and SOI Event),Druskininkai (Lithuania),02-09.08.2026,SCORESHEET,Sub-Juniors,-63kg,F,Raw,B,2.,Vautey Marie,2008,FRA,62.35,0.8394,11,85.0,90.0,90.0,85.0,71.35,9,good,failed,failed,,,,https://goodlift.info/scoresheets/scoresheet_w_cl.htm
EUROPEAN POWERLIFTING FEDERATION,European Women's Classic Bench Press Championships (and SOI Event),Druskininkai (Lithuania),02-09.08.2026,SCORESHEET,Sub-Juniors,-63kg,F,Raw,B,3.,Lekishvili Lizi,2008,GEO,61.35,0.8474,12,55.0,55.0,57.5,57.5,48.72,8,failed,good,good,,,,https://goodlift.info/scoresheets/scoresheet_w_cl.htm
EUROPEAN POWERLIFTING FEDERATION,European Women's Classic Bench Press Championships (and SOI Event),Druskininkai (Lithuania),02-09.08.2026,SCORESHEET,Sub-Juniors,-63kg,F,Raw,B,4.,Al-Khoury Maria,2009,GBR,57.30,0.8860,13,50.0,52.5,55.0,52.5,46.52,7,good,good,failed,,,,https://goodlift.info/scoresheets/scoresheet_w_cl.htm
EUROPEAN POWERLIFTING FEDERATION,European Women's Classic Bench Press Championships (and SOI Event),Druskininkai (Lithuania),02-09.08.2026,SCORESHEET,Sub-Juniors,-69kg,F,Raw,B,1.,Miniv Veronika,2008,UKR,67.60,0.8049,7,85.0,90.0,92.5,90.0,72.44,12,good,good,failed,,,,https://goodlift.info/scoresheets/scoresheet_w_cl.htm
EUROPEAN POWERLIFTING FEDERATION,European Women's Classic Bench Press Championships (and SOI Event),Druskininkai (Lithuania),02-09.08.2026,SCORESHEET,Sub-Juniors,-69kg,F,Raw,B,2.,Flory Gabriella,2008,GBR,66.30,0.8124,9,80.0,85.0,87.5,87.5,71.08,9,good,good,good,,,,https://goodlift.info/scoresheets/scoresheet_w_cl.htm
EUROPEAN POWERLIFTING FEDERATION,European Women's Classic Bench Press Championships (and SOI Event),Druskininkai (Lithuania),02-09.08.2026,SCORESHEET,Sub-Juniors,-69kg,F,Raw,B,3.,Mamisashvili Salome,2009,GEO,68.40,0.8005,10,77.5,80.0,87.5,80.0,64.04,8,failed,good,failed,,,,https://goodlift.info/scoresheets/scoresheet_w_cl.htm
EUROPEAN POWERLIFTING FEDERATION,European Women's Classic Bench Press Championships (and SOI Event),Druskininkai (Lithuania),02-09.08.2026,SCORESHEET,Sub-Juniors,-76kg,F,Raw,B,1.,Krzyzanowska Iga,2011,POL,72.45,0.7815,14,80.0,85.0,90.0,85.0,66.42,12,good,good,failed,,,,https://goodlift.info/scoresheets/scoresheet_w_cl.htm
EUROPEAN POWERLIFTING FEDERATION,European Women's Classic Bench Press Championships (and SOI Event),Druskininkai (Lithuania),02-09.08.2026,SCORESHEET,Sub-Juniors,-76kg,F,Raw,B,2.,Monica Marta,2009,POL,69.30,0.7959,13,67.5,75.0,80.0,75.0,59.69,9,good,good,failed,,,,https://goodlift.info/scoresheets/scoresheet_w_cl.htm
EUROPEAN POWERLIFTING FEDERATION,European Women's Classic Bench Press Championships (and SOI Event),Druskininkai (Lithuania),02-09.08.2026,SCORESHEET,Sub-Juniors,-76kg,F,Raw,B,3.,Hnidenko Mariia,2008,UKR,69.30,0.7959,12,70.0,70.0,77.5,70.0,55.71,8,failed,good,failed,,,,https://goodlift.info/scoresheets/scoresheet_w_cl.htm
EUROPEAN POWERLIFTING FEDERATION,European Women's Classic Bench Press Championships (and SOI Event),Druskininkai (Lithuania),02-09.08.2026,SCORESHEET,Sub-Juniors,-76kg,F,Raw,B,4.,Daushvili Ketevan,2009,GEO,70.05,0.7922,11,50.0,55.0,60.0,55.0,43.57,7,good,good,failed,,,,https://goodlift.info/scoresheets/scoresheet_w_cl.htm
EUROPEAN POWERLIFTING FEDERATION,European Women's Classic Bench Press Championships (and SOI Event),Druskininkai (Lithuania),02-09.08.2026,SCORESHEET,Sub-Juniors,-84kg,F,Raw,B,1.,Tiivel Marin,2009,EST,76.95,0.7649,1,90.0,95.0,95.0,90.0,68.84,12,good,failed,failed,,,,https://goodlift.info/scoresheets/scoresheet_w_cl.htm
EUROPEAN POWERLIFTING FEDERATION,European Women's Classic Bench Press Championships (and SOI Event),Druskininkai (Lithuania),02-09.08.2026,SCORESHEET,Sub-Juniors,-84kg,F,Raw,B,2.,Chorna Daryna,2010,UKR,82.05,0.7506,2,82.5,87.5,90.0,90.0,67.55,9,good,good,good,,,,https://goodlift.info/scoresheets/scoresheet_w_cl.htm
EUROPEAN POWERLIFTING FEDERATION,European Women's Classic Bench Press Championships (and SOI Event),Druskininkai (Lithuania),02-09.08.2026,SCORESHEET,Sub-Juniors,-84kg,F,Raw,B,—,Argilan Fanni Anna,2010,HUN,81.25,0.7526,3,85.0,85.0,85.0,DSQ,—,—,failed,failed,failed,,,,https://goodlift.info/scoresheets/scoresheet_w_cl.htm
EUROPEAN POWERLIFTING FEDERATION,European Women's Classic Bench Press Championships (and SOI Event),Druskininkai (Lithuania),02-09.08.2026,SCORESHEET,Sub-Juniors,84+kg,F,Raw,B,1.,Babinszki Barbara,2008,HUN,114.40,0.7122,6,85.0,92.5,95.0,92.5,65.88,12,good,good,failed,,,,https://goodlift.info/scoresheets/scoresheet_w_cl.htm
EUROPEAN POWERLIFTING FEDERATION,European Women's Classic Bench Press Championships (and SOI Event),Druskininkai (Lithuania),02-09.08.2026,SCORESHEET,Sub-Juniors,84+kg,F,Raw,B,2.,Nizhnichenko Anastasiia,2008,UKR,111.10,0.7139,4,65.0,70.0,72.5,72.5,51.76,9,good,good,good,,,,https://goodlift.info/scoresheets/scoresheet_w_cl.htm
EUROPEAN POWERLIFTING FEDERATION,European Women's Classic Bench Press Championships (and SOI Event),Druskininkai (Lithuania),02-09.08.2026,SCORESHEET,Sub-Juniors,84+kg,F,Raw,B,3.,Weldon Freya,2008,GBR,117.85,0.7107,5,57.5,62.5,62.5,57.5,40.86,8,good,failed,failed,,,,https://goodlift.info/scoresheets/scoresheet_w_cl.htm
EUROPEAN POWERLIFTING FEDERATION,European Women's Classic Bench Press Championships (and SOI Event),Druskininkai (Lithuania),02-09.08.2026,SCORESHEET,Juniors,-43kg,F,Raw,B,1.,Champion Mae,2003,FRA,42.55,1.2032,1,55.0,60.0,60.0,55.0,66.17,12,good,failed,failed,,,,https://goodlift.info/scoresheets/scoresheet_w_cl.htm
EUROPEAN POWERLIFTING FEDERATION,European Women's Classic Bench Press Championships (and SOI Event),Druskininkai (Lithuania),02-09.08.2026,SCORESHEET,Juniors,-43kg,F,Raw,B,2.,Ruzhynska Alina,2005,UKR,41.60,1.2439,2,37.5,42.5,47.5,42.5,52.87,9,good,good,failed,,,,https://goodlift.info/scoresheets/scoresheet_w_cl.htm
EUROPEAN POWERLIFTING FEDERATION,European Women's Classic Bench Press Championships (and SOI Event),Druskininkai (Lithuania),02-09.08.2026,SCORESHEET,Juniors,-47kg,F,Raw,B,1.,Korolianchuk Iryna,2007,UKR,46.95,1.0611,3,45.0,47.5,52.5,52.5,55.71,12,good,failed,good,,,,https://goodlift.info/scoresheets/scoresheet_w_cl.htm
EUROPEAN POWERLIFTING FEDERATION,European Women's Classic Bench Press Championships (and SOI Event),Druskininkai (Lithuania),02-09.08.2026,SCORESHEET,Juniors,-47kg,F,Raw,B,2.,Dajka Aleksandra,2004,POL,45.95,1.0880,4,40.0,42.5,45.0,42.5,46.24,9,good,good,failed,,,,https://goodlift.info/scoresheets/scoresheet_w_cl.htm
EUROPEAN POWERLIFTING FEDERATION,European Women's Classic Bench Press Championships (and SOI Event),Druskininkai (Lithuania),02-09.08.2026,SCORESHEET,Juniors,-52kg,F,Raw,B,1.,Chlomko Augusta,2005,LTU,50.50,0.9835,5,70.0,75.0,77.5,75.0,73.76,12,good,good,failed,,,,https://goodlift.info/scoresheets/scoresheet_w_cl.htm
EUROPEAN POWERLIFTING FEDERATION,European Women's Classic Bench Press Championships (and SOI Event),Druskininkai (Lithuania),02-09.08.2026,SCORESHEET,Juniors,-52kg,F,Raw,B,2.,Wasilewska Natalia,2003,POL,50.80,0.9780,6,60.0,65.0,67.5,67.5,66.01,9,good,good,good,,,,https://goodlift.info/scoresheets/scoresheet_w_cl.htm
EUROPEAN POWERLIFTING FEDERATION,European Women's Classic Bench Press Championships (and SOI Event),Druskininkai (Lithuania),02-09.08.2026,SCORESHEET,Juniors,-52kg,F,Raw,B,3.,Pyatnychko Anna-Sofiya,2007,UKR,51.65,0.9631,8,55.0,62.5,70.0,62.5,60.19,8,good,good,failed,,,,https://goodlift.info/scoresheets/scoresheet_w_cl.htm
EUROPEAN POWERLIFTING FEDERATION,European Women's Classic Bench Press Championships (and SOI Event),Druskininkai (Lithuania),02-09.08.2026,SCORESHEET,Juniors,-57kg,F,Raw,B,1.,Duboisset Camille,2005,FRA,56.40,0.8962,9,95.0,95.0,97.5,97.5,87.38,12,failed,good,good,,,,https://goodlift.info/scoresheets/scoresheet_w_cl.htm
EUROPEAN POWERLIFTING FEDERATION,European Women's Classic Bench Press Championships (and SOI Event),Druskininkai (Lithuania),02-09.08.2026,SCORESHEET,Juniors,-57kg,F,Raw,B,2.,Nora Shacham,2005,SWE,55.90,0.9021,11,87.5,92.5,95.0,95.0,85.70,9,good,good,good,,,,https://goodlift.info/scoresheets/scoresheet_w_cl.htm
EUROPEAN POWERLIFTING FEDERATION,European Women's Classic Bench Press Championships (and SOI Event),Druskininkai (Lithuania),02-09.08.2026,SCORESHEET,Juniors,-57kg,F,Raw,B,3.,Demianczuk Nadia,2005,POL,56.30,0.8974,12,87.5,90.0,95.0,90.0,80.76,8,failed,good,failed,,,,https://goodlift.info/scoresheets/scoresheet_w_cl.htm
EUROPEAN POWERLIFTING FEDERATION,European Women's Classic Bench Press Championships (and SOI Event),Druskininkai (Lithuania),02-09.08.2026,SCORESHEET,Juniors,-57kg,F,Raw,B,4.,Inguscio Miriam,2007,ITA,55.70,0.9046,10,82.5,85.0,85.0,82.5,74.63,7,good,failed,failed,,,,https://goodlift.info/scoresheets/scoresheet_w_cl.htm
EUROPEAN POWERLIFTING FEDERATION,European Women's Classic Bench Press Championships (and SOI Event),Druskininkai (Lithuania),02-09.08.2026,SCORESHEET,Juniors,-57kg,F,Raw,B,5.,Valdimarsdottir Eva,2007,ISL,56.85,0.8910,14,72.5,75.0,77.5,75.0,66.83,6,good,good,failed,,,,https://goodlift.info/scoresheets/scoresheet_w_cl.htm
EUROPEAN POWERLIFTING FEDERATION,European Women's Classic Bench Press Championships (and SOI Event),Druskininkai (Lithuania),02-09.08.2026,SCORESHEET,Juniors,-57kg,F,Raw,B,—,Gavrila Maria,2004,ROU,55.85,0.9027,13,92.5,92.5,92.5,DSQ,—,—,failed,failed,failed,,,,https://goodlift.info/scoresheets/scoresheet_w_cl.htm
EUROPEAN POWERLIFTING FEDERATION,European Women's Classic Bench Press Championships (and SOI Event),Druskininkai (Lithuania),02-09.08.2026,SCORESHEET,Juniors,-63kg,F,Raw,B,1.,Picazo Elodie,2004,FRA,62.15,0.8409,16,112.5,117.5,122.5,117.5,98.81,12,good,good,failed,,,,https://goodlift.info/scoresheets/scoresheet_w_cl.htm
EUROPEAN POWERLIFTING FEDERATION,European Women's Classic Bench Press Championships (and SOI Event),Druskininkai (Lithuania),02-09.08.2026,SCORESHEET,Juniors,-63kg,F,Raw,B,2.,Albery Larsdotter Stella,2006,SWE,59.95,0.8595,23,97.5,102.5,105.0,102.5,88.10,9,good,good,failed,,,,https://goodlift.info/scoresheets/scoresheet_w_cl.htm
EUROPEAN POWERLIFTING FEDERATION,European Women's Classic Bench Press Championships (and SOI Event),Druskininkai (Lithuania),02-09.08.2026,SCORESHEET,Juniors,-63kg,F,Raw,B,3.,Kahri Jenni,2003,FIN,62.60,0.8375,18,90.0,95.0,95.0,95.0,79.56,8,good,failed,good,,,,https://goodlift.info/scoresheets/scoresheet_w_cl.htm
EUROPEAN POWERLIFTING FEDERATION,European Women's Classic Bench Press Championships (and SOI Event),Druskininkai (Lithuania),02-09.08.2026,SCORESHEET,Juniors,-63kg,F,Raw,B,4.,Antanovica Ania,2005,LAT,61.50,0.8461,25,85.0,90.0,92.5,90.0,76.15,7,good,good,failed,,,,https://goodlift.info/scoresheets/scoresheet_w_cl.htm
EUROPEAN POWERLIFTING FEDERATION,European Women's Classic Bench Press Championships (and SOI Event),Druskininkai (Lithuania),02-09.08.2026,SCORESHEET,Juniors,-63kg,F,Raw,B,5.,Scalf Melanie,2005,NED,62.30,0.8398,15,82.5,90.0,92.5,90.0,75.58,6,good,good,failed,,,,https://goodlift.info/scoresheets/scoresheet_w_cl.htm
EUROPEAN POWERLIFTING FEDERATION,European Women's Classic Bench Press Championships (and SOI Event),Druskininkai (Lithuania),02-09.08.2026,SCORESHEET,Juniors,-63kg,F,Raw,B,6.,Coskun Sena,2005,NED,61.10,0.8495,19,82.5,87.5,87.5,87.5,74.33,5,good,failed,good,,,,https://goodlift.info/scoresheets/scoresheet_w_cl.htm
EUROPEAN POWERLIFTING FEDERATION,European Women's Classic Bench Press Championships (and SOI Event),Druskininkai (Lithuania),02-09.08.2026,SCORESHEET,Juniors,-63kg,F,Raw,B,7.,Herrmann Fabienne,2003,GER,62.40,0.8390,20,82.5,85.0,85.0,82.5,69.22,4,good,failed,failed,,,,https://goodlift.info/scoresheets/scoresheet_w_cl.htm
EUROPEAN POWERLIFTING FEDERATION,European Women's Classic Bench Press Championships (and SOI Event),Druskininkai (Lithuania),02-09.08.2026,SCORESHEET,Juniors,-63kg,F,Raw,B,8.,Bogensperger Anna Maria,2003,AUT,62.70,0.8367,21,82.5,87.5,87.5,82.5,69.03,3,good,failed,failed,,,,https://goodlift.info/scoresheets/scoresheet_w_cl.htm
EUROPEAN POWERLIFTING FEDERATION,European Women's Classic Bench Press Championships (and SOI Event),Druskininkai (Lithuania),02-09.08.2026,SCORESHEET,Juniors,-63kg,F,Raw,B,9.,Brandeiska Monika,2005,CZE,62.10,0.8413,24,75.0,80.0,82.5,80.0,67.31,2,good,good,failed,,,,https://goodlift.info/scoresheets/scoresheet_w_cl.htm
EUROPEAN POWERLIFTING FEDERATION,European Women's Classic Bench Press Championships (and SOI Event),Druskininkai (Lithuania),02-09.08.2026,SCORESHEET,Juniors,-63kg,F,Raw,B,10.,McAtamney Jessica,2004,IRL,62.30,0.8398,17,70.0,72.5,75.0,75.0,62.98,1,good,good,good,,,,https://goodlift.info/scoresheets/scoresheet_w_cl.htm
EUROPEAN POWERLIFTING FEDERATION,European Women's Classic Bench Press Championships (and SOI Event),Druskininkai (Lithuania),02-09.08.2026,SCORESHEET,Juniors,-63kg,F,Raw,B,11.,Olafsdottir Herdis Anna,2005,ISL,62.95,0.8348,22,70.0,75.0,75.0,70.0,58.44,1,good,failed,failed,,,,https://goodlift.info/scoresheets/scoresheet_w_cl.htm
EUROPEAN POWERLIFTING FEDERATION,European Women's Classic Bench Press Championships (and SOI Event),Druskininkai (Lithuania),02-09.08.2026,SCORESHEET,Juniors,-69kg,F,Raw,B,1.,Iliev Dorene,2003,FRA,68.70,0.7989,8,102.5,107.5,110.0,110.0,87.88,12,good,good,good,,,,https://goodlift.info/scoresheets/scoresheet_w_cl.htm
EUROPEAN POWERLIFTING FEDERATION,European Women's Classic Bench Press Championships (and SOI Event),Druskininkai (Lithuania),02-09.08.2026,SCORESHEET,Juniors,-69kg,F,Raw,B,2.,Vesperova Marie Eva,2005,CZE,66.55,0.8109,12,97.5,102.5,107.5,102.5,83.11,9,good,good,failed,,,,https://goodlift.info/scoresheets/scoresheet_w_cl.htm
EUROPEAN POWERLIFTING FEDERATION,European Women's Classic Bench Press Championships (and SOI Event),Druskininkai (Lithuania),02-09.08.2026,SCORESHEET,Juniors,-69kg,F,Raw,B,3.,Daams Chinsey,2003,NED,65.20,0.8192,11,90.0,95.0,97.5,97.5,79.87,8,good,good,good,,,,https://goodlift.info/scoresheets/scoresheet_w_cl.htm
EUROPEAN POWERLIFTING FEDERATION,European Women's Classic Bench Press Championships (and SOI Event),Druskininkai (Lithuania),02-09.08.2026,SCORESHEET,Juniors,-69kg,F,Raw,B,4.,Konsten Eleanora,2006,NED,68.55,0.7997,14,90.0,95.0,100.0,95.0,75.97,7,good,good,failed,,,,https://goodlift.info/scoresheets/scoresheet_w_cl.htm
EUROPEAN POWERLIFTING FEDERATION,European Women's Classic Bench Press Championships (and SOI Event),Druskininkai (Lithuania),02-09.08.2026,SCORESHEET,Juniors,-69kg,F,Raw,B,5.,Gotiam Regina,2007,GBR,66.10,0.8136,10,92.5,97.5,97.5,92.5,75.26,6,good,failed,failed,,,,https://goodlift.info/scoresheets/scoresheet_w_cl.htm
EUROPEAN POWERLIFTING FEDERATION,European Women's Classic Bench Press Championships (and SOI Event),Druskininkai (Lithuania),02-09.08.2026,SCORESHEET,Juniors,-69kg,F,Raw,B,6.,Bean Jessica,2003,GBR,67.35,0.8063,9,85.0,90.0,95.0,90.0,72.56,5,good,good,failed,,,,https://goodlift.info/scoresheets/scoresheet_w_cl.htm
EUROPEAN POWERLIFTING FEDERATION,European Women's Classic Bench Press Championships (and SOI Event),Druskininkai (Lithuania),02-09.08.2026,SCORESHEET,Juniors,-69kg,F,Raw,B,7.,Loftus Kiera,2003,IRL,68.30,0.8010,13,82.5,87.5,90.0,87.5,70.09,4,good,good,failed,,,,https://goodlift.info/scoresheets/scoresheet_w_cl.htm
EUROPEAN POWERLIFTING FEDERATION,European Women's Classic Bench Press Championships (and SOI Event),Druskininkai (Lithuania),02-09.08.2026,SCORESHEET,Juniors,-76kg,F,Raw,B,1.,Ubachs Frederique,2003,NED,75.40,0.7702,16,107.5,112.5,117.5,117.5,90.49,12,good,good,good,,,,https://goodlift.info/scoresheets/scoresheet_w_cl.htm
EUROPEAN POWERLIFTING FEDERATION,European Women's Classic Bench Press Championships (and SOI Event),Druskininkai (Lithuania),02-09.08.2026,SCORESHEET,Juniors,-76kg,F,Raw,B,2.,Lukacs Katalin,2003,NED,75.20,0.7709,17,97.5,102.5,107.5,107.5,82.87,9,good,good,good,,,,https://goodlift.info/scoresheets/scoresheet_w_cl.htm
EUROPEAN POWERLIFTING FEDERATION,European Women's Classic Bench Press Championships (and SOI Event),Druskininkai (Lithuania),02-09.08.2026,SCORESHEET,Juniors,-76kg,F,Raw,B,3.,Pelz Pauline Chiamaka,2003,AUT,74.00,0.7753,15,90.0,95.0,95.0,95.0,73.65,8,good,failed,good,,,,https://goodlift.info/scoresheets/scoresheet_w_cl.htm
EUROPEAN POWERLIFTING FEDERATION,European Women's Classic Bench Press Championships (and SOI Event),Druskininkai (Lithuania),02-09.08.2026,SCORESHEET,Juniors,-76kg,F,Raw,B,4.,Stones Violet,2006,GBR,70.20,0.7915,18,85.0,90.0,95.0,90.0,71.23,7,good,good,failed,,,,https://goodlift.info/scoresheets/scoresheet_w_cl.htm
EUROPEAN POWERLIFTING FEDERATION,European Women's Classic Bench Press Championships (and SOI Event),Druskininkai (Lithuania),02-09.08.2026,SCORESHEET,Juniors,-84kg,F,Raw,B,1.,Laitinen Jenna,2003,FIN,82.25,0.7501,2,120.0,125.0,130.0,125.0,93.76,12,good,good,failed,,,,https://goodlift.info/scoresheets/scoresheet_w_cl.htm
EUROPEAN POWERLIFTING FEDERATION,European Women's Classic Bench Press Championships (and SOI Event),Druskininkai (Lithuania),02-09.08.2026,SCORESHEET,Juniors,-84kg,F,Raw,B,2.,Wigh Hannah,2007,SWE,82.65,0.7491,4,105.0,112.5,117.5,112.5,84.28,9,good,good,failed,,,,https://goodlift.info/scoresheets/scoresheet_w_cl.htm
EUROPEAN POWERLIFTING FEDERATION,European Women's Classic Bench Press Championships (and SOI Event),Druskininkai (Lithuania),02-09.08.2026,SCORESHEET,Juniors,-84kg,F,Raw,B,3.,Fadare-Green Taiya,2003,GBR,79.65,0.7568,1,100.0,100.0,105.0,100.0,75.68,8,failed,good,failed,,,,https://goodlift.info/scoresheets/scoresheet_w_cl.htm
EUROPEAN POWERLIFTING FEDERATION,European Women's Classic Bench Press Championships (and SOI Event),Druskininkai (Lithuania),02-09.08.2026,SCORESHEET,Juniors,-84kg,F,Raw,B,4.,Rosol Wiktoria,2004,POL,82.65,0.7491,3,72.5,75.0,75.0,72.5,54.31,7,good,failed,failed,,,,https://goodlift.info/scoresheets/scoresheet_w_cl.htm
EUROPEAN POWERLIFTING FEDERATION,European Women's Classic Bench Press Championships (and SOI Event),Druskininkai (Lithuania),02-09.08.2026,SCORESHEET,Juniors,84+kg,F,Raw,B,1.,Opiola Aleksandra,2003,POL,93.05,0.7302,7,105.0,110.0,110.0,105.0,76.67,12,good,failed,failed,,,,https://goodlift.info/scoresheets/scoresheet_w_cl.htm
EUROPEAN POWERLIFTING FEDERATION,European Women's Classic Bench Press Championships (and SOI Event),Druskininkai (Lithuania),02-09.08.2026,SCORESHEET,Juniors,84+kg,F,Raw,B,2.,La Pierre-Carmichael Auld erney,2006,GBR,122.40,0.7090,5,90.0,95.0,100.0,100.0,70.90,9,good,good,good,,,,https://goodlift.info/scoresheets/scoresheet_w_cl.htm
EUROPEAN POWERLIFTING FEDERATION,European Women's Classic Bench Press Championships (and SOI Event),Druskininkai (Lithuania),02-09.08.2026,SCORESHEET,Juniors,84+kg,F,Raw,B,3.,Laurinaviciute Reda,2007,LTU,91.20,0.7329,6,85.0,90.0,90.0,90.0,65.96,8,good,failed,good,,,,https://goodlift.info/scoresheets/scoresheet_w_cl.htm
EUROPEAN POWERLIFTING FEDERATION,European Women's Classic Bench Press Championships (and SOI Event),Druskininkai (Lithuania),02-09.08.2026,SCORESHEET,Masters 1,-52kg,F,Raw,B,1.,Lindqvist Anna Grezzy,1986,SWE,49.65,0.9999,1,65.0,67.5,70.0,70.0,69.99,12,good,good,good,,,,https://goodlift.info/scoresheets/scoresheet_w_cl.htm
EUROPEAN POWERLIFTING FEDERATION,European Women's Classic Bench Press Championships (and SOI Event),Druskininkai (Lithuania),02-09.08.2026,SCORESHEET,Masters 1,-52kg,F,Raw,B,2.,Jariabkova Gabriela,1980,SVK,50.75,0.9789,2,60.0,62.5,65.0,62.5,61.18,9,good,good,failed,,,,https://goodlift.info/scoresheets/scoresheet_w_cl.htm
EUROPEAN POWERLIFTING FEDERATION,European Women's Classic Bench Press Championships (and SOI Event),Druskininkai (Lithuania),02-09.08.2026,SCORESHEET,Masters 1,-52kg,F,Raw,B,3.,Mailly Evelyne,1977,FRA,51.10,0.9726,3,55.0,60.0,62.5,60.0,58.36,8,good,good,failed,,,,https://goodlift.info/scoresheets/scoresheet_w_cl.htm
EUROPEAN POWERLIFTING FEDERATION,European Women's Classic Bench Press Championships (and SOI Event),Druskininkai (Lithuania),02-09.08.2026,SCORESHEET,Masters 1,-57kg,F,Raw,B,1.,Koninki Niina,1981,FIN,56.60,0.8939,4,90.0,92.5,95.0,95.0,84.92,12,good,good,good,,,,https://goodlift.info/scoresheets/scoresheet_w_cl.htm
EUROPEAN POWERLIFTING FEDERATION,European Women's Classic Bench Press Championships (and SOI Event),Druskininkai (Lithuania),02-09.08.2026,SCORESHEET,Masters 1,-63kg,F,Raw,B,1.,Pohjola Minna,1985,FIN,62.65,0.8371,7,92.5,97.5,100.0,97.5,81.62,12,good,good,failed,,,,https://goodlift.info/scoresheets/scoresheet_w_cl.htm
EUROPEAN POWERLIFTING FEDERATION,European Women's Classic Bench Press Championships (and SOI Event),Druskininkai (Lithuania),02-09.08.2026,SCORESHEET,Masters 1,-63kg,F,Raw,B,2.,Stuetz Rieger Silvia,1978,GER,62.20,0.8405,6,77.5,82.5,82.5,82.5,69.35,9,good,failed,good,,,,https://goodlift.info/scoresheets/scoresheet_w_cl.htm
EUROPEAN POWERLIFTING FEDERATION,European Women's Classic Bench Press Championships (and SOI Event),Druskininkai (Lithuania),02-09.08.2026,SCORESHEET,Masters 1,-69kg,F,Raw,B,1.,Engberg Mari,1982,FIN,68.60,0.7995,8,102.5,107.5,115.0,107.5,85.94,12,good,good,failed,,,,https://goodlift.info/scoresheets/scoresheet_w_cl.htm
EUROPEAN POWERLIFTING FEDERATION,European Women's Classic Bench Press Championships (and SOI Event),Druskininkai (Lithuania),02-09.08.2026,SCORESHEET,Masters 1,-69kg,F,Raw,B,2.,Bogdany Zsuzsanna,1982,HUN,64.50,0.8238,9,80.0,85.0,87.5,87.5,72.09,9,good,good,good,,,,https://goodlift.info/scoresheets/scoresheet_w_cl.htm
EUROPEAN POWERLIFTING FEDERATION,European Women's Classic Bench Press Championships (and SOI Event),Druskininkai (Lithuania),02-09.08.2026,SCORESHEET,Masters 1,-69kg,F,Raw,B,3.,Karhu Hanna,1984,FIN,68.10,0.8021,10,80.0,85.0,90.0,80.0,64.17,8,good,failed,failed,,,,https://goodlift.info/scoresheets/scoresheet_w_cl.htm
EUROPEAN POWERLIFTING FEDERATION,European Women's Classic Bench Press Championships (and SOI Event),Druskininkai (Lithuania),02-09.08.2026,SCORESHEET,Masters 1,-69kg,F,Raw,B,4.,Chadaway Amy,1986,GBR,68.60,0.7995,11,72.5,77.5,80.0,77.5,61.96,7,good,good,failed,,,,https://goodlift.info/scoresheets/scoresheet_w_cl.htm
EUROPEAN POWERLIFTING FEDERATION,European Women's Classic Bench Press Championships (and SOI Event),Druskininkai (Lithuania),02-09.08.2026,SCORESHEET,Masters 1,-76kg,F,Raw,B,1.,Clavier Emilie,1979,FRA,74.60,0.7730,16,102.5,107.5,112.5,107.5,83.10,12,good,good,failed,,,,https://goodlift.info/scoresheets/scoresheet_w_cl.htm
EUROPEAN POWERLIFTING FEDERATION,European Women's Classic Bench Press Championships (and SOI Event),Druskininkai (Lithuania),02-09.08.2026,SCORESHEET,Masters 1,-76kg,F,Raw,B,2.,Coogan Joanne,1982,IRL,74.75,0.7725,13,90.0,92.5,97.5,97.5,75.32,9,good,good,good,,,,https://goodlift.info/scoresheets/scoresheet_w_cl.htm
EUROPEAN POWERLIFTING FEDERATION,European Women's Classic Bench Press Championships (and SOI Event),Druskininkai (Lithuania),02-09.08.2026,SCORESHEET,Masters 1,-76kg,F,Raw,B,3.,Lipskiene Gitana,1979,LTU,72.20,0.7825,17,87.5,90.0,92.5,90.0,70.43,8,good,good,failed,,,,https://goodlift.info/scoresheets/scoresheet_w_cl.htm
EUROPEAN POWERLIFTING FEDERATION,European Women's Classic Bench Press Championships (and SOI Event),Druskininkai (Lithuania),02-09.08.2026,SCORESHEET,Masters 1,-76kg,F,Raw,B,4.,Kajanti Vilja,1983,FIN,72.40,0.7817,15,85.0,90.0,92.5,90.0,70.35,7,good,good,failed,,,,https://goodlift.info/scoresheets/scoresheet_w_cl.htm
EUROPEAN POWERLIFTING FEDERATION,European Women's Classic Bench Press Championships (and SOI Event),Druskininkai (Lithuania),02-09.08.2026,SCORESHEET,Masters 1,-76kg,F,Raw,B,5.,Pettersson Linda,1981,SWE,74.30,0.7742,14,70.0,75.0,80.0,75.0,58.06,6,good,good,failed,,,,https://goodlift.info/scoresheets/scoresheet_w_cl.htm
EUROPEAN POWERLIFTING FEDERATION,European Women's Classic Bench Press Championships (and SOI Event),Druskininkai (Lithuania),02-09.08.2026,SCORESHEET,Masters 1,-76kg,F,Raw,B,6.,Pabot Yuliia,1984,UKR,72.75,0.7802,18,47.5,52.5,55.0,52.5,40.96,5,good,good,failed,,,,https://goodlift.info/scoresheets/scoresheet_w_cl.htm
EUROPEAN POWERLIFTING FEDERATION,European Women's Classic Bench Press Championships (and SOI Event),Druskininkai (Lithuania),02-09.08.2026,SCORESHEET,Masters 1,-84kg,F,Raw,B,1.,Timmers Ankie,1986,LUX,83.65,0.7468,3,112.5,117.5,122.5,117.5,87.75,12,good,good,failed,,,,https://goodlift.info/scoresheets/scoresheet_w_cl.htm
EUROPEAN POWERLIFTING FEDERATION,European Women's Classic Bench Press Championships (and SOI Event),Druskininkai (Lithuania),02-09.08.2026,SCORESHEET,Masters 1,-84kg,F,Raw,B,2.,Sinikoski Jessica,1977,FIN,78.30,0.7607,5,97.5,102.5,107.5,102.5,77.98,9,good,good,failed,,,,https://goodlift.info/scoresheets/scoresheet_w_cl.htm
EUROPEAN POWERLIFTING FEDERATION,European Women's Classic Bench Press Championships (and SOI Event),Druskininkai (Lithuania),02-09.08.2026,SCORESHEET,Masters 1,-84kg,F,Raw,B,3.,Ettienne Tiana,1983,GBR,82.45,0.7496,2,90.0,95.0,97.5,95.0,71.21,8,good,good,failed,,,,https://goodlift.info/scoresheets/scoresheet_w_cl.htm
EUROPEAN POWERLIFTING FEDERATION,European Women's Classic Bench Press Championships (and SOI Event),Druskininkai (Lithuania),02-09.08.2026,SCORESHEET,Masters 1,-84kg,F,Raw,B,4.,Pretorius Maria,1977,SWE,82.20,0.7502,1,82.5,87.5,90.0,87.5,65.64,7,good,good,failed,,,,https://goodlift.info/scoresheets/scoresheet_w_cl.htm
EUROPEAN POWERLIFTING FEDERATION,European Women's Classic Bench Press Championships (and SOI Event),Druskininkai (Lithuania),02-09.08.2026,SCORESHEET,Masters 1,-84kg,F,Raw,B,5.,Fysh Kelly,1981,GBR,82.60,0.7493,4,67.5,72.5,75.0,75.0,56.19,6,good,good,good,,,,https://goodlift.info/scoresheets/scoresheet_w_cl.htm
EUROPEAN POWERLIFTING FEDERATION,European Women's Classic Bench Press Championships (and SOI Event),Druskininkai (Lithuania),02-09.08.2026,SCORESHEET,Masters 1,84+kg,F,Raw,B,1.,Patterson Clare,1984,IRL,109.70,0.7147,8,140.0,145.0,150.0,145.0,103.63,12,good,good,failed,,,,https://goodlift.info/scoresheets/scoresheet_w_cl.htm
EUROPEAN POWERLIFTING FEDERATION,European Women's Classic Bench Press Championships (and SOI Event),Druskininkai (Lithuania),02-09.08.2026,SCORESHEET,Masters 1,84+kg,F,Raw,B,2.,Bitterova Zuzana,1984,CZE,118.70,0.7103,9,105.0,112.5,115.0,115.0,81.69,9,good,good,good,,,,https://goodlift.info/scoresheets/scoresheet_w_cl.htm
EUROPEAN POWERLIFTING FEDERATION,European Women's Classic Bench Press Championships (and SOI Event),Druskininkai (Lithuania),02-09.08.2026,SCORESHEET,Masters 1,84+kg,F,Raw,B,3.,Polishchuk Viktoriia,1985,UKR,110.30,0.7143,7,105.0,112.5,115.0,112.5,80.36,8,good,good,failed,,,,https://goodlift.info/scoresheets/scoresheet_w_cl.htm
EUROPEAN POWERLIFTING FEDERATION,European Women's Classic Bench Press Championships (and SOI Event),Druskininkai (Lithuania),02-09.08.2026,SCORESHEET,Masters 1,84+kg,F,Raw,B,4.,Kekalainen Anne,1980,FIN,104.55,0.7182,10,107.5,110.0,112.5,110.0,79.00,7,good,good,failed,,,,https://goodlift.info/scoresheets/scoresheet_w_cl.htm
EUROPEAN POWERLIFTING FEDERATION,European Women's Classic Bench Press Championships (and SOI Event),Druskininkai (Lithuania),02-09.08.2026,SCORESHEET,Masters 1,84+kg,F,Raw,B,5.,Wallen Nanny,1984,FIN,142.45,0.7048,6,107.5,110.0,112.5,110.0,77.53,6,good,good,failed,,,,https://goodlift.info/scoresheets/scoresheet_w_cl.htm
EUROPEAN POWERLIFTING FEDERATION,European Women's Classic Bench Press Championships (and SOI Event),Druskininkai (Lithuania),02-09.08.2026,SCORESHEET,Masters 1,84+kg,F,Raw,B,6.,Lang Jen,1978,GBR,120.05,0.7098,11,87.5,92.5,95.0,95.0,67.43,5,good,good,good,,,,https://goodlift.info/scoresheets/scoresheet_w_cl.htm
EUROPEAN POWERLIFTING FEDERATION,European Women's Classic Bench Press Championships (and SOI Event),Druskininkai (Lithuania),02-09.08.2026,SCORESHEET,Masters 1,84+kg,F,Raw,B,7.,Gaffney Fiona,1977,GBR,101.70,0.7206,12,85.0,90.0,92.5,92.5,66.65,4,good,good,good,,,,https://goodlift.info/scoresheets/scoresheet_w_cl.htm
EUROPEAN POWERLIFTING FEDERATION,European Women's Classic Bench Press Championships (and SOI Event),Druskininkai (Lithuania),02-09.08.2026,SCORESHEET,Masters 2,-47kg,F,Raw,B,1.,Ivankova Nataliia,1974,UKR,46.95,1.0611,1,52.5,55.0,57.5,57.5,61.01,12,good,good,good,,,,https://goodlift.info/scoresheets/scoresheet_w_cl.htm
EUROPEAN POWERLIFTING FEDERATION,European Women's Classic Bench Press Championships (and SOI Event),Druskininkai (Lithuania),02-09.08.2026,SCORESHEET,Masters 2,-52kg,F,Raw,B,1.,Radwanska Jadwiga,1975,POL,51.55,0.9648,2,75.0,77.5,77.5,75.0,72.36,12,good,failed,failed,,,,https://goodlift.info/scoresheets/scoresheet_w_cl.htm
EUROPEAN POWERLIFTING FEDERATION,European Women's Classic Bench Press Championships (and SOI Event),Druskininkai (Lithuania),02-09.08.2026,SCORESHEET,Masters 2,-52kg,F,Raw,B,2.,Petroczki Magdolna,1968,HUN,50.00,0.9930,3,70.0,72.5,75.0,72.5,71.99,9,good,good,failed,,,,https://goodlift.info/scoresheets/scoresheet_w_cl.htm
EUROPEAN POWERLIFTING FEDERATION,European Women's Classic Bench Press Championships (and SOI Event),Druskininkai (Lithuania),02-09.08.2026,SCORESHEET,Masters 2,-52kg,F,Raw,B,3.,Verlaine Geraldine,1970,FRA,51.50,0.9657,4,67.5,70.0,72.5,70.0,67.60,8,good,good,failed,,,,https://goodlift.info/scoresheets/scoresheet_w_cl.htm
EUROPEAN POWERLIFTING FEDERATION,European Women's Classic Bench Press Championships (and SOI Event),Druskininkai (Lithuania),02-09.08.2026,SCORESHEET,Masters 2,-52kg,F,Raw,B,4.,Lane Angelina,1969,GBR,51.50,0.9657,5,57.5,62.5,62.5,57.5,55.53,7,good,failed,failed,,,,https://goodlift.info/scoresheets/scoresheet_w_cl.htm
EUROPEAN POWERLIFTING FEDERATION,European Women's Classic Bench Press Championships (and SOI Event),Druskininkai (Lithuania),02-09.08.2026,SCORESHEET,Masters 2,-57kg,F,Raw,B,1.,Mainetti Katia,1975,ITA,54.85,0.9154,7,67.5,70.0,72.5,70.0,64.08,12,good,good,failed,,,,https://goodlift.info/scoresheets/scoresheet_w_cl.htm
EUROPEAN POWERLIFTING FEDERATION,European Women's Classic Bench Press Championships (and SOI Event),Druskininkai (Lithuania),02-09.08.2026,SCORESHEET,Masters 2,-57kg,F,Raw,B,2.,Walter Ingrid,1970,AUT,54.95,0.9141,8,67.5,70.0,72.5,70.0,63.99,9,good,good,failed,,,,https://goodlift.info/scoresheets/scoresheet_w_cl.htm
EUROPEAN POWERLIFTING FEDERATION,European Women's Classic Bench Press Championships (and SOI Event),Druskininkai (Lithuania),02-09.08.2026,SCORESHEET,Masters 2,-57kg,F,Raw,B,3.,Sirkia Mervi,1972,FIN,52.80,0.9446,6,60.0,65.0,70.0,65.0,61.40,8,good,good,failed,,,,https://goodlift.info/scoresheets/scoresheet_w_cl.htm
EUROPEAN POWERLIFTING FEDERATION,European Women's Classic Bench Press Championships (and SOI Event),Druskininkai (Lithuania),02-09.08.2026,SCORESHEET,Masters 2,-63kg,F,Raw,B,1.,Heimstad-Aasbo Anette,1974,NOR,61.50,0.8461,9,82.5,82.5,85.0,85.0,71.92,12,failed,good,good,,,,https://goodlift.info/scoresheets/scoresheet_w_cl.htm
EUROPEAN POWERLIFTING FEDERATION,European Women's Classic Bench Press Championships (and SOI Event),Druskininkai (Lithuania),02-09.08.2026,SCORESHEET,Masters 2,-63kg,F,Raw,B,2.,Meunier Melisa,1975,FRA,62.00,0.8421,13,72.5,75.0,77.5,77.5,65.26,9,failed,good,good,,,,https://goodlift.info/scoresheets/scoresheet_w_cl.htm
EUROPEAN POWERLIFTING FEDERATION,European Women's Classic Bench Press Championships (and SOI Event),Druskininkai (Lithuania),02-09.08.2026,SCORESHEET,Masters 2,-63kg,F,Raw,B,3.,Flinckman Milla,1973,FIN,61.70,0.8445,12,67.5,72.5,75.0,67.5,57.01,8,good,failed,failed,,,,https://goodlift.info/scoresheets/scoresheet_w_cl.htm
EUROPEAN POWERLIFTING FEDERATION,European Women's Classic Bench Press Championships (and SOI Event),Druskininkai (Lithuania),02-09.08.2026,SCORESHEET,Masters 2,-63kg,F,Raw,B,4.,Popovic Danguole,1974,LTU,60.70,0.8529,11,50.0,55.0,57.5,57.5,49.04,7,good,good,good,,,,https://goodlift.info/scoresheets/scoresheet_w_cl.htm
EUROPEAN POWERLIFTING FEDERATION,European Women's Classic Bench Press Championships (and SOI Event),Druskininkai (Lithuania),02-09.08.2026,SCORESHEET,Masters 2,-63kg,F,Raw,B,5.,Petrova Larysa,1976,UKR,60.50,0.8546,10,50.0,55.0,60.0,55.0,47.00,6,good,good,failed,,,,https://goodlift.info/scoresheets/scoresheet_w_cl.htm
EUROPEAN POWERLIFTING FEDERATION,European Women's Classic Bench Press Championships (and SOI Event),Druskininkai (Lithuania),02-09.08.2026,SCORESHEET,Masters 2,-69kg,F,Raw,B,1.,Rodgers Beverley,1972,GBR,68.85,0.7982,16,92.5,100.0,103.5,100.0,79.82,12,good,good,failed,,,,https://goodlift.info/scoresheets/scoresheet_w_cl.htm
EUROPEAN POWERLIFTING FEDERATION,European Women's Classic Bench Press Championships (and SOI Event),Druskininkai (Lithuania),02-09.08.2026,SCORESHEET,Masters 2,-69kg,F,Raw,B,2.,Leccese Florence,1969,FRA,67.10,0.8077,18,77.5,80.0,82.5,80.0,64.61,9,good,good,failed,,,,https://goodlift.info/scoresheets/scoresheet_w_cl.htm
EUROPEAN POWERLIFTING FEDERATION,European Women's Classic Bench Press Championships (and SOI Event),Druskininkai (Lithuania),02-09.08.2026,SCORESHEET,Masters 2,-69kg,F,Raw,B,3.,McKendry Karen,1973,GBR,66.70,0.8100,17,72.5,77.5,80.0,77.5,62.77,8,good,good,failed,,,,https://goodlift.info/scoresheets/scoresheet_w_cl.htm
EUROPEAN POWERLIFTING FEDERATION,European Women's Classic Bench Press Championships (and SOI Event),Druskininkai (Lithuania),02-09.08.2026,SCORESHEET,Masters 2,-69kg,F,Raw,B,4.,Samoilova Ludmila,1969,LAT,68.20,0.8016,14,75.0,80.0,82.5,75.0,60.12,7,good,failed,failed,,,,https://goodlift.info/scoresheets/scoresheet_w_cl.htm
EUROPEAN POWERLIFTING FEDERATION,European Women's Classic Bench Press Championships (and SOI Event),Druskininkai (Lithuania),02-09.08.2026,SCORESHEET,Masters 2,-69kg,F,Raw,B,5.,Laurinaviciene Danguole,1971,LTU,68.40,0.8005,15,50.0,55.0,57.5,55.0,44.03,6,good,good,failed,,,,https://goodlift.info/scoresheets/scoresheet_w_cl.htm
EUROPEAN POWERLIFTING FEDERATION,European Women's Classic Bench Press Championships (and SOI Event),Druskininkai (Lithuania),02-09.08.2026,SCORESHEET,Masters 2,-76kg,F,Raw,B,1.,Suomela Pauliina,1976,FIN,75.45,0.7700,10,107.5,112.5,118.0,112.5,86.62,12,good,good,failed,,,,https://goodlift.info/scoresheets/scoresheet_w_cl.htm
EUROPEAN POWERLIFTING FEDERATION,European Women's Classic Bench Press Championships (and SOI Event),Druskininkai (Lithuania),02-09.08.2026,SCORESHEET,Masters 2,-76kg,F,Raw,B,2.,Pedersen Annette,1968,DEN,75.00,0.7716,12,87.5,90.0,92.5,92.5,71.37,9,good,good,good,,,,https://goodlift.info/scoresheets/scoresheet_w_cl.htm
EUROPEAN POWERLIFTING FEDERATION,European Women's Classic Bench Press Championships (and SOI Event),Druskininkai (Lithuania),02-09.08.2026,SCORESHEET,Masters 2,-76kg,F,Raw,B,3.,Duboux Stephanie,1976,FRA,74.40,0.7738,11,85.0,87.5,90.0,87.5,67.71,8,good,good,failed,,,,https://goodlift.info/scoresheets/scoresheet_w_cl.htm
EUROPEAN POWERLIFTING FEDERATION,European Women's Classic Bench Press Championships (and SOI Event),Druskininkai (Lithuania),02-09.08.2026,SCORESHEET,Masters 2,-76kg,F,Raw,B,4.,Palmer Georgina,1975,GBR,73.85,0.7759,13,67.5,72.5,72.5,67.5,52.37,7,good,failed,failed,,,,https://goodlift.info/scoresheets/scoresheet_w_cl.htm
EUROPEAN POWERLIFTING FEDERATION,European Women's Classic Bench Press Championships (and SOI Event),Druskininkai (Lithuania),02-09.08.2026,SCORESHEET,Masters 2,-84kg,F,Raw,B,1.,Kroiss Jana,1975,AUT,81.40,0.7522,2,97.5,100.0,105.0,100.0,75.22,12,failed,good,failed,,,,https://goodlift.info/scoresheets/scoresheet_w_cl.htm
EUROPEAN POWERLIFTING FEDERATION,European Women's Classic Bench Press Championships (and SOI Event),Druskininkai (Lithuania),02-09.08.2026,SCORESHEET,Masters 2,-84kg,F,Raw,B,2.,Kuismin Marjut,1975,FIN,79.20,0.7581,1,92.5,92.5,100.0,92.5,70.13,9,failed,good,failed,,,,https://goodlift.info/scoresheets/scoresheet_w_cl.htm
EUROPEAN POWERLIFTING FEDERATION,European Women's Classic Bench Press Championships (and SOI Event),Druskininkai (Lithuania),02-09.08.2026,SCORESHEET,Masters 2,-84kg,F,Raw,B,3.,Rohr Pernilla,1972,SWE,83.00,0.7483,4,82.5,87.5,87.5,87.5,65.48,8,failed,failed,good,,,,https://goodlift.info/scoresheets/scoresheet_w_cl.htm
EUROPEAN POWERLIFTING FEDERATION,European Women's Classic Bench Press Championships (and SOI Event),Druskininkai (Lithuania),02-09.08.2026,SCORESHEET,Masters 2,-84kg,F,Raw,B,4.,Carrington Helen,1976,GBR,82.75,0.7489,3,80.0,80.0,87.5,80.0,59.91,7,failed,good,failed,,,,https://goodlift.info/scoresheets/scoresheet_w_cl.htm
EUROPEAN POWERLIFTING FEDERATION,European Women's Classic Bench Press Championships (and SOI Event),Druskininkai (Lithuania),02-09.08.2026,SCORESHEET,Masters 2,84+kg,F,Raw,B,1.,Wik Norling Jenny,1975,SWE,139.10,0.7053,5,115.0,122.5,125.0,122.5,86.40,12,good,good,failed,,,,https://goodlift.info/scoresheets/scoresheet_w_cl.htm
EUROPEAN POWERLIFTING FEDERATION,European Women's Classic Bench Press Championships (and SOI Event),Druskininkai (Lithuania),02-09.08.2026,SCORESHEET,Masters 2,84+kg,F,Raw,B,2.,Eikefet Kim,1973,NOR,102.20,0.7201,9,92.5,92.5,95.0,95.0,68.41,9,failed,good,good,,,,https://goodlift.info/scoresheets/scoresheet_w_cl.htm
EUROPEAN POWERLIFTING FEDERATION,European Women's Classic Bench Press Championships (and SOI Event),Druskininkai (Lithuania),02-09.08.2026,SCORESHEET,Masters 2,84+kg,F,Raw,B,3.,Ekroth Li,1971,SWE,110.80,0.7141,7,82.5,87.5,92.5,87.5,62.48,8,good,good,failed,,,,https://goodlift.info/scoresheets/scoresheet_w_cl.htm
EUROPEAN POWERLIFTING FEDERATION,European Women's Classic Bench Press Championships (and SOI Event),Druskininkai (Lithuania),02-09.08.2026,SCORESHEET,Masters 2,84+kg,F,Raw,B,4.,Nikitina Natasa,1971,LAT,98.40,0.7238,8,85.0,90.0,90.0,85.0,61.52,7,good,failed,failed,,,,https://goodlift.info/scoresheets/scoresheet_w_cl.htm
EUROPEAN POWERLIFTING FEDERATION,European Women's Classic Bench Press Championships (and SOI Event),Druskininkai (Lithuania),02-09.08.2026,SCORESHEET,Masters 2,84+kg,F,Raw,B,5.,Phasey Kelly,1976,GBR,114.35,0.7122,6,60.0,60.0,60.0,60.0,42.73,6,failed,failed,good,,,,https://goodlift.info/scoresheets/scoresheet_w_cl.htm
EUROPEAN POWERLIFTING FEDERATION,European Women's Classic Bench Press Championships (and SOI Event),Druskininkai (Lithuania),02-09.08.2026,SCORESHEET,Masters 3,-52kg,F,Raw,B,1.,Zodererova Vaclava,1961,CZE,51.00,0.9744,2,42.5,45.0,47.5,45.0,43.85,12,good,good,failed,,,,https://goodlift.info/scoresheets/scoresheet_w_cl.htm
EUROPEAN POWERLIFTING FEDERATION,European Women's Classic Bench Press Championships (and SOI Event),Druskininkai (Lithuania),02-09.08.2026,SCORESHEET,Masters 3,-63kg,F,Raw,B,1.,Westh Maria,1965,SWE,61.40,0.8470,7,62.5,67.5,70.0,67.5,57.17,12,good,good,failed,,,,https://goodlift.info/scoresheets/scoresheet_w_cl.htm
EUROPEAN POWERLIFTING FEDERATION,European Women's Classic Bench Press Championships (and SOI Event),Druskininkai (Lithuania),02-09.08.2026,SCORESHEET,Masters 3,-63kg,F,Raw,B,2.,Salminen Margetta,1961,FIN,62.50,0.8382,6,55.0,60.0,62.5,62.5,52.39,9,good,good,good,,,,https://goodlift.info/scoresheets/scoresheet_w_cl.htm
EUROPEAN POWERLIFTING FEDERATION,European Women's Classic Bench Press Championships (and SOI Event),Druskininkai (Lithuania),02-09.08.2026,SCORESHEET,Masters 3,-63kg,F,Raw,B,3.,Grazuliene Natalija,1957,LTU,61.80,0.8437,8,47.5,50.0,52.5,50.0,42.19,8,good,good,failed,,,,https://goodlift.info/scoresheets/scoresheet_w_cl.htm
EUROPEAN POWERLIFTING FEDERATION,European Women's Classic Bench Press Championships (and SOI Event),Druskininkai (Lithuania),02-09.08.2026,SCORESHEET,Masters 3,-69kg,F,Raw,B,1.,Gangnaes Grete,1962,NOR,64.20,0.8259,13,85.0,90.5-w3,91.5,90.5,74.74,12,good,good,failed,,w3,,https://goodlift.info/scoresheets/scoresheet_w_cl.htm
EUROPEAN POWERLIFTING FEDERATION,European Women's Classic Bench Press Championships (and SOI Event),Druskininkai (Lithuania),02-09.08.2026,SCORESHEET,Masters 3,-69kg,F,Raw,B,2.,Maciejewski Patricia,1961,FRA,68.60,0.7995,12,77.5,82.5,85.0,82.5,65.96,9,good,good,failed,,,,https://goodlift.info/scoresheets/scoresheet_w_cl.htm
EUROPEAN POWERLIFTING FEDERATION,European Women's Classic Bench Press Championships (and SOI Event),Druskininkai (Lithuania),02-09.08.2026,SCORESHEET,Masters 3,-69kg,F,Raw,B,3.,Larsson Viktoria,1966,SWE,66.75,0.8097,14,72.5,77.5,77.5,72.5,58.70,8,good,failed,failed,,,,https://goodlift.info/scoresheets/scoresheet_w_cl.htm
EUROPEAN POWERLIFTING FEDERATION,European Women's Classic Bench Press Championships (and SOI Event),Druskininkai (Lithuania),02-09.08.2026,SCORESHEET,Masters 3,-76kg,F,Raw,B,1.,Sunnarvik Kari Holmen,1966,NOR,71.95,0.7836,17,70.0,75.0,80.0,80.0,62.69,12,good,good,good,,,,https://goodlift.info/scoresheets/scoresheet_w_cl.htm
EUROPEAN POWERLIFTING FEDERATION,European Women's Classic Bench Press Championships (and SOI Event),Druskininkai (Lithuania),02-09.08.2026,SCORESHEET,Masters 3,-76kg,F,Raw,B,2.,Blomgren Asa,1966,SWE,71.40,0.7860,19,70.0,75.0,77.5,75.0,58.95,9,good,good,failed,,,,https://goodlift.info/scoresheets/scoresheet_w_cl.htm
EUROPEAN POWERLIFTING FEDERATION,European Women's Classic Bench Press Championships (and SOI Event),Druskininkai (Lithuania),02-09.08.2026,SCORESHEET,Masters 3,-76kg,F,Raw,B,3.,Stavheim Gro-Berit,1964,NOR,75.20,0.7709,16,75.0,77.5,80.0,75.0,57.82,8,good,failed,failed,,,,https://goodlift.info/scoresheets/scoresheet_w_cl.htm
EUROPEAN POWERLIFTING FEDERATION,European Women's Classic Bench Press Championships (and SOI Event),Druskininkai (Lithuania),02-09.08.2026,SCORESHEET,Masters 3,-76kg,F,Raw,B,4.,Elfleet Liz,1966,GBR,76.00,0.7681,18,37.5,40.0,42.5,40.0,30.72,7,good,good,failed,,,,https://goodlift.info/scoresheets/scoresheet_w_cl.htm
EUROPEAN POWERLIFTING FEDERATION,European Women's Classic Bench Press Championships (and SOI Event),Druskininkai (Lithuania),02-09.08.2026,SCORESHEET,Masters 3,-84kg,F,Raw,B,1.,Vidziuniene Giedre,1966,LTU,76.10,0.7677,9,57.5,60.0,62.5,62.5,47.98,12,good,good,good,,,,https://goodlift.info/scoresheets/scoresheet_w_cl.htm
EUROPEAN POWERLIFTING FEDERATION,European Women's Classic Bench Press Championships (and SOI Event),Druskininkai (Lithuania),02-09.08.2026,SCORESHEET,Masters 3,84+kg,F,Raw,B,1.,Beremark Katarina,1964,SWE,105.00,0.7179,11,87.5,92.5,92.5,92.5,66.40,12,good,failed,good,,,,https://goodlift.info/scoresheets/scoresheet_w_cl.htm
EUROPEAN POWERLIFTING FEDERATION,European Women's Classic Bench Press Championships (and SOI Event),Druskininkai (Lithuania),02-09.08.2026,SCORESHEET,Masters 3,84+kg,F,Raw,B,2.,Karppinen Tiina,1966,FIN,99.70,0.7224,10,40.0,50.0,60.0,50.0,36.12,9,good,good,failed,,,,https://goodlift.info/scoresheets/scoresheet_w_cl.htm
EUROPEAN POWERLIFTING FEDERATION,European Women's Classic Bench Press Championships (and SOI Event),Druskininkai (Lithuania),02-09.08.2026,SCORESHEET,Masters 4,-52kg,F,Raw,B,1.,Heligon Francoise,1943,FRA,50.40,0.9854,1,35.0,37.5,40.0,37.5,36.95,12,good,good,failed,,,,https://goodlift.info/scoresheets/scoresheet_w_cl.htm
EUROPEAN POWERLIFTING FEDERATION,European Women's Classic Bench Press Championships (and SOI Event),Druskininkai (Lithuania),02-09.08.2026,SCORESHEET,Masters 4,-57kg,F,Raw,B,1.,Fernstrom Britten,1949,SWE,56.15,0.8991,3,52.5,55.0,60.5,55.0,49.45,12,good,good,failed,,,,https://goodlift.info/scoresheets/scoresheet_w_cl.htm
EUROPEAN POWERLIFTING FEDERATION,European Women's Classic Bench Press Championships (and SOI Event),Druskininkai (Lithuania),02-09.08.2026,SCORESHEET,Masters 4,-57kg,F,Raw,B,2.,Duboux Andree,1946,FRA,56.20,0.8985,4,42.5,45.0,47.5,47.5,42.68,9,good,good,good,,,,https://goodlift.info/scoresheets/scoresheet_w_cl.htm
EUROPEAN POWERLIFTING FEDERATION,European Women's Classic Bench Press Championships (and SOI Event),Druskininkai (Lithuania),02-09.08.2026,SCORESHEET,Masters 4,-63kg,F,Raw,B,1.,Herbin Evelyne,1956,FRA,60.35,0.8559,5,55.0,60.0,60.0,60.0,51.36,12,good,failed,good,,,,https://goodlift.info/scoresheets/scoresheet_w_cl.htm
EUROPEAN POWERLIFTING FEDERATION,European Women's Classic Bench Press Championships (and SOI Event),Druskininkai (Lithuania),02-09.08.2026,SCORESHEET,Masters 4,-76kg,F,Raw,B,1.,Labat Framboise,1956,FRA,74.50,0.7734,15,72.5,78.0,80.0-w4,80.0,61.87,12,good,good,good,,,w4,https://goodlift.info/scoresheets/scoresheet_w_cl.htm
EUROPEAN POWERLIFTING FEDERATION,European Men's Classic Bench Press Championships (and SOI Event),Druskininkai (Lithuania),02-09.08.2026,SCORESHEET,Open,-59kg,M,Raw,B,1.,Sepiashvili Jaba,2003,GEO,58.70,0.6051,2,170.0,175.5,180.5-w.w j.c.cj,180.5,109.22,12,good,good,good,,,w.w j.c.cj,https://goodlift.info/scoresheets/scoresheet_m_cl.htm
EUROPEAN POWERLIFTING FEDERATION,European Men's Classic Bench Press Championships (and SOI Event),Druskininkai (Lithuania),02-09.08.2026,SCORESHEET,Open,-59kg,M,Raw,B,2.,Brunetti Bryan,2001,ITA,58.60,0.6057,3,137.5,142.5,147.5,142.5,86.31,9,good,good,failed,,,,https://goodlift.info/scoresheets/scoresheet_m_cl.htm
EUROPEAN POWERLIFTING FEDERATION,European Men's Classic Bench Press Championships (and SOI Event),Druskininkai (Lithuania),02-09.08.2026,SCORESHEET,Open,-59kg,M,Raw,B,3.,Paniccia' Alessandro,1997,ITA,58.50,0.6063,4,137.5,142.5,142.5,137.5,83.36,8,good,failed,failed,,,,https://goodlift.info/scoresheets/scoresheet_m_cl.htm
EUROPEAN POWERLIFTING FEDERATION,European Men's Classic Bench Press Championships (and SOI Event),Druskininkai (Lithuania),02-09.08.2026,SCORESHEET,Open,-59kg,M,Raw,B,4.,Gunnarsson Jon Sigurdur,1992,ISL,58.55,0.6060,1,110.0,117.5,117.5,110.0,66.66,7,good,failed,failed,,,,https://goodlift.info/scoresheets/scoresheet_m_cl.htm
EUROPEAN POWERLIFTING FEDERATION,European Men's Classic Bench Press Championships (and SOI Event),Druskininkai (Lithuania),02-09.08.2026,SCORESHEET,Open,-66kg,M,Raw,B,1.,Bezhashvili Tsotne,1985,GEO,65.80,0.5681,6,165.0,170.0,170.0,170.0,96.58,12,good,failed,good,,,,https://goodlift.info/scoresheets/scoresheet_m_cl.htm
EUROPEAN POWERLIFTING FEDERATION,European Men's Classic Bench Press Championships (and SOI Event),Druskininkai (Lithuania),02-09.08.2026,SCORESHEET,Open,-66kg,M,Raw,B,2.,Levionnois Willy,1999,FRA,65.20,0.5710,9,160.0,160.0,165.0,165.0,94.21,9,failed,good,good,,,,https://goodlift.info/scoresheets/scoresheet_m_cl.htm
EUROPEAN POWERLIFTING FEDERATION,European Men's Classic Bench Press Championships (and SOI Event),Druskininkai (Lithuania),02-09.08.2026,SCORESHEET,Open,-66kg,M,Raw,B,3.,Ergin Kemal,2002,NED,63.35,0.5801,8,142.5,147.5,150.0,147.5,85.56,8,good,good,failed,,,,https://goodlift.info/scoresheets/scoresheet_m_cl.htm
EUROPEAN POWERLIFTING FEDERATION,European Men's Classic Bench Press Championships (and SOI Event),Druskininkai (Lithuania),02-09.08.2026,SCORESHEET,Open,-66kg,M,Raw,B,4.,Chernyshov Oleksandr,1966,UKR,65.75,0.5684,5,130.0,137.5-w3,140.0,137.5,78.15,7,good,good,failed,,w3,,https://goodlift.info/scoresheets/scoresheet_m_cl.htm
EUROPEAN POWERLIFTING FEDERATION,European Men's Classic Bench Press Championships (and SOI Event),Druskininkai (Lithuania),02-09.08.2026,SCORESHEET,Open,-66kg,M,Raw,B,—,Lyson Michal,1991,POL,65.60,0.5691,7,130.0,135.0,135.0,DSQ,—,—,failed,failed,failed,,,,https://goodlift.info/scoresheets/scoresheet_m_cl.htm
EUROPEAN POWERLIFTING FEDERATION,European Men's Classic Bench Press Championships (and SOI Event),Druskininkai (Lithuania),02-09.08.2026,SCORESHEET,Open,-74kg,M,Raw,B,1.,Bosari Francesco,1997,ITA,72.90,0.5376,12,182.5,182.5,182.5,182.5,98.11,12,failed,failed,good,,,,https://goodlift.info/scoresheets/scoresheet_m_cl.htm
EUROPEAN POWERLIFTING FEDERATION,European Men's Classic Bench Press Championships (and SOI Event),Druskininkai (Lithuania),02-09.08.2026,SCORESHEET,Open,-74kg,M,Raw,B,2.,Otiashvili Genadi,1987,GEO,72.65,0.5386,14,180.0,187.5,187.5,180.0,96.94,9,good,failed,failed,,,,https://goodlift.info/scoresheets/scoresheet_m_cl.htm
EUROPEAN POWERLIFTING FEDERATION,European Men's Classic Bench Press Championships (and SOI Event),Druskininkai (Lithuania),02-09.08.2026,SCORESHEET,Open,-74kg,M,Raw,B,3.,Goossens Chesney,1992,BEL,74.00,0.5333,15,165.0,170.0,182.5,170.0,90.66,8,good,good,failed,,,,https://goodlift.info/scoresheets/scoresheet_m_cl.htm
EUROPEAN POWERLIFTING FEDERATION,European Men's Classic Bench Press Championships (and SOI Event),Druskininkai (Lithuania),02-09.08.2026,SCORESHEET,Open,-74kg,M,Raw,B,4.,Miller James,2001,GBR,71.65,0.5426,10,150.0,155.0,157.5,155.0,84.10,7,good,good,failed,,,,https://goodlift.info/scoresheets/scoresheet_m_cl.htm
EUROPEAN POWERLIFTING FEDERATION,European Men's Classic Bench Press Championships (and SOI Event),Druskininkai (Lithuania),02-09.08.2026,SCORESHEET,Open,-74kg,M,Raw,B,5.,Rannat Allan,2000,EST,73.55,0.5350,13,152.5,160.0,160.0,152.5,81.59,6,good,failed,failed,,,,https://goodlift.info/scoresheets/scoresheet_m_cl.htm
EUROPEAN POWERLIFTING FEDERATION,European Men's Classic Bench Press Championships (and SOI Event),Druskininkai (Lithuania),02-09.08.2026,SCORESHEET,Open,-74kg,M,Raw,B,6.,Bruni Marco,1988,BEL,72.80,0.5380,11,142.5,147.5,150.0,147.5,79.35,5,good,good,failed,,,,https://goodlift.info/scoresheets/scoresheet_m_cl.htm
EUROPEAN POWERLIFTING FEDERATION,European Men's Classic Bench Press Championships (and SOI Event),Druskininkai (Lithuania),02-09.08.2026,SCORESHEET,Open,-83kg,M,Raw,B,1.,Ciuffreda Libero,1997,ITA,82.35,0.5043,1,200.0,207.5,215.0,215.0,108.43,12,good,good,good,,,,https://goodlift.info/scoresheets/scoresheet_m_cl.htm
EUROPEAN POWERLIFTING FEDERATION,European Men's Classic Bench Press Championships (and SOI Event),Druskininkai (Lithuania),02-09.08.2026,SCORESHEET,Open,-83kg,M,Raw,B,2.,Chuprynko Ivan,1986,UKR,78.30,0.5177,5,200.0,207.5,215.0,207.5,107.42,9,good,good,failed,,,,https://goodlift.info/scoresheets/scoresheet_m_cl.htm
EUROPEAN POWERLIFTING FEDERATION,European Men's Classic Bench Press Championships (and SOI Event),Druskininkai (Lithuania),02-09.08.2026,SCORESHEET,Open,-83kg,M,Raw,B,3.,Stolle Lucas,1999,GBR,82.80,0.5029,7,190.0,200.0,205.0,205.0,103.10,8,good,good,good,,,,https://goodlift.info/scoresheets/scoresheet_m_cl.htm
EUROPEAN POWERLIFTING FEDERATION,European Men's Classic Bench Press Championships (and SOI Event),Druskininkai (Lithuania),02-09.08.2026,SCORESHEET,Open,-83kg,M,Raw,B,4.,Hasselt Jeffrey,1987,NED,82.80,0.5029,6,190.0,197.5,202.5,197.5,99.33,7,good,good,failed,,,,https://goodlift.info/scoresheets/scoresheet_m_cl.htm
EUROPEAN POWERLIFTING FEDERATION,European Men's Classic Bench Press Championships (and SOI Event),Druskininkai (Lithuania),02-09.08.2026,SCORESHEET,Open,-83kg,M,Raw,B,5.,Tsaturian Volodymyr,1995,UKR,82.00,0.5054,8,192.5,200.0,200.0,192.5,97.29,6,good,failed,failed,,,,https://goodlift.info/scoresheets/scoresheet_m_cl.htm
EUROPEAN POWERLIFTING FEDERATION,European Men's Classic Bench Press Championships (and SOI Event),Druskininkai (Lithuania),02-09.08.2026,SCORESHEET,Open,-83kg,M,Raw,B,6.,Sahari Mehdi,1996,FRA,82.70,0.5032,3,175.0,182.5,190.0,190.0,95.61,5,good,good,good,,,,https://goodlift.info/scoresheets/scoresheet_m_cl.htm
EUROPEAN POWERLIFTING FEDERATION,European Men's Classic Bench Press Championships (and SOI Event),Druskininkai (Lithuania),02-09.08.2026,SCORESHEET,Open,-83kg,M,Raw,B,7.,Weiss Stefan,1987,GER,82.60,0.5035,4,165.0,172.5,177.5,177.5,89.38,4,good,good,good,,,,https://goodlift.info/scoresheets/scoresheet_m_cl.htm
EUROPEAN POWERLIFTING FEDERATION,European Men's Classic Bench Press Championships (and SOI Event),Druskininkai (Lithuania),02-09.08.2026,SCORESHEET,Open,-83kg,M,Raw,B,8.,Goisashvili Giorgi,2000,GEO,82.95,0.5024,2,170.0,170.0,177.5,177.5,89.18,3,failed,good,good,,,,https://goodlift.info/scoresheets/scoresheet_m_cl.htm
EUROPEAN POWERLIFTING FEDERATION,European Men's Classic Bench Press Championships (and SOI Event),Druskininkai (Lithuania),02-09.08.2026,SCORESHEET,Open,-93kg,M,Raw,B,1.,Eriksson Josef,1992,SWE,87.95,0.4878,1,207.5,215.0,220.0,215.0,104.87,12,good,good,failed,,,,https://goodlift.info/scoresheets/scoresheet_m_cl.htm
EUROPEAN POWERLIFTING FEDERATION,European Men's Classic Bench Press Championships (and SOI Event),Druskininkai (Lithuania),02-09.08.2026,SCORESHEET,Open,-93kg,M,Raw,B,2.,Ferolo Riccardo,2001,ITA,92.30,0.4762,9,205.0,210.0,217.5,210.0,100.00,9,failed,good,failed,,,,https://goodlift.info/scoresheets/scoresheet_m_cl.htm
EUROPEAN POWERLIFTING FEDERATION,European Men's Classic Bench Press Championships (and SOI Event),Druskininkai (Lithuania),02-09.08.2026,SCORESHEET,Open,-93kg,M,Raw,B,3.,Sjadis Armants,1995,LAT,92.80,0.4749,13,197.5,207.5,210.0,210.0,99.74,8,good,good,good,,,,https://goodlift.info/scoresheets/scoresheet_m_cl.htm
EUROPEAN POWERLIFTING FEDERATION,European Men's Classic Bench Press Championships (and SOI Event),Druskininkai (Lithuania),02-09.08.2026,SCORESHEET,Open,-93kg,M,Raw,B,4.,Brogiato Marco Luigi,1993,ITA,92.55,0.4756,5,192.5,202.5,207.5,207.5,98.68,7,good,failed,good,,,,https://goodlift.info/scoresheets/scoresheet_m_cl.htm
EUROPEAN POWERLIFTING FEDERATION,European Men's Classic Bench Press Championships (and SOI Event),Druskininkai (Lithuania),02-09.08.2026,SCORESHEET,Open,-93kg,M,Raw,B,5.,Bjorgo Onarheim Jarle,1992,NOR,92.75,0.4751,11,207.5,215.0,215.0,207.5,98.58,6,good,failed,failed,,,,https://goodlift.info/scoresheets/scoresheet_m_cl.htm
EUROPEAN POWERLIFTING FEDERATION,European Men's Classic Bench Press Championships (and SOI Event),Druskininkai (Lithuania),02-09.08.2026,SCORESHEET,Open,-93kg,M,Raw,B,6.,Onimowo Dominic,1992,GBR,91.85,0.4773,8,190.0,197.5,202.5,202.5,96.66,5,good,good,good,,,,https://goodlift.info/scoresheets/scoresheet_m_cl.htm
EUROPEAN POWERLIFTING FEDERATION,European Men's Classic Bench Press Championships (and SOI Event),Druskininkai (Lithuania),02-09.08.2026,SCORESHEET,Open,-93kg,M,Raw,B,7.,Kreuzer Lukas,1999,AUT,89.65,0.4831,3,185.0,197.5,207.5,197.5,95.42,4,good,good,failed,,,,https://goodlift.info/scoresheets/scoresheet_m_cl.htm
EUROPEAN POWERLIFTING FEDERATION,European Men's Classic Bench Press Championships (and SOI Event),Druskininkai (Lithuania),02-09.08.2026,SCORESHEET,Open,-93kg,M,Raw,B,8.,Lee Marco,1998,NED,92.20,0.4765,2,192.5,200.0,207.5,192.5,91.72,3,good,failed,failed,,,,https://goodlift.info/scoresheets/scoresheet_m_cl.htm
EUROPEAN POWERLIFTING FEDERATION,European Men's Classic Bench Press Championships (and SOI Event),Druskininkai (Lithuania),02-09.08.2026,SCORESHEET,Open,-93kg,M,Raw,B,9.,Graf Jakob,1992,GER,91.60,0.4780,12,190.0,200.0,200.0,190.0,90.82,2,good,failed,failed,,,,https://goodlift.info/scoresheets/scoresheet_m_cl.htm
EUROPEAN POWERLIFTING FEDERATION,European Men's Classic Bench Press Championships (and SOI Event),Druskininkai (Lithuania),02-09.08.2026,SCORESHEET,Open,-93kg,M,Raw,B,10.,Brisi Robin,1997,GER,91.90,0.4772,6,185.0,190.0,192.5,190.0,90.67,1,good,good,failed,,,,https://goodlift.info/scoresheets/scoresheet_m_cl.htm
EUROPEAN POWERLIFTING FEDERATION,European Men's Classic Bench Press Championships (and SOI Event),Druskininkai (Lithuania),02-09.08.2026,SCORESHEET,Open,-93kg,M,Raw,B,11.,Carter Alin,1999,GBR,92.15,0.4766,4,187.5,187.5,195.0,187.5,89.36,1,failed,good,failed,,,,https://goodlift.info/scoresheets/scoresheet_m_cl.htm
EUROPEAN POWERLIFTING FEDERATION,European Men's Classic Bench Press Championships (and SOI Event),Druskininkai (Lithuania),02-09.08.2026,SCORESHEET,Open,-93kg,M,Raw,B,12.,Hannuksela Eelis,1994,FIN,92.25,0.4763,10,170.0,177.5,182.5,177.5,84.55,1,good,good,failed,,,,https://goodlift.info/scoresheets/scoresheet_m_cl.htm
EUROPEAN POWERLIFTING FEDERATION,European Men's Classic Bench Press Championships (and SOI Event),Druskininkai (Lithuania),02-09.08.2026,SCORESHEET,Open,-93kg,M,Raw,B,13.,Robeyns Aurelien,1994,BEL,91.60,0.4780,7,160.0,165.0,165.0,160.0,76.48,1,good,failed,failed,,,,https://goodlift.info/scoresheets/scoresheet_m_cl.htm
EUROPEAN POWERLIFTING FEDERATION,European Men's Classic Bench Press Championships (and SOI Event),Druskininkai (Lithuania),02-09.08.2026,SCORESHEET,Open,-105kg,M,Raw,B,1.,Reher Hakan,1987,SWE,103.15,0.4515,9,232.5,245.5,251.5-wb. cb,251.5,113.55,12,good,good,good,,,wb. cb,https://goodlift.info/scoresheets/scoresheet_m_cl.htm
EUROPEAN POWERLIFTING FEDERATION,European Men's Classic Bench Press Championships (and SOI Event),Druskininkai (Lithuania),02-09.08.2026,SCORESHEET,Open,-105kg,M,Raw,B,2.,Le Theophile,1991,FRA,105.00,0.4478,7,225.0,235.0,240.0,240.0,107.46,9,good,good,good,,,,https://goodlift.info/scoresheets/scoresheet_m_cl.htm
EUROPEAN POWERLIFTING FEDERATION,European Men's Classic Bench Press Championships (and SOI Event),Druskininkai (Lithuania),02-09.08.2026,SCORESHEET,Open,-105kg,M,Raw,B,3.,Mtiulishvili Levani,1990,GEO,104.25,0.4493,8,210.0,217.5,222.5,222.5,99.96,8,good,good,good,,,,https://goodlift.info/scoresheets/scoresheet_m_cl.htm
EUROPEAN POWERLIFTING FEDERATION,European Men's Classic Bench Press Championships (and SOI Event),Druskininkai (Lithuania),02-09.08.2026,SCORESHEET,Open,-105kg,M,Raw,B,4.,Lindsay Cejai,1998,GBR,104.90,0.4480,3,207.5,217.5,222.5,222.5,99.67,7,good,good,good,,,,https://goodlift.info/scoresheets/scoresheet_m_cl.htm
EUROPEAN POWERLIFTING FEDERATION,European Men's Classic Bench Press Championships (and SOI Event),Druskininkai (Lithuania),02-09.08.2026,SCORESHEET,Open,-105kg,M,Raw,B,5.,Morkvenas Paulius,1992,LTU,104.80,0.4482,6,210.0,220.0,225.0,220.0,98.60,6,good,good,failed,,,,https://goodlift.info/scoresheets/scoresheet_m_cl.htm
EUROPEAN POWERLIFTING FEDERATION,European Men's Classic Bench Press Championships (and SOI Event),Druskininkai (Lithuania),02-09.08.2026,SCORESHEET,Open,-105kg,M,Raw,B,6.,Ornerstedt Steven,1999,SWE,103.75,0.4503,4,205.0,210.0,220.0,210.0,94.56,5,good,good,failed,,,,https://goodlift.info/scoresheets/scoresheet_m_cl.htm
EUROPEAN POWERLIFTING FEDERATION,European Men's Classic Bench Press Championships (and SOI Event),Druskininkai (Lithuania),02-09.08.2026,SCORESHEET,Open,-105kg,M,Raw,B,7.,Zeun Florian,1994,GER,102.65,0.4525,5,192.5,202.5,210.0,202.5,91.63,4,good,good,failed,,,,https://goodlift.info/scoresheets/scoresheet_m_cl.htm
EUROPEAN POWERLIFTING FEDERATION,European Men's Classic Bench Press Championships (and SOI Event),Druskininkai (Lithuania),02-09.08.2026,SCORESHEET,Open,-105kg,M,Raw,B,8.,Wartha Paul,1992,GER,102.15,0.4535,1,195.0,202.5,202.5,195.0,88.44,3,good,failed,failed,,,,https://goodlift.info/scoresheets/scoresheet_m_cl.htm
EUROPEAN POWERLIFTING FEDERATION,European Men's Classic Bench Press Championships (and SOI Event),Druskininkai (Lithuania),02-09.08.2026,SCORESHEET,Open,-105kg,M,Raw,B,—,McGuinness Wesley,1989,GBR,103.20,0.4514,10,185.0,185.0,185.0,DSQ,—,—,failed,failed,failed,,,,https://goodlift.info/scoresheets/scoresheet_m_cl.htm
EUROPEAN POWERLIFTING FEDERATION,European Men's Classic Bench Press Championships (and SOI Event),Druskininkai (Lithuania),02-09.08.2026,SCORESHEET,Open,-120kg,M,Raw,B,1.,Kryha Ivan,1993,UKR,119.40,0.4228,6,245.0,250.0,258.5-cb,258.5,109.29,12,good,good,good,,,cb,https://goodlift.info/scoresheets/scoresheet_m_cl.htm
EUROPEAN POWERLIFTING FEDERATION,European Men's Classic Bench Press Championships (and SOI Event),Druskininkai (Lithuania),02-09.08.2026,SCORESHEET,Open,-120kg,M,Raw,B,2.,Strazdauskas Nerijus,1981,LTU,117.85,0.4252,9,235.0,242.5,245.0,245.0,104.17,9,good,good,good,,,,https://goodlift.info/scoresheets/scoresheet_m_cl.htm
EUROPEAN POWERLIFTING FEDERATION,European Men's Classic Bench Press Championships (and SOI Event),Druskininkai (Lithuania),02-09.08.2026,SCORESHEET,Open,-120kg,M,Raw,B,3.,Gilles Henry-Claude,1995,FRA,119.00,0.4234,12,230.0,245.0,247.5,245.0,103.73,8,good,good,failed,,,,https://goodlift.info/scoresheets/scoresheet_m_cl.htm
EUROPEAN POWERLIFTING FEDERATION,European Men's Classic Bench Press Championships (and SOI Event),Druskininkai (Lithuania),02-09.08.2026,SCORESHEET,Open,-120kg,M,Raw,B,4.,Petkovic Filip,1987,SRB,118.65,0.4239,3,225.0,232.5,245.0,232.5,98.57,7,good,good,failed,,,,https://goodlift.info/scoresheets/scoresheet_m_cl.htm
EUROPEAN POWERLIFTING FEDERATION,European Men's Classic Bench Press Championships (and SOI Event),Druskininkai (Lithuania),02-09.08.2026,SCORESHEET,Open,-120kg,M,Raw,B,5.,Pahls Tommy,1982,SWE,117.00,0.4265,8,217.5,230.0,242.5,230.0,98.10,6,good,good,failed,,,,https://goodlift.info/scoresheets/scoresheet_m_cl.htm
EUROPEAN POWERLIFTING FEDERATION,European Men's Classic Bench Press Championships (and SOI Event),Druskininkai (Lithuania),02-09.08.2026,SCORESHEET,Open,-120kg,M,Raw,B,6.,Jertzimbeck Robin,2000,GER,118.55,0.4241,11,205.0,215.0,220.0,220.0,93.30,5,good,good,good,,,,https://goodlift.info/scoresheets/scoresheet_m_cl.htm
EUROPEAN POWERLIFTING FEDERATION,European Men's Classic Bench Press Championships (and SOI Event),Druskininkai (Lithuania),02-09.08.2026,SCORESHEET,Open,-120kg,M,Raw,B,7.,Erit Argo,1986,EST,115.65,0.4287,1,200.0,210.0,217.5,217.5,93.24,4,good,good,good,,,,https://goodlift.info/scoresheets/scoresheet_m_cl.htm
EUROPEAN POWERLIFTING FEDERATION,European Men's Classic Bench Press Championships (and SOI Event),Druskininkai (Lithuania),02-09.08.2026,SCORESHEET,Open,-120kg,M,Raw,B,8.,Kurazhenko Serhii,1985,UKR,117.60,0.4256,10,217.5,217.5,227.5,217.5,92.56,3,failed,good,failed,,,,https://goodlift.info/scoresheets/scoresheet_m_cl.htm
EUROPEAN POWERLIFTING FEDERATION,European Men's Classic Bench Press Championships (and SOI Event),Druskininkai (Lithuania),02-09.08.2026,SCORESHEET,Open,-120kg,M,Raw,B,9.,Toric Josip,1997,CRO,117.00,0.4265,7,180.0,190.0,192.5,192.5,82.10,2,good,good,good,,,,https://goodlift.info/scoresheets/scoresheet_m_cl.htm
EUROPEAN POWERLIFTING FEDERATION,European Men's Classic Bench Press Championships (and SOI Event),Druskininkai (Lithuania),02-09.08.2026,SCORESHEET,Open,-120kg,M,Raw,B,10.,Tetradze Giorgi,1989,GEO,117.80,0.4253,5,180.0,190.0,195.0,190.0,80.80,1,good,good,failed,,,,https://goodlift.info/scoresheets/scoresheet_m_cl.htm
EUROPEAN POWERLIFTING FEDERATION,European Men's Classic Bench Press Championships (and SOI Event),Druskininkai (Lithuania),02-09.08.2026,SCORESHEET,Open,-120kg,M,Raw,B,—,Paatashvili Tornike,2001,GEO,112.35,0.4342,4,222.5,230.0,242.5,DSQ,—,—,failed,failed,failed,,,,https://goodlift.info/scoresheets/scoresheet_m_cl.htm
EUROPEAN POWERLIFTING FEDERATION,European Men's Classic Bench Press Championships (and SOI Event),Druskininkai (Lithuania),02-09.08.2026,SCORESHEET,Open,120+kg,M,Raw,B,1.,Masse Romuald,1992,FRA,155.70,0.3811,24,240.0,247.5,250.0,250.0,95.27,12,good,good,good,,,,https://goodlift.info/scoresheets/scoresheet_m_cl.htm
EUROPEAN POWERLIFTING FEDERATION,European Men's Classic Bench Press Championships (and SOI Event),Druskininkai (Lithuania),02-09.08.2026,SCORESHEET,Open,120+kg,M,Raw,B,2.,Gibson Ben,1997,GBR,190.10,0.3577,18,225.0,237.5,245.0,245.0,87.64,9,good,failed,good,,,,https://goodlift.info/scoresheets/scoresheet_m_cl.htm
EUROPEAN POWERLIFTING FEDERATION,European Men's Classic Bench Press Championships (and SOI Event),Druskininkai (Lithuania),02-09.08.2026,SCORESHEET,Open,120+kg,M,Raw,B,3.,Jaaskelainen Janne,1982,FIN,137.05,0.3995,13,240.0,247.5,250.0,240.0,95.89,8,good,failed,failed,,,,https://goodlift.info/scoresheets/scoresheet_m_cl.htm
EUROPEAN POWERLIFTING FEDERATION,European Men's Classic Bench Press Championships (and SOI Event),Druskininkai (Lithuania),02-09.08.2026,SCORESHEET,Open,120+kg,M,Raw,B,4.,Slattery John,1989,IRL,152.50,0.3839,21,227.5,235.0,240.0,240.0,92.14,7,good,good,good,,,,https://goodlift.info/scoresheets/scoresheet_m_cl.htm
EUROPEAN POWERLIFTING FEDERATION,European Men's Classic Bench Press Championships (and SOI Event),Druskininkai (Lithuania),02-09.08.2026,SCORESHEET,Open,120+kg,M,Raw,B,5.,Polkovskij Marek,1984,LTU,167.40,0.3719,20,232.5,240.0,245.0,240.0,89.25,6,good,good,failed,,,,https://goodlift.info/scoresheets/scoresheet_m_cl.htm
EUROPEAN POWERLIFTING FEDERATION,European Men's Classic Bench Press Championships (and SOI Event),Druskininkai (Lithuania),02-09.08.2026,SCORESHEET,Open,120+kg,M,Raw,B,6.,Clarkson Adam,1991,GBR,142.20,0.3939,14,225.0,237.5,247.5,237.5,93.55,5,good,good,failed,,,,https://goodlift.info/scoresheets/scoresheet_m_cl.htm
EUROPEAN POWERLIFTING FEDERATION,European Men's Classic Bench Press Championships (and SOI Event),Druskininkai (Lithuania),02-09.08.2026,SCORESHEET,Open,120+kg,M,Raw,B,7.,Budai Kristof Bence,1999,HUN,129.00,0.4093,16,215.0,230.0,242.5,230.0,94.14,4,good,good,failed,,,,https://goodlift.info/scoresheets/scoresheet_m_cl.htm
EUROPEAN POWERLIFTING FEDERATION,European Men's Classic Bench Press Championships (and SOI Event),Druskininkai (Lithuania),02-09.08.2026,SCORESHEET,Open,120+kg,M,Raw,B,8.,Sadowski Piotr,1993,POL,132.65,0.4047,15,230.0,245.0,245.0,230.0,93.09,3,good,failed,failed,,,,https://goodlift.info/scoresheets/scoresheet_m_cl.htm
EUROPEAN POWERLIFTING FEDERATION,European Men's Classic Bench Press Championships (and SOI Event),Druskininkai (Lithuania),02-09.08.2026,SCORESHEET,Open,120+kg,M,Raw,B,9.,Hajnik Samuel,1994,SVK,152.70,0.3837,25,230.0,237.5,237.5,230.0,88.26,2,good,failed,failed,,,,https://goodlift.info/scoresheets/scoresheet_m_cl.htm
EUROPEAN POWERLIFTING FEDERATION,European Men's Classic Bench Press Championships (and SOI Event),Druskininkai (Lithuania),02-09.08.2026,SCORESHEET,Open,120+kg,M,Raw,B,10.,Senkevicius Mantas,1988,LTU,133.75,0.4034,19,220.0,225.0,225.0,220.0,88.75,1,good,failed,failed,,,,https://goodlift.info/scoresheets/scoresheet_m_cl.htm
EUROPEAN POWERLIFTING FEDERATION,European Men's Classic Bench Press Championships (and SOI Event),Druskininkai (Lithuania),02-09.08.2026,SCORESHEET,Open,120+kg,M,Raw,B,11.,Zuanetti Mattia,1995,ITA,139.00,0.3974,22,220.0,220.0,237.5,220.0,87.42,1,failed,good,failed,,,,https://goodlift.info/scoresheets/scoresheet_m_cl.htm
EUROPEAN POWERLIFTING FEDERATION,European Men's Classic Bench Press Championships (and SOI Event),Druskininkai (Lithuania),02-09.08.2026,SCORESHEET,Open,120+kg,M,Raw,B,12.,Caliani Andrei,1989,ROU,161.40,0.3764,23,220.0,225.0,225.0,220.0,82.81,1,good,failed,failed,,,,https://goodlift.info/scoresheets/scoresheet_m_cl.htm
EUROPEAN POWERLIFTING FEDERATION,European Men's Classic Bench Press Championships (and SOI Event),Druskininkai (Lithuania),02-09.08.2026,SCORESHEET,Open,120+kg,M,Raw,B,13.,Bezhitashvili Roini,1991,GEO,147.10,0.3890,17,180.0,190.0,200.0,190.0,73.90,1,good,good,failed,,,,https://goodlift.info/scoresheets/scoresheet_m_cl.htm
EUROPEAN POWERLIFTING FEDERATION,European Men's Classic Bench Press Championships (and SOI Event),Druskininkai (Lithuania),02-09.08.2026,SCORESHEET,Sub-Juniors,-53kg,M,Raw,B,1.,Ferku Noe,2011,HUN,52.30,0.6457,2,110.0,115.0,120.0,120.0,77.48,12,good,good,good,,,,https://goodlift.info/scoresheets/scoresheet_m_cl.htm
EUROPEAN POWERLIFTING FEDERATION,European Men's Classic Bench Press Championships (and SOI Event),Druskininkai (Lithuania),02-09.08.2026,SCORESHEET,Sub-Juniors,-53kg,M,Raw,B,2.,Dziamko Ivan,2009,UKR,52.00,0.6478,3,80.0,87.5,90.0,87.5,56.68,9,good,good,failed,,,,https://goodlift.info/scoresheets/scoresheet_m_cl.htm
EUROPEAN POWERLIFTING FEDERATION,European Men's Classic Bench Press Championships (and SOI Event),Druskininkai (Lithuania),02-09.08.2026,SCORESHEET,Sub-Juniors,-53kg,M,Raw,B,3.,Kikvilashvili Ilia,2011,GEO,52.50,0.6443,1,82.5,87.5,90.0,87.5,56.37,8,good,good,failed,,,,https://goodlift.info/scoresheets/scoresheet_m_cl.htm
EUROPEAN POWERLIFTING FEDERATION,European Men's Classic Bench Press Championships (and SOI Event),Druskininkai (Lithuania),02-09.08.2026,SCORESHEET,Sub-Juniors,-59kg,M,Raw,B,1.,Ferku Donat,2009,HUN,57.40,0.6127,4,130.0,135.0,140.5-cs,140.5,86.09,12,good,good,good,,,cs,https://goodlift.info/scoresheets/scoresheet_m_cl.htm
EUROPEAN POWERLIFTING FEDERATION,European Men's Classic Bench Press Championships (and SOI Event),Druskininkai (Lithuania),02-09.08.2026,SCORESHEET,Sub-Juniors,-59kg,M,Raw,B,2.,Lavikainen Valtteri,2008,FIN,58.95,0.6037,5,112.5,117.5,120.0,117.5,70.93,9,good,good,failed,,,,https://goodlift.info/scoresheets/scoresheet_m_cl.htm
EUROPEAN POWERLIFTING FEDERATION,European Men's Classic Bench Press Championships (and SOI Event),Druskininkai (Lithuania),02-09.08.2026,SCORESHEET,Sub-Juniors,-59kg,M,Raw,B,3.,Tsiklauri Giorgi,2009,GEO,58.60,0.6057,6,105.0,107.5,112.5,112.5,68.14,8,failed,good,good,,,,https://goodlift.info/scoresheets/scoresheet_m_cl.htm
EUROPEAN POWERLIFTING FEDERATION,European Men's Classic Bench Press Championships (and SOI Event),Druskininkai (Lithuania),02-09.08.2026,SCORESHEET,Sub-Juniors,-59kg,M,Raw,B,4.,Sudak Arkadii,2009,UKR,57.80,0.6104,7,95.0,100.0,107.5,100.0,61.04,7,good,good,failed,,,,https://goodlift.info/scoresheets/scoresheet_m_cl.htm
EUROPEAN POWERLIFTING FEDERATION,European Men's Classic Bench Press Championships (and SOI Event),Druskininkai (Lithuania),02-09.08.2026,SCORESHEET,Sub-Juniors,-66kg,M,Raw,B,1.,Gogichaishvili Saba,2008,GEO,65.20,0.5710,12,142.5,147.5,152.5,152.5,87.08,12,good,good,good,,,,https://goodlift.info/scoresheets/scoresheet_m_cl.htm
EUROPEAN POWERLIFTING FEDERATION,European Men's Classic Bench Press Championships (and SOI Event),Druskininkai (Lithuania),02-09.08.2026,SCORESHEET,Sub-Juniors,-66kg,M,Raw,B,2.,Gowland Sam,2008,GBR,65.20,0.5710,10,135.0,142.5,150.0,142.5,81.37,9,good,good,failed,,,,https://goodlift.info/scoresheets/scoresheet_m_cl.htm
EUROPEAN POWERLIFTING FEDERATION,European Men's Classic Bench Press Championships (and SOI Event),Druskininkai (Lithuania),02-09.08.2026,SCORESHEET,Sub-Juniors,-66kg,M,Raw,B,3.,Shahid Ayaan,2009,GBR,65.90,0.5677,11,130.0,137.5,142.5,142.5,80.89,8,good,good,good,,,,https://goodlift.info/scoresheets/scoresheet_m_cl.htm
EUROPEAN POWERLIFTING FEDERATION,European Men's Classic Bench Press Championships (and SOI Event),Druskininkai (Lithuania),02-09.08.2026,SCORESHEET,Sub-Juniors,-66kg,M,Raw,B,4.,Specziar Levente,2009,HUN,65.60,0.5691,13,135.0,140.0,142.5,140.0,79.67,7,good,good,failed,,,,https://goodlift.info/scoresheets/scoresheet_m_cl.htm
EUROPEAN POWERLIFTING FEDERATION,European Men's Classic Bench Press Championships (and SOI Event),Druskininkai (Lithuania),02-09.08.2026,SCORESHEET,Sub-Juniors,-66kg,M,Raw,B,5.,Reunanen Tyrsky,2008,FIN,65.90,0.5677,8,135.0,140.0,145.0,140.0,79.47,6,failed,good,failed,,,,https://goodlift.info/scoresheets/scoresheet_m_cl.htm
EUROPEAN POWERLIFTING FEDERATION,European Men's Classic Bench Press Championships (and SOI Event),Druskininkai (Lithuania),02-09.08.2026,SCORESHEET,Sub-Juniors,-66kg,M,Raw,B,6.,Tymczyszyn Dawid,2009,POL,65.30,0.5705,9,135.0,140.0,140.0,135.0,77.02,5,good,failed,failed,,,,https://goodlift.info/scoresheets/scoresheet_m_cl.htm
EUROPEAN POWERLIFTING FEDERATION,European Men's Classic Bench Press Championships (and SOI Event),Druskininkai (Lithuania),02-09.08.2026,SCORESHEET,Sub-Juniors,-66kg,M,Raw,B,7.,Zilke Jan,2009,GER,65.70,0.5686,14,125.0,132.5,137.5,132.5,75.34,4,good,good,failed,,,,https://goodlift.info/scoresheets/scoresheet_m_cl.htm
EUROPEAN POWERLIFTING FEDERATION,European Men's Classic Bench Press Championships (and SOI Event),Druskininkai (Lithuania),02-09.08.2026,SCORESHEET,Sub-Juniors,-74kg,M,Raw,B,1.,Kartsivadze Goderdzi,2009,GEO,73.80,0.5341,16,175.0,182.5-ws,185.0,182.5,97.47,12,good,good,failed,,ws,,https://goodlift.info/scoresheets/scoresheet_m_cl.htm
EUROPEAN POWERLIFTING FEDERATION,European Men's Classic Bench Press Championships (and SOI Event),Druskininkai (Lithuania),02-09.08.2026,SCORESHEET,Sub-Juniors,-74kg,M,Raw,B,2.,Bochorishvili Saba,2008,GEO,73.85,0.5339,17,145.0,152.5,162.5,152.5,81.42,9,good,good,failed,,,,https://goodlift.info/scoresheets/scoresheet_m_cl.htm
EUROPEAN POWERLIFTING FEDERATION,European Men's Classic Bench Press Championships (and SOI Event),Druskininkai (Lithuania),02-09.08.2026,SCORESHEET,Sub-Juniors,-74kg,M,Raw,B,3.,Bjorkqvist Alexander,2008,FIN,73.10,0.5368,15,135.0,145.0,145.0,135.0,72.47,8,good,failed,failed,,,,https://goodlift.info/scoresheets/scoresheet_m_cl.htm
EUROPEAN POWERLIFTING FEDERATION,European Men's Classic Bench Press Championships (and SOI Event),Druskininkai (Lithuania),02-09.08.2026,SCORESHEET,Sub-Juniors,-83kg,M,Raw,B,1.,Gudmundsson Svanur Berg vins,2009,ISL,81.35,0.5075,2,162.5,167.5,170.0,170.0,86.28,12,good,good,good,,,,https://goodlift.info/scoresheets/scoresheet_m_cl.htm
EUROPEAN POWERLIFTING FEDERATION,European Men's Classic Bench Press Championships (and SOI Event),Druskininkai (Lithuania),02-09.08.2026,SCORESHEET,Sub-Juniors,-83kg,M,Raw,B,2.,Barthe Thomas,2008,FRA,81.55,0.5069,3,160.0,167.5,170.0,170.0,86.17,9,good,failed,good,,,,https://goodlift.info/scoresheets/scoresheet_m_cl.htm
EUROPEAN POWERLIFTING FEDERATION,European Men's Classic Bench Press Championships (and SOI Event),Druskininkai (Lithuania),02-09.08.2026,SCORESHEET,Sub-Juniors,-83kg,M,Raw,B,3.,Jugeli Dimitri,2008,GEO,81.85,0.5059,8,155.0,162.5,167.5,162.5,82.21,8,failed,good,failed,,,,https://goodlift.info/scoresheets/scoresheet_m_cl.htm
EUROPEAN POWERLIFTING FEDERATION,European Men's Classic Bench Press Championships (and SOI Event),Druskininkai (Lithuania),02-09.08.2026,SCORESHEET,Sub-Juniors,-83kg,M,Raw,B,4.,Nabil Wanous,2008,HUN,82.05,0.5053,6,162.5,167.5,170.0,162.5,82.11,7,good,failed,failed,,,,https://goodlift.info/scoresheets/scoresheet_m_cl.htm
EUROPEAN POWERLIFTING FEDERATION,European Men's Classic Bench Press Championships (and SOI Event),Druskininkai (Lithuania),02-09.08.2026,SCORESHEET,Sub-Juniors,-83kg,M,Raw,B,5.,Cekauskas Azuolas,2009,LTU,80.15,0.5114,1,150.0,152.5,157.5,157.5,80.55,6,failed,good,good,,,,https://goodlift.info/scoresheets/scoresheet_m_cl.htm
EUROPEAN POWERLIFTING FEDERATION,European Men's Classic Bench Press Championships (and SOI Event),Druskininkai (Lithuania),02-09.08.2026,SCORESHEET,Sub-Juniors,-83kg,M,Raw,B,6.,Tampin Hari,2009,GBR,81.95,0.5056,9,152.5,157.5,165.0,157.5,79.63,5,failed,good,failed,,,,https://goodlift.info/scoresheets/scoresheet_m_cl.htm
EUROPEAN POWERLIFTING FEDERATION,European Men's Classic Bench Press Championships (and SOI Event),Druskininkai (Lithuania),02-09.08.2026,SCORESHEET,Sub-Juniors,-83kg,M,Raw,B,7.,Maltzen Leopold,2008,GER,81.00,0.5086,7,155.0,162.5,162.5,155.0,78.84,4,good,failed,failed,,,,https://goodlift.info/scoresheets/scoresheet_m_cl.htm
EUROPEAN POWERLIFTING FEDERATION,European Men's Classic Bench Press Championships (and SOI Event),Druskininkai (Lithuania),02-09.08.2026,SCORESHEET,Sub-Juniors,-83kg,M,Raw,B,8.,o'Mahony Shane,2008,IRL,82.15,0.5050,4,145.0,145.0,152.5,145.0,73.22,3,failed,good,failed,,,,https://goodlift.info/scoresheets/scoresheet_m_cl.htm
EUROPEAN POWERLIFTING FEDERATION,European Men's Classic Bench Press Championships (and SOI Event),Druskininkai (Lithuania),02-09.08.2026,SCORESHEET,Sub-Juniors,-83kg,M,Raw,B,9.,Ahmed Sohaib,2008,IRL,82.85,0.5028,5,137.5,137.5,142.5,142.5,71.64,2,failed,good,good,,,,https://goodlift.info/scoresheets/scoresheet_m_cl.htm
EUROPEAN POWERLIFTING FEDERATION,European Men's Classic Bench Press Championships (and SOI Event),Druskininkai (Lithuania),02-09.08.2026,SCORESHEET,Sub-Juniors,-93kg,M,Raw,B,1.,Komisarski Kacper,2008,POL,91.60,0.4780,17,165.0,172.5,177.5,177.5,84.84,12,good,good,good,,,,https://goodlift.info/scoresheets/scoresheet_m_cl.htm
EUROPEAN POWERLIFTING FEDERATION,European Men's Classic Bench Press Championships (and SOI Event),Druskininkai (Lithuania),02-09.08.2026,SCORESHEET,Sub-Juniors,-93kg,M,Raw,B,2.,Kokoszka Wiktor,2009,POL,91.20,0.4790,16,170.0,175.0,177.5,175.0,83.83,9,good,good,failed,,,,https://goodlift.info/scoresheets/scoresheet_m_cl.htm
EUROPEAN POWERLIFTING FEDERATION,European Men's Classic Bench Press Championships (and SOI Event),Druskininkai (Lithuania),02-09.08.2026,SCORESHEET,Sub-Juniors,-93kg,M,Raw,B,3.,Bajer Martin,2009,CZE,90.55,0.4807,15,150.0,157.5,165.0,165.0,79.32,8,good,good,good,,,,https://goodlift.info/scoresheets/scoresheet_m_cl.htm
EUROPEAN POWERLIFTING FEDERATION,European Men's Classic Bench Press Championships (and SOI Event),Druskininkai (Lithuania),02-09.08.2026,SCORESHEET,Sub-Juniors,-93kg,M,Raw,B,4.,Peck Liam,2008,GBR,92.95,0.4746,14,157.5,162.5,167.5,162.5,77.12,7,good,good,failed,,,,https://goodlift.info/scoresheets/scoresheet_m_cl.htm
EUROPEAN POWERLIFTING FEDERATION,European Men's Classic Bench Press Championships (and SOI Event),Druskininkai (Lithuania),02-09.08.2026,SCORESHEET,Sub-Juniors,-93kg,M,Raw,B,5.,Voytsekhovskyy Oleksandr,2008,UKR,90.75,0.4802,18,160.0,165.0,167.5,160.0,76.83,6,good,failed,failed,,,,https://goodlift.info/scoresheets/scoresheet_m_cl.htm
EUROPEAN POWERLIFTING FEDERATION,European Men's Classic Bench Press Championships (and SOI Event),Druskininkai (Lithuania),02-09.08.2026,SCORESHEET,Sub-Juniors,-93kg,M,Raw,B,6.,Petursson Grimur,2008,ISL,87.80,0.4882,12,152.5,160.0,160.0,152.5,74.45,5,good,failed,failed,,,,https://goodlift.info/scoresheets/scoresheet_m_cl.htm
EUROPEAN POWERLIFTING FEDERATION,European Men's Classic Bench Press Championships (and SOI Event),Druskininkai (Lithuania),02-09.08.2026,SCORESHEET,Sub-Juniors,-93kg,M,Raw,B,7.,Milis Airidas,2009,LTU,90.45,0.4810,10,137.5,142.5,145.0,137.5,66.14,4,good,failed,failed,,,,https://goodlift.info/scoresheets/scoresheet_m_cl.htm
EUROPEAN POWERLIFTING FEDERATION,European Men's Classic Bench Press Championships (and SOI Event),Druskininkai (Lithuania),02-09.08.2026,SCORESHEET,Sub-Juniors,-93kg,M,Raw,B,8.,Shuktomov Artemi,2009,EST,87.25,0.4897,11,130.0,135.0,135.0,130.0,63.66,3,good,failed,failed,,,,https://goodlift.info/scoresheets/scoresheet_m_cl.htm
EUROPEAN POWERLIFTING FEDERATION,European Men's Classic Bench Press Championships (and SOI Event),Druskininkai (Lithuania),02-09.08.2026,SCORESHEET,Sub-Juniors,-105kg,M,Raw,B,1.,Tummler Andrej,2008,CZE,96.10,0.4669,3,170.0,177.5,180.0,177.5,82.88,12,good,good,failed,,,,https://goodlift.info/scoresheets/scoresheet_m_cl.htm
EUROPEAN POWERLIFTING FEDERATION,European Men's Classic Bench Press Championships (and SOI Event),Druskininkai (Lithuania),02-09.08.2026,SCORESHEET,Sub-Juniors,-105kg,M,Raw,B,2.,Crellin Ben,2008,GBR,103.40,0.4510,5,165.0,175.0,180.0,175.0,78.92,9,good,good,failed,,,,https://goodlift.info/scoresheets/scoresheet_m_cl.htm
EUROPEAN POWERLIFTING FEDERATION,European Men's Classic Bench Press Championships (and SOI Event),Druskininkai (Lithuania),02-09.08.2026,SCORESHEET,Sub-Juniors,-105kg,M,Raw,B,3.,Louko Sisu,2008,FIN,101.35,0.4552,2,165.0,170.0,175.0,170.0,77.39,8,good,good,failed,,,,https://goodlift.info/scoresheets/scoresheet_m_cl.htm
EUROPEAN POWERLIFTING FEDERATION,European Men's Classic Bench Press Championships (and SOI Event),Druskininkai (Lithuania),02-09.08.2026,SCORESHEET,Sub-Juniors,-105kg,M,Raw,B,4.,Slankauskas Rokas,2008,LTU,104.35,0.4491,7,147.5,155.0,162.5,162.5,72.97,7,good,good,good,,,,https://goodlift.info/scoresheets/scoresheet_m_cl.htm
EUROPEAN POWERLIFTING FEDERATION,European Men's Classic Bench Press Championships (and SOI Event),Druskininkai (Lithuania),02-09.08.2026,SCORESHEET,Sub-Juniors,-105kg,M,Raw,B,5.,Staniszewski Piotr,2008,POL,100.45,0.4571,1,160.0,160.0,170.0,160.0,73.14,6,failed,good,failed,,,,https://goodlift.info/scoresheets/scoresheet_m_cl.htm
EUROPEAN POWERLIFTING FEDERATION,European Men's Classic Bench Press Championships (and SOI Event),Druskininkai (Lithuania),02-09.08.2026,SCORESHEET,Sub-Juniors,-105kg,M,Raw,B,6.,Lehtonen Samuel,2008,FIN,100.55,0.4569,6,160.0,162.5,165.0,160.0,73.11,5,good,failed,failed,,,,https://goodlift.info/scoresheets/scoresheet_m_cl.htm
EUROPEAN POWERLIFTING FEDERATION,European Men's Classic Bench Press Championships (and SOI Event),Druskininkai (Lithuania),02-09.08.2026,SCORESHEET,Sub-Juniors,-105kg,M,Raw,B,7.,Cherneha Artom,2008,UKR,104.30,0.4492,4,140.0,145.0,145.0,140.0,62.88,4,good,failed,failed,,,,https://goodlift.info/scoresheets/scoresheet_m_cl.htm
EUROPEAN POWERLIFTING FEDERATION,European Men's Classic Bench Press Championships (and SOI Event),Druskininkai (Lithuania),02-09.08.2026,SCORESHEET,Sub-Juniors,-120kg,M,Raw,B,1.,Safronov Roman,2008,UKR,117.85,0.4252,10,167.5,175.0,180.0,180.0,76.53,12,good,good,good,,,,https://goodlift.info/scoresheets/scoresheet_m_cl.htm
EUROPEAN POWERLIFTING FEDERATION,European Men's Classic Bench Press Championships (and SOI Event),Druskininkai (Lithuania),02-09.08.2026,SCORESHEET,Sub-Juniors,-120kg,M,Raw,B,2.,Martashvili Tornike,2008,GEO,118.85,0.4236,9,165.0,175.0,177.5,165.0,69.90,9,good,failed,failed,,,,https://goodlift.info/scoresheets/scoresheet_m_cl.htm
EUROPEAN POWERLIFTING FEDERATION,European Men's Classic Bench Press Championships (and SOI Event),Druskininkai (Lithuania),02-09.08.2026,SCORESHEET,Sub-Juniors,-120kg,M,Raw,B,3.,Hrinvald Oleksandr,2008,UKR,111.20,0.4362,8,135.0,145.0,147.5,145.0,63.25,8,good,good,failed,,,,https://goodlift.info/scoresheets/scoresheet_m_cl.htm
EUROPEAN POWERLIFTING FEDERATION,European Men's Classic Bench Press Championships (and SOI Event),Druskininkai (Lithuania),02-09.08.2026,SCORESHEET,Sub-Juniors,-120kg,M,Raw,B,—,Kawecki Mikolaj,2008,POL,115.55,0.4288,11,187.5,187.5,187.5,DSQ,—,—,failed,failed,failed,,,,https://goodlift.info/scoresheets/scoresheet_m_cl.htm
EUROPEAN POWERLIFTING FEDERATION,European Men's Classic Bench Press Championships (and SOI Event),Druskininkai (Lithuania),02-09.08.2026,SCORESHEET,Sub-Juniors,120+kg,M,Raw,B,1.,Samkharadze Merabi,2008,GEO,156.50,0.3804,15,185.0,195.0,205.0,205.0,77.98,12,good,good,good,,,,https://goodlift.info/scoresheets/scoresheet_m_cl.htm
EUROPEAN POWERLIFTING FEDERATION,European Men's Classic Bench Press Championships (and SOI Event),Druskininkai (Lithuania),02-09.08.2026,SCORESHEET,Sub-Juniors,120+kg,M,Raw,B,2.,Kupradze Saba,2008,GEO,134.20,0.4029,12,160.0,175.0,180.0,175.0,70.50,9,good,good,failed,,,,https://goodlift.info/scoresheets/scoresheet_m_cl.htm
EUROPEAN POWERLIFTING FEDERATION,European Men's Classic Bench Press Championships (and SOI Event),Druskininkai (Lithuania),02-09.08.2026,SCORESHEET,Sub-Juniors,120+kg,M,Raw,B,3.,Lurz Aaron Silas,2008,GER,123.80,0.4163,14,150.0,155.0,157.5,157.5,65.57,8,failed,good,good,,,,https://goodlift.info/scoresheets/scoresheet_m_cl.htm
EUROPEAN POWERLIFTING FEDERATION,European Men's Classic Bench Press Championships (and SOI Event),Druskininkai (Lithuania),02-09.08.2026,SCORESHEET,Sub-Juniors,120+kg,M,Raw,B,4.,Sytar Marian,2008,UKR,132.10,0.4054,13,150.0,157.5,157.5,150.0,60.81,7,good,failed,failed,,,,https://goodlift.info/scoresheets/scoresheet_m_cl.htm
EUROPEAN POWERLIFTING FEDERATION,European Men's Classic Bench Press Championships (and SOI Event),Druskininkai (Lithuania),02-09.08.2026,SCORESHEET,Juniors,-53kg,M,Raw,B,1.,Mikautadze Andria,2005,GEO,52.20,0.6464,1,85.0,90.0,95.0,95.0,61.40,12,good,good,good,,,,https://goodlift.info/scoresheets/scoresheet_m_cl.htm
EUROPEAN POWERLIFTING FEDERATION,European Men's Classic Bench Press Championships (and SOI Event),Druskininkai (Lithuania),02-09.08.2026,SCORESHEET,Juniors,-53kg,M,Raw,B,2.,Horhola Bohdan,2004,UKR,52.70,0.6429,2,85.0,92.5,97.5,92.5,59.47,9,good,good,failed,,,,https://goodlift.info/scoresheets/scoresheet_m_cl.htm
EUROPEAN POWERLIFTING FEDERATION,European Men's Classic Bench Press Championships (and SOI Event),Druskininkai (Lithuania),02-09.08.2026,SCORESHEET,Juniors,-59kg,M,Raw,B,1.,Gelashvili Giorgi,2006,GEO,58.80,0.6045,3,150.0,157.5,162.5,157.5,95.22,12,good,good,failed,,,,https://goodlift.info/scoresheets/scoresheet_m_cl.htm
EUROPEAN POWERLIFTING FEDERATION,European Men's Classic Bench Press Championships (and SOI Event),Druskininkai (Lithuania),02-09.08.2026,SCORESHEET,Juniors,-59kg,M,Raw,B,2.,Hryn Andrii,2007,UKR,57.55,0.6118,4,100.0,105.0,107.5,105.0,64.24,9,good,good,failed,,,,https://goodlift.info/scoresheets/scoresheet_m_cl.htm
EUROPEAN POWERLIFTING FEDERATION,European Men's Classic Bench Press Championships (and SOI Event),Druskininkai (Lithuania),02-09.08.2026,SCORESHEET,Juniors,-59kg,M,Raw,B,3.,Bialas Kacper,2003,POL,58.05,0.6089,5,100.0,102.5,107.5,102.5,62.41,8,failed,good,failed,,,,https://goodlift.info/scoresheets/scoresheet_m_cl.htm
EUROPEAN POWERLIFTING FEDERATION,European Men's Classic Bench Press Championships (and SOI Event),Druskininkai (Lithuania),02-09.08.2026,SCORESHEET,Juniors,-66kg,M,Raw,B,1.,Sidanovi Aleko,2003,GEO,65.35,0.5703,11,165.0,172.5,177.5,177.5,101.23,12,good,good,good,,,,https://goodlift.info/scoresheets/scoresheet_m_cl.htm
EUROPEAN POWERLIFTING FEDERATION,European Men's Classic Bench Press Championships (and SOI Event),Druskininkai (Lithuania),02-09.08.2026,SCORESHEET,Juniors,-66kg,M,Raw,B,2.,Bourhy Maxime,2006,FRA,65.20,0.5710,10,152.5,160.0,165.0,160.0,91.36,9,good,good,failed,,,,https://goodlift.info/scoresheets/scoresheet_m_cl.htm
EUROPEAN POWERLIFTING FEDERATION,European Men's Classic Bench Press Championships (and SOI Event),Druskininkai (Lithuania),02-09.08.2026,SCORESHEET,Juniors,-66kg,M,Raw,B,3.,Abramishvili Amirani,2004,GEO,64.60,0.5739,7,150.0,155.0,162.5,155.0,88.95,8,failed,good,failed,,,,https://goodlift.info/scoresheets/scoresheet_m_cl.htm
EUROPEAN POWERLIFTING FEDERATION,European Men's Classic Bench Press Championships (and SOI Event),Druskininkai (Lithuania),02-09.08.2026,SCORESHEET,Juniors,-66kg,M,Raw,B,4.,Balog Vencel,2007,HUN,64.75,0.5732,12,145.0,147.5,147.5,147.5,84.54,7,good,failed,good,,,,https://goodlift.info/scoresheets/scoresheet_m_cl.htm
EUROPEAN POWERLIFTING FEDERATION,European Men's Classic Bench Press Championships (and SOI Event),Druskininkai (Lithuania),02-09.08.2026,SCORESHEET,Juniors,-66kg,M,Raw,B,5.,Ponomarenko Oleksandr,2007,UKR,65.90,0.5677,6,147.5,152.5,152.5,147.5,83.73,6,good,failed,failed,,,,https://goodlift.info/scoresheets/scoresheet_m_cl.htm
EUROPEAN POWERLIFTING FEDERATION,European Men's Classic Bench Press Championships (and SOI Event),Druskininkai (Lithuania),02-09.08.2026,SCORESHEET,Juniors,-66kg,M,Raw,B,6.,Gutauskas Eimantas,2006,LTU,65.95,0.5674,8,130.0,135.0,140.0,135.0,76.60,5,good,good,failed,,,,https://goodlift.info/scoresheets/scoresheet_m_cl.htm
EUROPEAN POWERLIFTING FEDERATION,European Men's Classic Bench Press Championships (and SOI Event),Druskininkai (Lithuania),02-09.08.2026,SCORESHEET,Juniors,-74kg,M,Raw,B,1.,Yngstrom Neo,2004,SWE,70.40,0.5477,9,170.0,175.0,185.0,185.0,101.33,12,good,good,good,,,,https://goodlift.info/scoresheets/scoresheet_m_cl.htm
EUROPEAN POWERLIFTING FEDERATION,European Men's Classic Bench Press Championships (and SOI Event),Druskininkai (Lithuania),02-09.08.2026,SCORESHEET,Juniors,-74kg,M,Raw,B,2.,Gledhill Oli,2006,GBR,73.75,0.5343,10,167.5,175.0,182.5,182.5,97.50,9,good,good,good,,,,https://goodlift.info/scoresheets/scoresheet_m_cl.htm
EUROPEAN POWERLIFTING FEDERATION,European Men's Classic Bench Press Championships (and SOI Event),Druskininkai (Lithuania),02-09.08.2026,SCORESHEET,Juniors,-74kg,M,Raw,B,3.,Bennett Nathan,2005,GBR,71.25,0.5442,6,167.5,175.0,180.0,180.0,97.95,8,good,failed,good,,,,https://goodlift.info/scoresheets/scoresheet_m_cl.htm
EUROPEAN POWERLIFTING FEDERATION,European Men's Classic Bench Press Championships (and SOI Event),Druskininkai (Lithuania),02-09.08.2026,SCORESHEET,Juniors,-74kg,M,Raw,B,4.,Maisuradze Giorgi,2004,GEO,73.40,0.5356,5,170.0,175.0,180.0,180.0,96.41,7,good,good,good,,,,https://goodlift.info/scoresheets/scoresheet_m_cl.htm
EUROPEAN POWERLIFTING FEDERATION,European Men's Classic Bench Press Championships (and SOI Event),Druskininkai (Lithuania),02-09.08.2026,SCORESHEET,Juniors,-74kg,M,Raw,B,5.,Bourson Mateo,2003,FRA,73.85,0.5339,3,165.0,172.5,177.5,177.5,94.76,6,good,good,good,,,,https://goodlift.info/scoresheets/scoresheet_m_cl.htm
EUROPEAN POWERLIFTING FEDERATION,European Men's Classic Bench Press Championships (and SOI Event),Druskininkai (Lithuania),02-09.08.2026,SCORESHEET,Juniors,-74kg,M,Raw,B,6.,Vyncke Milan,2004,BEL,73.45,0.5354,8,157.5,167.5,175.0,175.0,93.70,5,good,good,good,,,,https://goodlift.info/scoresheets/scoresheet_m_cl.htm
EUROPEAN POWERLIFTING FEDERATION,European Men's Classic Bench Press Championships (and SOI Event),Druskininkai (Lithuania),02-09.08.2026,SCORESHEET,Juniors,-74kg,M,Raw,B,7.,Ohrstrom Edvin,2003,SWE,72.60,0.5387,12,165.0,172.5,177.5,172.5,92.93,4,good,good,failed,,,,https://goodlift.info/scoresheets/scoresheet_m_cl.htm
EUROPEAN POWERLIFTING FEDERATION,European Men's Classic Bench Press Championships (and SOI Event),Druskininkai (Lithuania),02-09.08.2026,SCORESHEET,Juniors,-74kg,M,Raw,B,8.,Kolodziejczyk Michal,2004,POL,73.10,0.5368,4,167.5,175.0,177.5,167.5,89.91,3,good,failed,failed,,,,https://goodlift.info/scoresheets/scoresheet_m_cl.htm
EUROPEAN POWERLIFTING FEDERATION,European Men's Classic Bench Press Championships (and SOI Event),Druskininkai (Lithuania),02-09.08.2026,SCORESHEET,Juniors,-74kg,M,Raw,B,9.,Gelagutashvili Givi,2006,GEO,72.35,0.5397,1,160.0,165.0,165.0,160.0,86.36,2,good,failed,failed,,,,https://goodlift.info/scoresheets/scoresheet_m_cl.htm
EUROPEAN POWERLIFTING FEDERATION,European Men's Classic Bench Press Championships (and SOI Event),Druskininkai (Lithuania),02-09.08.2026,SCORESHEET,Juniors,-74kg,M,Raw,B,10.,Calo' Brando,2005,ITA,72.45,0.5393,11,155.0,155.0,167.5,155.0,83.60,1,failed,good,failed,,,,https://goodlift.info/scoresheets/scoresheet_m_cl.htm
EUROPEAN POWERLIFTING FEDERATION,European Men's Classic Bench Press Championships (and SOI Event),Druskininkai (Lithuania),02-09.08.2026,SCORESHEET,Juniors,-74kg,M,Raw,B,11.,Saduika Tauras,2004,LTU,73.70,0.5345,7,150.0,155.0,157.5,155.0,82.84,1,good,good,failed,,,,https://goodlift.info/scoresheets/scoresheet_m_cl.htm
EUROPEAN POWERLIFTING FEDERATION,European Men's Classic Bench Press Championships (and SOI Event),Druskininkai (Lithuania),02-09.08.2026,SCORESHEET,Juniors,-83kg,M,Raw,B,1.,Lundgren Emil,2003,SWE,83.00,0.5023,12,197.5,202.5,210.0,202.5,101.71,12,good,good,failed,,,,https://goodlift.info/scoresheets/scoresheet_m_cl.htm
EUROPEAN POWERLIFTING FEDERATION,European Men's Classic Bench Press Championships (and SOI Event),Druskininkai (Lithuania),02-09.08.2026,SCORESHEET,Juniors,-83kg,M,Raw,B,2.,Hutterer Niklas,2007,AUT,82.10,0.5051,5,185.0,192.5,202.5,192.5,97.23,9,good,good,failed,,,,https://goodlift.info/scoresheets/scoresheet_m_cl.htm
EUROPEAN POWERLIFTING FEDERATION,European Men's Classic Bench Press Championships (and SOI Event),Druskininkai (Lithuania),02-09.08.2026,SCORESHEET,Juniors,-83kg,M,Raw,B,3.,Ducharme Theo,2003,FRA,82.35,0.5043,13,180.0,190.0,195.0,190.0,95.82,8,good,good,failed,,,,https://goodlift.info/scoresheets/scoresheet_m_cl.htm
EUROPEAN POWERLIFTING FEDERATION,European Men's Classic Bench Press Championships (and SOI Event),Druskininkai (Lithuania),02-09.08.2026,SCORESHEET,Juniors,-83kg,M,Raw,B,4.,Panjakidze Daviti,2006,GEO,82.30,0.5045,7,177.5,182.5,190.0,182.5,92.07,7,good,good,failed,,,,https://goodlift.info/scoresheets/scoresheet_m_cl.htm
EUROPEAN POWERLIFTING FEDERATION,European Men's Classic Bench Press Championships (and SOI Event),Druskininkai (Lithuania),02-09.08.2026,SCORESHEET,Juniors,-83kg,M,Raw,B,5.,Balint Patrik,2004,HUN,83.00,0.5023,6,172.5,180.0,180.0,180.0,90.41,6,good,failed,good,,,,https://goodlift.info/scoresheets/scoresheet_m_cl.htm
EUROPEAN POWERLIFTING FEDERATION,European Men's Classic Bench Press Championships (and SOI Event),Druskininkai (Lithuania),02-09.08.2026,SCORESHEET,Juniors,-83kg,M,Raw,B,6.,Miroshnychenko Zakhar,2006,UKR,82.50,0.5039,8,165.0,175.0,180.0,175.0,88.17,5,good,good,failed,,,,https://goodlift.info/scoresheets/scoresheet_m_cl.htm
EUROPEAN POWERLIFTING FEDERATION,European Men's Classic Bench Press Championships (and SOI Event),Druskininkai (Lithuania),02-09.08.2026,SCORESHEET,Juniors,-83kg,M,Raw,B,7.,de Louw Bruno,2003,NED,80.55,0.5101,3,165.0,170.0,172.5,172.5,87.99,4,good,good,good,,,,https://goodlift.info/scoresheets/scoresheet_m_cl.htm
EUROPEAN POWERLIFTING FEDERATION,European Men's Classic Bench Press Championships (and SOI Event),Druskininkai (Lithuania),02-09.08.2026,SCORESHEET,Juniors,-83kg,M,Raw,B,8.,Lai Anderson,2003,GBR,81.95,0.5056,4,165.0,172.5,175.0,172.5,87.21,3,good,good,failed,,,,https://goodlift.info/scoresheets/scoresheet_m_cl.htm
EUROPEAN POWERLIFTING FEDERATION,European Men's Classic Bench Press Championships (and SOI Event),Druskininkai (Lithuania),02-09.08.2026,SCORESHEET,Juniors,-83kg,M,Raw,B,9.,Eriksson Jonathan,2004,SWE,82.40,0.5042,9,155.0,165.0,172.5,172.5,86.97,2,good,good,good,,,,https://goodlift.info/scoresheets/scoresheet_m_cl.htm
EUROPEAN POWERLIFTING FEDERATION,European Men's Classic Bench Press Championships (and SOI Event),Druskininkai (Lithuania),02-09.08.2026,SCORESHEET,Juniors,-83kg,M,Raw,B,10.,Maselskis Erminijus,2004,LTU,81.30,0.5077,11,165.0,170.0,170.0,170.0,86.30,1,good,failed,good,,,,https://goodlift.info/scoresheets/scoresheet_m_cl.htm
EUROPEAN POWERLIFTING FEDERATION,European Men's Classic Bench Press Championships (and SOI Event),Druskininkai (Lithuania),02-09.08.2026,SCORESHEET,Juniors,-83kg,M,Raw,B,11.,Mateusiak Hubert,2006,POL,80.65,0.5098,1,165.0,170.0,170.0,165.0,84.11,1,good,failed,failed,,,,https://goodlift.info/scoresheets/scoresheet_m_cl.htm
EUROPEAN POWERLIFTING FEDERATION,European Men's Classic Bench Press Championships (and SOI Event),Druskininkai (Lithuania),02-09.08.2026,SCORESHEET,Juniors,-83kg,M,Raw,B,12.,Perlik Krzysztof,2004,POL,82.40,0.5042,2,155.0,155.0,160.0,155.0,78.15,1,failed,good,failed,,,,https://goodlift.info/scoresheets/scoresheet_m_cl.htm
EUROPEAN POWERLIFTING FEDERATION,European Men's Classic Bench Press Championships (and SOI Event),Druskininkai (Lithuania),02-09.08.2026,SCORESHEET,Juniors,-83kg,M,Raw,B,13.,Dirda Tomas,2006,LTU,81.40,0.5073,10,100.0,120.0,130.0,120.0,60.88,1,good,good,failed,,,,https://goodlift.info/scoresheets/scoresheet_m_cl.htm
EUROPEAN POWERLIFTING FEDERATION,European Men's Classic Bench Press Championships (and SOI Event),Druskininkai (Lithuania),02-09.08.2026,SCORESHEET,Juniors,-93kg,M,Raw,B,1.,Grandl Jakob,2005,AUT,91.90,0.4772,6,192.5,202.5,205.0,205.0,97.83,12,good,good,good,,,,https://goodlift.info/scoresheets/scoresheet_m_cl.htm
EUROPEAN POWERLIFTING FEDERATION,European Men's Classic Bench Press Championships (and SOI Event),Druskininkai (Lithuania),02-09.08.2026,SCORESHEET,Juniors,-93kg,M,Raw,B,2.,Benonysson Benony Helgi,2003,ISL,91.85,0.4773,7,190.0,200.0,202.5,202.5,96.66,9,good,failed,good,,,,https://goodlift.info/scoresheets/scoresheet_m_cl.htm
EUROPEAN POWERLIFTING FEDERATION,European Men's Classic Bench Press Championships (and SOI Event),Druskininkai (Lithuania),02-09.08.2026,SCORESHEET,Juniors,-93kg,M,Raw,B,3.,Acosta Sebastian,2003,SWE,90.60,0.4806,10,182.5,192.5,202.5,192.5,92.51,8,good,good,failed,,,,https://goodlift.info/scoresheets/scoresheet_m_cl.htm
EUROPEAN POWERLIFTING FEDERATION,European Men's Classic Bench Press Championships (and SOI Event),Druskininkai (Lithuania),02-09.08.2026,SCORESHEET,Juniors,-93kg,M,Raw,B,4.,Juodis Ernestas,2007,LTU,85.85,0.4937,3,180.0,187.5,192.5,187.5,92.57,7,good,good,failed,,,,https://goodlift.info/scoresheets/scoresheet_m_cl.htm
EUROPEAN POWERLIFTING FEDERATION,European Men's Classic Bench Press Championships (and SOI Event),Druskininkai (Lithuania),02-09.08.2026,SCORESHEET,Juniors,-93kg,M,Raw,B,5.,Bassarab Yurii,2005,UKR,90.10,0.4819,12,175.0,185.0,190.0,185.0,89.15,6,good,good,failed,,,,https://goodlift.info/scoresheets/scoresheet_m_cl.htm
EUROPEAN POWERLIFTING FEDERATION,European Men's Classic Bench Press Championships (and SOI Event),Druskininkai (Lithuania),02-09.08.2026,SCORESHEET,Juniors,-93kg,M,Raw,B,6.,Rozanski Damian,2003,POL,91.35,0.4786,11,175.0,182.5,190.0,182.5,87.35,5,good,good,failed,,,,https://goodlift.info/scoresheets/scoresheet_m_cl.htm
EUROPEAN POWERLIFTING FEDERATION,European Men's Classic Bench Press Championships (and SOI Event),Druskininkai (Lithuania),02-09.08.2026,SCORESHEET,Juniors,-93kg,M,Raw,B,7.,Spyra Przemyslaw,2006,POL,91.75,0.4776,4,170.0,177.5,182.5,182.5,87.16,4,good,good,good,,,,https://goodlift.info/scoresheets/scoresheet_m_cl.htm
EUROPEAN POWERLIFTING FEDERATION,European Men's Classic Bench Press Championships (and SOI Event),Druskininkai (Lithuania),02-09.08.2026,SCORESHEET,Juniors,-93kg,M,Raw,B,8.,Cepas Kristupas,2004,LTU,92.80,0.4749,5,170.0,170.0,182.5,182.5,86.68,3,failed,good,good,,,,https://goodlift.info/scoresheets/scoresheet_m_cl.htm
EUROPEAN POWERLIFTING FEDERATION,European Men's Classic Bench Press Championships (and SOI Event),Druskininkai (Lithuania),02-09.08.2026,SCORESHEET,Juniors,-93kg,M,Raw,B,9.,Jahn Oliwier,2007,AUT,92.40,0.4759,8,165.0,172.5,177.5,177.5,84.48,2,good,good,good,,,,https://goodlift.info/scoresheets/scoresheet_m_cl.htm
EUROPEAN POWERLIFTING FEDERATION,European Men's Classic Bench Press Championships (and SOI Event),Druskininkai (Lithuania),02-09.08.2026,SCORESHEET,Juniors,-93kg,M,Raw,B,10.,Racsko Gergo,2003,HUN,92.50,0.4757,2,172.5,177.5,180.0,177.5,84.44,1,good,good,failed,,,,https://goodlift.info/scoresheets/scoresheet_m_cl.htm
EUROPEAN POWERLIFTING FEDERATION,European Men's Classic Bench Press Championships (and SOI Event),Druskininkai (Lithuania),02-09.08.2026,SCORESHEET,Juniors,-93kg,M,Raw,B,11.,Preuss Joshua,2003,IRL,92.60,0.4754,1,162.5,170.0,172.5,172.5,82.01,1,good,good,good,,,,https://goodlift.info/scoresheets/scoresheet_m_cl.htm
EUROPEAN POWERLIFTING FEDERATION,European Men's Classic Bench Press Championships (and SOI Event),Druskininkai (Lithuania),02-09.08.2026,SCORESHEET,Juniors,-93kg,M,Raw,B,12.,Heath Tyler,2005,GBR,91.90,0.4772,9,165.0,170.0,172.5,170.0,81.13,1,good,good,failed,,,,https://goodlift.info/scoresheets/scoresheet_m_cl.htm
EUROPEAN POWERLIFTING FEDERATION,European Men's Classic Bench Press Championships (and SOI Event),Druskininkai (Lithuania),02-09.08.2026,SCORESHEET,Juniors,-105kg,M,Raw,B,1.,Viatkin Artur,2003,UKR,104.00,0.4498,4,192.5,202.5,205.0,202.5,91.08,12,good,good,failed,,,,https://goodlift.info/scoresheets/scoresheet_m_cl.htm
EUROPEAN POWERLIFTING FEDERATION,European Men's Classic Bench Press Championships (and SOI Event),Druskininkai (Lithuania),02-09.08.2026,SCORESHEET,Juniors,-105kg,M,Raw,B,2.,Jarvenpaa Hermanni,2003,FIN,104.65,0.4485,5,190.0,197.5,200.0,200.0,89.69,9,good,good,good,,,,https://goodlift.info/scoresheets/scoresheet_m_cl.htm
EUROPEAN POWERLIFTING FEDERATION,European Men's Classic Bench Press Championships (and SOI Event),Druskininkai (Lithuania),02-09.08.2026,SCORESHEET,Juniors,-105kg,M,Raw,B,3.,Moser Moritz,2006,GER,102.50,0.4528,2,180.0,190.0,197.5,197.5,89.43,8,good,good,good,,,,https://goodlift.info/scoresheets/scoresheet_m_cl.htm
EUROPEAN POWERLIFTING FEDERATION,European Men's Classic Bench Press Championships (and SOI Event),Druskininkai (Lithuania),02-09.08.2026,SCORESHEET,Juniors,-105kg,M,Raw,B,4.,Zajac Mikolaj,2005,POL,103.10,0.4516,1,182.5,192.5,200.0,192.5,86.93,7,good,good,failed,,,,https://goodlift.info/scoresheets/scoresheet_m_cl.htm
EUROPEAN POWERLIFTING FEDERATION,European Men's Classic Bench Press Championships (and SOI Event),Druskininkai (Lithuania),02-09.08.2026,SCORESHEET,Juniors,-105kg,M,Raw,B,5.,Ignotas Gvidas,2006,LTU,95.35,0.4687,3,170.0,177.5,180.0,180.0,84.37,6,good,good,good,,,,https://goodlift.info/scoresheets/scoresheet_m_cl.htm
EUROPEAN POWERLIFTING FEDERATION,European Men's Classic Bench Press Championships (and SOI Event),Druskininkai (Lithuania),02-09.08.2026,SCORESHEET,Juniors,-105kg,M,Raw,B,6.,o'Dea Aaron,2004,IRL,102.10,0.4537,9,167.5,175.0,180.0,180.0,81.66,5,good,good,good,,,,https://goodlift.info/scoresheets/scoresheet_m_cl.htm
EUROPEAN POWERLIFTING FEDERATION,European Men's Classic Bench Press Championships (and SOI Event),Druskininkai (Lithuania),02-09.08.2026,SCORESHEET,Juniors,-105kg,M,Raw,B,7.,Forsell Eetu,2007,FIN,104.75,0.4483,8,167.5,172.5,180.0,180.0,80.69,4,good,good,good,,,,https://goodlift.info/scoresheets/scoresheet_m_cl.htm
EUROPEAN POWERLIFTING FEDERATION,European Men's Classic Bench Press Championships (and SOI Event),Druskininkai (Lithuania),02-09.08.2026,SCORESHEET,Juniors,-105kg,M,Raw,B,8.,Skjaldberg Thordur,2006,ISL,103.40,0.4510,7,170.0,175.0,182.5,175.0,78.92,3,good,good,failed,,,,https://goodlift.info/scoresheets/scoresheet_m_cl.htm
EUROPEAN POWERLIFTING FEDERATION,European Men's Classic Bench Press Championships (and SOI Event),Druskininkai (Lithuania),02-09.08.2026,SCORESHEET,Juniors,-120kg,M,Raw,B,1.,van Essen Yuri,2003,NED,118.45,0.4242,7,200.0,205.0,210.0,210.0,89.09,12,good,good,good,,,,https://goodlift.info/scoresheets/scoresheet_m_cl.htm
EUROPEAN POWERLIFTING FEDERATION,European Men's Classic Bench Press Championships (and SOI Event),Druskininkai (Lithuania),02-09.08.2026,SCORESHEET,Juniors,-120kg,M,Raw,B,2.,Giorgadze Saba,2006,GEO,115.40,0.4291,2,190.0,200.0,207.5,207.5,89.04,9,good,good,good,,,,https://goodlift.info/scoresheets/scoresheet_m_cl.htm
EUROPEAN POWERLIFTING FEDERATION,European Men's Classic Bench Press Championships (and SOI Event),Druskininkai (Lithuania),02-09.08.2026,SCORESHEET,Juniors,-120kg,M,Raw,B,3.,Lehner Philipp,2003,AUT,118.70,0.4239,4,195.0,197.5,205.0,205.0,86.89,8,failed,good,good,,,,https://goodlift.info/scoresheets/scoresheet_m_cl.htm
EUROPEAN POWERLIFTING FEDERATION,European Men's Classic Bench Press Championships (and SOI Event),Druskininkai (Lithuania),02-09.08.2026,SCORESHEET,Juniors,-120kg,M,Raw,B,4.,Bairamov Erik,2005,EST,119.40,0.4228,5,192.5,202.5,207.5,202.5,85.61,7,good,good,failed,,,,https://goodlift.info/scoresheets/scoresheet_m_cl.htm
EUROPEAN POWERLIFTING FEDERATION,European Men's Classic Bench Press Championships (and SOI Event),Druskininkai (Lithuania),02-09.08.2026,SCORESHEET,Juniors,-120kg,M,Raw,B,5.,Walsh Barry,2004,IRL,119.30,0.4229,3,182.5,195.0,202.5,195.0,82.47,6,good,good,failed,,,,https://goodlift.info/scoresheets/scoresheet_m_cl.htm
EUROPEAN POWERLIFTING FEDERATION,European Men's Classic Bench Press Championships (and SOI Event),Druskininkai (Lithuania),02-09.08.2026,SCORESHEET,Juniors,-120kg,M,Raw,B,6.,Albert Luca,2004,GER,109.30,0.4396,6,165.0,177.5,182.5,182.5,80.23,5,good,good,good,,,,https://goodlift.info/scoresheets/scoresheet_m_cl.htm
EUROPEAN POWERLIFTING FEDERATION,European Men's Classic Bench Press Championships (and SOI Event),Druskininkai (Lithuania),02-09.08.2026,SCORESHEET,Juniors,-120kg,M,Raw,B,7.,James William,2003,GBR,119.70,0.4223,1,172.5,182.5,190.0,182.5,77.08,4,good,good,failed,,,,https://goodlift.info/scoresheets/scoresheet_m_cl.htm
EUROPEAN POWERLIFTING FEDERATION,European Men's Classic Bench Press Championships (and SOI Event),Druskininkai (Lithuania),02-09.08.2026,SCORESHEET,Juniors,-120kg,M,Raw,B,8.,Rantala Ossi,2005,FIN,118.20,0.4246,8,172.5,180.0,185.0,172.5,73.25,3,good,failed,failed,,,,https://goodlift.info/scoresheets/scoresheet_m_cl.htm
EUROPEAN POWERLIFTING FEDERATION,European Men's Classic Bench Press Championships (and SOI Event),Druskininkai (Lithuania),02-09.08.2026,SCORESHEET,Juniors,120+kg,M,Raw,B,1.,Cizmak Dino,2007,CRO,164.20,0.3742,10,217.5,222.5,232.5,232.5,87.01,12,good,good,good,,,,https://goodlift.info/scoresheets/scoresheet_m_cl.htm
EUROPEAN POWERLIFTING FEDERATION,European Men's Classic Bench Press Championships (and SOI Event),Druskininkai (Lithuania),02-09.08.2026,SCORESHEET,Juniors,120+kg,M,Raw,B,2.,Brych Yaroslav,2005,UKR,142.40,0.3937,13,215.0,220.0,222.5,220.0,86.61,9,good,good,failed,,,,https://goodlift.info/scoresheets/scoresheet_m_cl.htm
EUROPEAN POWERLIFTING FEDERATION,European Men's Classic Bench Press Championships (and SOI Event),Druskininkai (Lithuania),02-09.08.2026,SCORESHEET,Juniors,120+kg,M,Raw,B,3.,Jakubik Branko,2003,SVK,140.95,0.3952,11,190.0,195.0,195.0,190.0,75.09,8,good,failed,failed,,,,https://goodlift.info/scoresheets/scoresheet_m_cl.htm
EUROPEAN POWERLIFTING FEDERATION,European Men's Classic Bench Press Championships (and SOI Event),Druskininkai (Lithuania),02-09.08.2026,SCORESHEET,Juniors,120+kg,M,Raw,B,4.,Csinos-Kovacs Tamas,2003,HUN,152.70,0.3837,14,190.0,195.0,195.0,190.0,72.91,7,good,failed,failed,,,,https://goodlift.info/scoresheets/scoresheet_m_cl.htm
EUROPEAN POWERLIFTING FEDERATION,European Men's Classic Bench Press Championships (and SOI Event),Druskininkai (Lithuania),02-09.08.2026,SCORESHEET,Juniors,120+kg,M,Raw,B,5.,Darchashvili Nika,2007,GEO,142.10,0.3940,12,180.0,187.5,192.5,180.0,70.92,6,good,failed,failed,,,,https://goodlift.info/scoresheets/scoresheet_m_cl.htm
EUROPEAN POWERLIFTING FEDERATION,European Men's Classic Bench Press Championships (and SOI Event),Druskininkai (Lithuania),02-09.08.2026,SCORESHEET,Masters 1,-59kg,M,Raw,B,1.,Berzanskis Vitoldas,1980,LTU,57.65,0.6113,2,95.0,97.5,100.0,97.5,59.60,12,good,good,failed,,,,https://goodlift.info/scoresheets/scoresheet_m_cl.htm
EUROPEAN POWERLIFTING FEDERATION,European Men's Classic Bench Press Championships (and SOI Event),Druskininkai (Lithuania),02-09.08.2026,SCORESHEET,Masters 1,-59kg,M,Raw,B,2.,Herlant Mickael,1984,FRA,57.70,0.6110,1,95.0,100.0,100.0,95.0,58.04,9,good,failed,failed,,,,https://goodlift.info/scoresheets/scoresheet_m_cl.htm
EUROPEAN POWERLIFTING FEDERATION,European Men's Classic Bench Press Championships (and SOI Event),Druskininkai (Lithuania),02-09.08.2026,SCORESHEET,Masters 1,-66kg,M,Raw,B,1.,Bejashvili Giorgi,1980,GEO,65.20,0.5710,4,130.0,140.0,145.0,145.0,82.79,12,good,good,good,,,,https://goodlift.info/scoresheets/scoresheet_m_cl.htm
EUROPEAN POWERLIFTING FEDERATION,European Men's Classic Bench Press Championships (and SOI Event),Druskininkai (Lithuania),02-09.08.2026,SCORESHEET,Masters 1,-66kg,M,Raw,B,2.,Houas Mehdi,1977,FRA,65.70,0.5686,5,130.0,135.0,135.0,135.0,76.76,9,good,failed,good,,,,https://goodlift.info/scoresheets/scoresheet_m_cl.htm
EUROPEAN POWERLIFTING FEDERATION,European Men's Classic Bench Press Championships (and SOI Event),Druskininkai (Lithuania),02-09.08.2026,SCORESHEET,Masters 1,-66kg,M,Raw,B,3.,Zhinchyn Nazar,1983,UKR,66.00,0.5672,3,120.0,127.5,132.5,132.5,75.15,8,good,good,good,,,,https://goodlift.info/scoresheets/scoresheet_m_cl.htm
EUROPEAN POWERLIFTING FEDERATION,European Men's Classic Bench Press Championships (and SOI Event),Druskininkai (Lithuania),02-09.08.2026,SCORESHEET,Masters 1,-74kg,M,Raw,B,1.,Wirek Bartlomiej,1983,POL,73.75,0.5343,7,172.5,177.5,183.0,177.5,94.83,12,good,good,failed,,,,https://goodlift.info/scoresheets/scoresheet_m_cl.htm
EUROPEAN POWERLIFTING FEDERATION,European Men's Classic Bench Press Championships (and SOI Event),Druskininkai (Lithuania),02-09.08.2026,SCORESHEET,Masters 1,-74kg,M,Raw,B,2.,Cviguns Sergejs,1980,LAT,72.40,0.5395,8,145.0,152.5,162.5,152.5,82.28,9,good,good,failed,,,,https://goodlift.info/scoresheets/scoresheet_m_cl.htm
EUROPEAN POWERLIFTING FEDERATION,European Men's Classic Bench Press Championships (and SOI Event),Druskininkai (Lithuania),02-09.08.2026,SCORESHEET,Masters 1,-74kg,M,Raw,B,—,Balawejder Adam,1981,POL,73.90,0.5337,6,165.0,165.0,X,DSQ,—,—,failed,failed,good,,,,https://goodlift.info/scoresheets/scoresheet_m_cl.htm
EUROPEAN POWERLIFTING FEDERATION,European Men's Classic Bench Press Championships (and SOI Event),Druskininkai (Lithuania),02-09.08.2026,SCORESHEET,Masters 1,-83kg,M,Raw,B,1.,Giligashvili Levani,1982,GEO,82.90,0.5026,10,177.5,185.0,190.0,185.0,92.98,12,good,good,failed,,,,https://goodlift.info/scoresheets/scoresheet_m_cl.htm
EUROPEAN POWERLIFTING FEDERATION,European Men's Classic Bench Press Championships (and SOI Event),Druskininkai (Lithuania),02-09.08.2026,SCORESHEET,Masters 1,-83kg,M,Raw,B,2.,Vaskivuori Jani,1985,FIN,79.80,0.5126,11,160.0,165.0,167.5,167.5,85.86,9,good,good,good,,,,https://goodlift.info/scoresheets/scoresheet_m_cl.htm
EUROPEAN POWERLIFTING FEDERATION,European Men's Classic Bench Press Championships (and SOI Event),Druskininkai (Lithuania),02-09.08.2026,SCORESHEET,Masters 1,-83kg,M,Raw,B,3.,Martinez Sebastien,1983,FRA,80.75,0.5094,12,160.0,165.0,170.0,165.0,84.06,8,good,good,failed,,,,https://goodlift.info/scoresheets/scoresheet_m_cl.htm
EUROPEAN POWERLIFTING FEDERATION,European Men's Classic Bench Press Championships (and SOI Event),Druskininkai (Lithuania),02-09.08.2026,SCORESHEET,Masters 1,-93kg,M,Raw,B,1.,Abdollahpour Saied,1983,SWE,92.20,0.4765,2,182.5,192.5,200.0,200.0,95.29,12,good,good,good,,,,https://goodlift.info/scoresheets/scoresheet_m_cl.htm
EUROPEAN POWERLIFTING FEDERATION,European Men's Classic Bench Press Championships (and SOI Event),Druskininkai (Lithuania),02-09.08.2026,SCORESHEET,Masters 1,-93kg,M,Raw,B,2.,Parakhoniak Aleksei,1980,GBR,92.10,0.4767,4,175.0,182.5,187.5,187.5,89.38,9,good,good,good,,,,https://goodlift.info/scoresheets/scoresheet_m_cl.htm
EUROPEAN POWERLIFTING FEDERATION,European Men's Classic Bench Press Championships (and SOI Event),Druskininkai (Lithuania),02-09.08.2026,SCORESHEET,Masters 1,-93kg,M,Raw,B,3.,Kanbergs Eriks,1980,LAT,90.30,0.4814,1,185.0,190.0,190.0,185.0,89.06,8,good,failed,failed,,,,https://goodlift.info/scoresheets/scoresheet_m_cl.htm
EUROPEAN POWERLIFTING FEDERATION,European Men's Classic Bench Press Championships (and SOI Event),Druskininkai (Lithuania),02-09.08.2026,SCORESHEET,Masters 1,-93kg,M,Raw,B,4.,Milkintis Kestutis,1979,LTU,90.80,0.4801,3,177.5,185.0,187.5,185.0,88.81,7,good,good,failed,,,,https://goodlift.info/scoresheets/scoresheet_m_cl.htm
EUROPEAN POWERLIFTING FEDERATION,European Men's Classic Bench Press Championships (and SOI Event),Druskininkai (Lithuania),02-09.08.2026,SCORESHEET,Masters 1,-93kg,M,Raw,B,5.,Jasica Slawomir,1977,POL,92.45,0.4758,10,177.5,180.0,187.5,180.0,85.65,6,good,good,failed,,,,https://goodlift.info/scoresheets/scoresheet_m_cl.htm
EUROPEAN POWERLIFTING FEDERATION,European Men's Classic Bench Press Championships (and SOI Event),Druskininkai (Lithuania),02-09.08.2026,SCORESHEET,Masters 1,-93kg,M,Raw,B,6.,Dzamukashvili Zurab,1979,GEO,90.45,0.4810,5,165.0,170.0,172.5,170.0,81.77,5,good,good,failed,,,,https://goodlift.info/scoresheets/scoresheet_m_cl.htm
EUROPEAN POWERLIFTING FEDERATION,European Men's Classic Bench Press Championships (and SOI Event),Druskininkai (Lithuania),02-09.08.2026,SCORESHEET,Masters 1,-93kg,M,Raw,B,7.,Reinholds Gints,1983,LAT,91.40,0.4785,7,152.5,162.5,170.0,170.0,81.35,4,good,good,good,,,,https://goodlift.info/scoresheets/scoresheet_m_cl.htm
EUROPEAN POWERLIFTING FEDERATION,European Men's Classic Bench Press Championships (and SOI Event),Druskininkai (Lithuania),02-09.08.2026,SCORESHEET,Masters 1,-93kg,M,Raw,B,8.,Kanapinskas Virginijus,1980,LTU,90.80,0.4801,9,160.0,165.0,170.0,165.0,79.21,3,good,good,failed,,,,https://goodlift.info/scoresheets/scoresheet_m_cl.htm
EUROPEAN POWERLIFTING FEDERATION,European Men's Classic Bench Press Championships (and SOI Event),Druskininkai (Lithuania),02-09.08.2026,SCORESHEET,Masters 1,-93kg,M,Raw,B,9.,Shayler Jonathan,1984,GBR,90.45,0.4810,8,150.0,160.0,160.0,150.0,72.15,2,good,failed,failed,,,,https://goodlift.info/scoresheets/scoresheet_m_cl.htm
EUROPEAN POWERLIFTING FEDERATION,European Men's Classic Bench Press Championships (and SOI Event),Druskininkai (Lithuania),02-09.08.2026,SCORESHEET,Masters 1,-93kg,M,Raw,B,10.,Penalver David,1985,ISL,90.60,0.4806,6,137.5,145.0,150.0,150.0,72.09,1,good,good,good,,,,https://goodlift.info/scoresheets/scoresheet_m_cl.htm
EUROPEAN POWERLIFTING FEDERATION,European Men's Classic Bench Press Championships (and SOI Event),Druskininkai (Lithuania),02-09.08.2026,SCORESHEET,Masters 1,-93kg,M,Raw,B,11.,Brandes Wesley,1978,NED,91.70,0.4777,12,150.0,150.0,172.5,150.0,71.66,1,failed,good,failed,,,,https://goodlift.info/scoresheets/scoresheet_m_cl.htm
EUROPEAN POWERLIFTING FEDERATION,European Men's Classic Bench Press Championships (and SOI Event),Druskininkai (Lithuania),02-09.08.2026,SCORESHEET,Masters 1,-93kg,M,Raw,B,12.,Kocot Damian,1985,POL,92.30,0.4762,11,130.0,140.0,152.5,140.0,66.67,1,good,good,failed,,,,https://goodlift.info/scoresheets/scoresheet_m_cl.htm
EUROPEAN POWERLIFTING FEDERATION,European Men's Classic Bench Press Championships (and SOI Event),Druskininkai (Lithuania),02-09.08.2026,SCORESHEET,Masters 1,-105kg,M,Raw,B,1.,Marciniak Mariusz,1980,POL,100.10,0.4579,13,187.5,195.0,200.0,195.0,89.29,12,good,good,failed,,,,https://goodlift.info/scoresheets/scoresheet_m_cl.htm
EUROPEAN POWERLIFTING FEDERATION,European Men's Classic Bench Press Championships (and SOI Event),Druskininkai (Lithuania),02-09.08.2026,SCORESHEET,Masters 1,-105kg,M,Raw,B,2.,Salmi Timo,1985,FIN,101.25,0.4554,17,190.0,195.0,197.5,195.0,88.81,9,good,good,failed,,,,https://goodlift.info/scoresheets/scoresheet_m_cl.htm
EUROPEAN POWERLIFTING FEDERATION,European Men's Classic Bench Press Championships (and SOI Event),Druskininkai (Lithuania),02-09.08.2026,SCORESHEET,Masters 1,-105kg,M,Raw,B,3.,Nicolai Gianluca,1984,ITA,103.25,0.4513,18,185.0,192.5,195.0,195.0,88.00,8,good,good,good,,,,https://goodlift.info/scoresheets/scoresheet_m_cl.htm
EUROPEAN POWERLIFTING FEDERATION,European Men's Classic Bench Press Championships (and SOI Event),Druskininkai (Lithuania),02-09.08.2026,SCORESHEET,Masters 1,-105kg,M,Raw,B,4.,Syri Niko,1984,FIN,104.10,0.4496,15,190.0,195.0,197.5,190.0,85.42,7,good,failed,failed,,,,https://goodlift.info/scoresheets/scoresheet_m_cl.htm
EUROPEAN POWERLIFTING FEDERATION,European Men's Classic Bench Press Championships (and SOI Event),Druskininkai (Lithuania),02-09.08.2026,SCORESHEET,Masters 1,-105kg,M,Raw,B,5.,Evanger Thorleif,1986,NOR,104.75,0.4483,14,175.0,182.5,187.5,182.5,81.81,6,good,good,failed,,,,https://goodlift.info/scoresheets/scoresheet_m_cl.htm
EUROPEAN POWERLIFTING FEDERATION,European Men's Classic Bench Press Championships (and SOI Event),Druskininkai (Lithuania),02-09.08.2026,SCORESHEET,Masters 1,-105kg,M,Raw,B,6.,Kulczycki Norbert,1985,GBR,104.20,0.4494,16,170.0,175.0,177.5,175.0,78.64,5,good,good,failed,,,,https://goodlift.info/scoresheets/scoresheet_m_cl.htm
EUROPEAN POWERLIFTING FEDERATION,European Men's Classic Bench Press Championships (and SOI Event),Druskininkai (Lithuania),02-09.08.2026,SCORESHEET,Masters 1,-120kg,M,Raw,B,1.,Bonnay Dimitri,1982,FRA,117.05,0.4264,1,207.5,215.0,220.0,220.0,93.82,12,good,good,good,,,,https://goodlift.info/scoresheets/scoresheet_m_cl.htm
EUROPEAN POWERLIFTING FEDERATION,European Men's Classic Bench Press Championships (and SOI Event),Druskininkai (Lithuania),02-09.08.2026,SCORESHEET,Masters 1,-120kg,M,Raw,B,2.,Sistonen Simo,1983,FIN,119.40,0.4228,6,210.0,217.5,222.5,217.5,91.96,9,good,good,failed,,,,https://goodlift.info/scoresheets/scoresheet_m_cl.htm
EUROPEAN POWERLIFTING FEDERATION,European Men's Classic Bench Press Championships (and SOI Event),Druskininkai (Lithuania),02-09.08.2026,SCORESHEET,Masters 1,-120kg,M,Raw,B,3.,Palivonas Linas,1981,LTU,118.70,0.4239,5,200.0,205.0,205.0,205.0,86.89,8,good,failed,good,,,,https://goodlift.info/scoresheets/scoresheet_m_cl.htm
EUROPEAN POWERLIFTING FEDERATION,European Men's Classic Bench Press Championships (and SOI Event),Druskininkai (Lithuania),02-09.08.2026,SCORESHEET,Masters 1,-120kg,M,Raw,B,4.,van Ruth Younes,1985,NED,118.45,0.4242,3,195.0,195.0,200.0,200.0,84.85,7,failed,failed,good,,,,https://goodlift.info/scoresheets/scoresheet_m_cl.htm
EUROPEAN POWERLIFTING FEDERATION,European Men's Classic Bench Press Championships (and SOI Event),Druskininkai (Lithuania),02-09.08.2026,SCORESHEET,Masters 1,-120kg,M,Raw,B,5.,Dixon Ryan,1980,GBR,116.50,0.4273,2,185.0,187.5,200.0,187.5,80.12,6,failed,good,failed,,,,https://goodlift.info/scoresheets/scoresheet_m_cl.htm
EUROPEAN POWERLIFTING FEDERATION,European Men's Classic Bench Press Championships (and SOI Event),Druskininkai (Lithuania),02-09.08.2026,SCORESHEET,Masters 1,-120kg,M,Raw,B,6.,Schlepp Ferenc,1978,GBR,110.10,0.4382,7,170.0,177.5,180.0,177.5,77.77,5,good,good,failed,,,,https://goodlift.info/scoresheets/scoresheet_m_cl.htm
EUROPEAN POWERLIFTING FEDERATION,European Men's Classic Bench Press Championships (and SOI Event),Druskininkai (Lithuania),02-09.08.2026,SCORESHEET,Masters 1,120+kg,M,Raw,B,1.,Smiljanic Milan,1978,SRB,157.20,0.3798,8,220.0,225.0,225.0,220.0,83.56,12,good,failed,failed,,,,https://goodlift.info/scoresheets/scoresheet_m_cl.htm
EUROPEAN POWERLIFTING FEDERATION,European Men's Classic Bench Press Championships (and SOI Event),Druskininkai (Lithuania),02-09.08.2026,SCORESHEET,Masters 1,120+kg,M,Raw,B,2.,Schauer Kornel,1977,HUN,126.70,0.4123,12,212.5,217.5,220.0,217.5,89.69,9,good,good,failed,,,,https://goodlift.info/scoresheets/scoresheet_m_cl.htm
EUROPEAN POWERLIFTING FEDERATION,European Men's Classic Bench Press Championships (and SOI Event),Druskininkai (Lithuania),02-09.08.2026,SCORESHEET,Masters 1,120+kg,M,Raw,B,3.,Parna Tarmo,1978,EST,134.70,0.4023,10,200.0,205.0,207.5,207.5,83.47,8,good,good,good,,,,https://goodlift.info/scoresheets/scoresheet_m_cl.htm
EUROPEAN POWERLIFTING FEDERATION,European Men's Classic Bench Press Championships (and SOI Event),Druskininkai (Lithuania),02-09.08.2026,SCORESHEET,Masters 1,120+kg,M,Raw,B,4.,Shahin-Ajerlo Ross,1985,GBR,133.60,0.4036,9,185.0,200.0,205.0,205.0,82.73,7,good,good,good,,,,https://goodlift.info/scoresheets/scoresheet_m_cl.htm
EUROPEAN POWERLIFTING FEDERATION,European Men's Classic Bench Press Championships (and SOI Event),Druskininkai (Lithuania),02-09.08.2026,SCORESHEET,Masters 1,120+kg,M,Raw,B,5.,Karkusashvili Rubeni,1979,GEO,123.70,0.4165,13,190.0,197.5,205.0,197.5,82.26,6,good,good,failed,,,,https://goodlift.info/scoresheets/scoresheet_m_cl.htm
EUROPEAN POWERLIFTING FEDERATION,European Men's Classic Bench Press Championships (and SOI Event),Druskininkai (Lithuania),02-09.08.2026,SCORESHEET,Masters 1,120+kg,M,Raw,B,6.,Southern Matt,1985,GBR,122.00,0.4189,11,170.0,177.5,177.5,177.5,74.36,5,good,failed,good,,,,https://goodlift.info/scoresheets/scoresheet_m_cl.htm
EUROPEAN POWERLIFTING FEDERATION,European Men's Classic Bench Press Championships (and SOI Event),Druskininkai (Lithuania),02-09.08.2026,SCORESHEET,Masters 2,-66kg,M,Raw,B,1.,Haglof Martin,1972,SWE,65.20,0.5710,3,117.5,122.5,125.0,125.0,71.37,12,good,good,good,,,,https://goodlift.info/scoresheets/scoresheet_m_cl.htm
EUROPEAN POWERLIFTING FEDERATION,European Men's Classic Bench Press Championships (and SOI Event),Druskininkai (Lithuania),02-09.08.2026,SCORESHEET,Masters 2,-66kg,M,Raw,B,2.,Metsala Esa,1971,FIN,65.15,0.5712,2,110.0,117.5,122.5,117.5,67.12,9,good,good,failed,,,,https://goodlift.info/scoresheets/scoresheet_m_cl.htm
EUROPEAN POWERLIFTING FEDERATION,European Men's Classic Bench Press Championships (and SOI Event),Druskininkai (Lithuania),02-09.08.2026,SCORESHEET,Masters 2,-66kg,M,Raw,B,3.,Kryzevicius Nodaras,1968,LTU,65.30,0.5705,1,95.0,100.0,105.0,105.0,59.90,8,good,good,good,,,,https://goodlift.info/scoresheets/scoresheet_m_cl.htm
EUROPEAN POWERLIFTING FEDERATION,European Men's Classic Bench Press Championships (and SOI Event),Druskininkai (Lithuania),02-09.08.2026,SCORESHEET,Masters 2,-74kg,M,Raw,B,1.,Lager Mickael,1971,FRA,73.20,0.5364,8,160.0,170.0,173.0,170.0,91.19,12,good,good,failed,,,,https://goodlift.info/scoresheets/scoresheet_m_cl.htm
EUROPEAN POWERLIFTING FEDERATION,European Men's Classic Bench Press Championships (and SOI Event),Druskininkai (Lithuania),02-09.08.2026,SCORESHEET,Masters 2,-74kg,M,Raw,B,2.,Zelazko Bartosz,1973,POL,73.75,0.5343,4,145.0,150.0,150.0,145.0,77.47,9,good,failed,failed,,,,https://goodlift.info/scoresheets/scoresheet_m_cl.htm
EUROPEAN POWERLIFTING FEDERATION,European Men's Classic Bench Press Championships (and SOI Event),Druskininkai (Lithuania),02-09.08.2026,SCORESHEET,Masters 2,-74kg,M,Raw,B,3.,Umana Roberto,1970,ITA,72.25,0.5401,5,140.0,145.0,145.0,140.0,75.62,8,good,failed,failed,,,,https://goodlift.info/scoresheets/scoresheet_m_cl.htm
EUROPEAN POWERLIFTING FEDERATION,European Men's Classic Bench Press Championships (and SOI Event),Druskininkai (Lithuania),02-09.08.2026,SCORESHEET,Masters 2,-74kg,M,Raw,B,4.,Palmu Janne,1969,FIN,73.55,0.5350,6,140.0,147.5,147.5,140.0,74.90,7,good,failed,failed,,,,https://goodlift.info/scoresheets/scoresheet_m_cl.htm
EUROPEAN POWERLIFTING FEDERATION,European Men's Classic Bench Press Championships (and SOI Event),Druskininkai (Lithuania),02-09.08.2026,SCORESHEET,Masters 2,-74kg,M,Raw,B,5.,Rieger Laszlo,1969,HUN,73.10,0.5368,7,130.0,135.0,135.0,130.0,69.78,6,good,failed,failed,,,,https://goodlift.info/scoresheets/scoresheet_m_cl.htm
EUROPEAN POWERLIFTING FEDERATION,European Men's Classic Bench Press Championships (and SOI Event),Druskininkai (Lithuania),02-09.08.2026,SCORESHEET,Masters 2,-83kg,M,Raw,B,1.,Houas Karim,1975,FRA,81.75,0.5062,11,160.0,165.0,170.0,165.0,83.53,12,good,good,failed,,,,https://goodlift.info/scoresheets/scoresheet_m_cl.htm
EUROPEAN POWERLIFTING FEDERATION,European Men's Classic Bench Press Championships (and SOI Event),Druskininkai (Lithuania),02-09.08.2026,SCORESHEET,Masters 2,-83kg,M,Raw,B,2.,Lorentzen Ove Henning,1971,NOR,81.60,0.5067,9,160.0,165.0,165.0,160.0,81.07,9,good,failed,failed,,,,https://goodlift.info/scoresheets/scoresheet_m_cl.htm
EUROPEAN POWERLIFTING FEDERATION,European Men's Classic Bench Press Championships (and SOI Event),Druskininkai (Lithuania),02-09.08.2026,SCORESHEET,Masters 2,-83kg,M,Raw,B,3.,Sidlauskas Zilvinas,1976,LTU,82.55,0.5037,10,150.0,155.0,162.5,155.0,78.07,8,good,good,failed,,,,https://goodlift.info/scoresheets/scoresheet_m_cl.htm
EUROPEAN POWERLIFTING FEDERATION,European Men's Classic Bench Press Championships (and SOI Event),Druskininkai (Lithuania),02-09.08.2026,SCORESHEET,Masters 2,-83kg,M,Raw,B,4.,Mikutavicius Petras,1976,LTU,82.65,0.5034,14,140.0,147.5,150.0,147.5,74.25,7,good,good,failed,,,,https://goodlift.info/scoresheets/scoresheet_m_cl.htm
EUROPEAN POWERLIFTING FEDERATION,European Men's Classic Bench Press Championships (and SOI Event),Druskininkai (Lithuania),02-09.08.2026,SCORESHEET,Masters 2,-83kg,M,Raw,B,5.,Epe Ben,1967,NED,81.75,0.5062,12,137.5,140.0,147.5,140.0,70.87,6,good,good,failed,,,,https://goodlift.info/scoresheets/scoresheet_m_cl.htm
EUROPEAN POWERLIFTING FEDERATION,European Men's Classic Bench Press Championships (and SOI Event),Druskininkai (Lithuania),02-09.08.2026,SCORESHEET,Masters 2,-83kg,M,Raw,B,6.,Martinet-Plaisant Marc,1968,FRA,81.30,0.5077,13,130.0,137.5,145.0,137.5,69.80,5,good,good,failed,,,,https://goodlift.info/scoresheets/scoresheet_m_cl.htm
EUROPEAN POWERLIFTING FEDERATION,European Men's Classic Bench Press Championships (and SOI Event),Druskininkai (Lithuania),02-09.08.2026,SCORESHEET,Masters 2,-83kg,M,Raw,B,7.,Brekeller Matthias,1974,GER,82.60,0.5035,15,135.0,140.0,140.0,135.0,67.98,4,good,failed,failed,,,,https://goodlift.info/scoresheets/scoresheet_m_cl.htm
EUROPEAN POWERLIFTING FEDERATION,European Men's Classic Bench Press Championships (and SOI Event),Druskininkai (Lithuania),02-09.08.2026,SCORESHEET,Masters 2,-93kg,M,Raw,B,1.,Kluwe Jan,1974,GER,91.35,0.4786,8,170.0,177.5,180.0,180.0,86.15,12,good,good,good,,,,https://goodlift.info/scoresheets/scoresheet_m_cl.htm
EUROPEAN POWERLIFTING FEDERATION,European Men's Classic Bench Press Championships (and SOI Event),Druskininkai (Lithuania),02-09.08.2026,SCORESHEET,Masters 2,-93kg,M,Raw,B,2.,Ekborg Kenneth,1973,SWE,92.60,0.4754,7,170.0,177.5,180.0,170.0,80.83,9,good,failed,failed,,,,https://goodlift.info/scoresheets/scoresheet_m_cl.htm
EUROPEAN POWERLIFTING FEDERATION,European Men's Classic Bench Press Championships (and SOI Event),Druskininkai (Lithuania),02-09.08.2026,SCORESHEET,Masters 2,-93kg,M,Raw,B,3.,Amosovas Zanas,1975,LTU,93.00,0.4744,2,152.5,157.5,157.5,152.5,72.35,8,good,failed,failed,,,,https://goodlift.info/scoresheets/scoresheet_m_cl.htm
EUROPEAN POWERLIFTING FEDERATION,European Men's Classic Bench Press Championships (and SOI Event),Druskininkai (Lithuania),02-09.08.2026,SCORESHEET,Masters 2,-93kg,M,Raw,B,4.,Dufour David,1973,FRA,91.60,0.4780,4,150.0,155.0,155.0,150.0,71.70,7,good,failed,failed,,,,https://goodlift.info/scoresheets/scoresheet_m_cl.htm
EUROPEAN POWERLIFTING FEDERATION,European Men's Classic Bench Press Championships (and SOI Event),Druskininkai (Lithuania),02-09.08.2026,SCORESHEET,Masters 2,-93kg,M,Raw,B,5.,Benonysson Benony,1973,ISL,91.90,0.4772,3,137.5,145.0,150.0,150.0,71.58,6,good,good,good,,,,https://goodlift.info/scoresheets/scoresheet_m_cl.htm
EUROPEAN POWERLIFTING FEDERATION,European Men's Classic Bench Press Championships (and SOI Event),Druskininkai (Lithuania),02-09.08.2026,SCORESHEET,Masters 2,-93kg,M,Raw,B,6.,Rack Kevin,1974,GBR,91.70,0.4777,1,140.0,147.5,152.5,147.5,70.47,5,good,good,failed,,,,https://goodlift.info/scoresheets/scoresheet_m_cl.htm
EUROPEAN POWERLIFTING FEDERATION,European Men's Classic Bench Press Championships (and SOI Event),Druskininkai (Lithuania),02-09.08.2026,SCORESHEET,Masters 2,-93kg,M,Raw,B,7.,Sviland Helge,1975,NOR,90.45,0.4810,6,130.0,137.5,142.5,142.5,68.54,4,good,good,good,,,,https://goodlift.info/scoresheets/scoresheet_m_cl.htm
EUROPEAN POWERLIFTING FEDERATION,European Men's Classic Bench Press Championships (and SOI Event),Druskininkai (Lithuania),02-09.08.2026,SCORESHEET,Masters 2,-93kg,M,Raw,B,8.,Wiemann Joerg,1972,GER,92.90,0.4747,5,137.5,142.5,147.5,142.5,67.64,3,good,good,failed,,,,https://goodlift.info/scoresheets/scoresheet_m_cl.htm
EUROPEAN POWERLIFTING FEDERATION,European Men's Classic Bench Press Championships (and SOI Event),Druskininkai (Lithuania),02-09.08.2026,SCORESHEET,Masters 2,-105kg,M,Raw,B,1.,Petruk Andrii,1975,UKR,103.00,0.4518,12,195.0,202.5,205.0,205.0,92.62,12,good,good,good,,,,https://goodlift.info/scoresheets/scoresheet_m_cl.htm
EUROPEAN POWERLIFTING FEDERATION,European Men's Classic Bench Press Championships (and SOI Event),Druskininkai (Lithuania),02-09.08.2026,SCORESHEET,Masters 2,-105kg,M,Raw,B,2.,Putkonen Pasi,1971,FIN,104.10,0.4496,13,175.0,182.5,185.0,185.0,83.17,9,good,good,good,,,,https://goodlift.info/scoresheets/scoresheet_m_cl.htm
EUROPEAN POWERLIFTING FEDERATION,European Men's Classic Bench Press Championships (and SOI Event),Druskininkai (Lithuania),02-09.08.2026,SCORESHEET,Masters 2,-105kg,M,Raw,B,3.,Ereksonas Darius,1968,LTU,103.40,0.4510,9,177.5,182.5,185.0,182.5,82.30,8,good,good,failed,,,,https://goodlift.info/scoresheets/scoresheet_m_cl.htm
EUROPEAN POWERLIFTING FEDERATION,European Men's Classic Bench Press Championships (and SOI Event),Druskininkai (Lithuania),02-09.08.2026,SCORESHEET,Masters 2,-105kg,M,Raw,B,4.,Belme Peter,1975,HUN,102.00,0.4539,16,180.0,180.0,182.5,180.0,81.69,7,failed,good,failed,,,,https://goodlift.info/scoresheets/scoresheet_m_cl.htm
EUROPEAN POWERLIFTING FEDERATION,European Men's Classic Bench Press Championships (and SOI Event),Druskininkai (Lithuania),02-09.08.2026,SCORESHEET,Masters 2,-105kg,M,Raw,B,5.,Overgaard Jorgen,1974,SWE,100.15,0.4578,15,160.0,170.0,175.0,170.0,77.83,6,good,good,failed,,,,https://goodlift.info/scoresheets/scoresheet_m_cl.htm
EUROPEAN POWERLIFTING FEDERATION,European Men's Classic Bench Press Championships (and SOI Event),Druskininkai (Lithuania),02-09.08.2026,SCORESHEET,Masters 2,-105kg,M,Raw,B,6.,Krisiulevicius Erlandas,1970,LTU,102.80,0.4522,10,165.0,170.0,172.5,170.0,76.87,5,good,good,failed,,,,https://goodlift.info/scoresheets/scoresheet_m_cl.htm
EUROPEAN POWERLIFTING FEDERATION,European Men's Classic Bench Press Championships (and SOI Event),Druskininkai (Lithuania),02-09.08.2026,SCORESHEET,Masters 2,-105kg,M,Raw,B,—,Brozek Pavel,1970,CZE,104.10,0.4496,11,175.0,177.5,177.5,DSQ,—,—,failed,failed,failed,,,,https://goodlift.info/scoresheets/scoresheet_m_cl.htm
EUROPEAN POWERLIFTING FEDERATION,European Men's Classic Bench Press Championships (and SOI Event),Druskininkai (Lithuania),02-09.08.2026,SCORESHEET,Masters 2,-120kg,M,Raw,B,1.,Simon Scott,1974,GBR,116.10,0.4280,6,212.5,217.5,225.0,225.0,96.29,12,good,good,good,,,,https://goodlift.info/scoresheets/scoresheet_m_cl.htm
EUROPEAN POWERLIFTING FEDERATION,European Men's Classic Bench Press Championships (and SOI Event),Druskininkai (Lithuania),02-09.08.2026,SCORESHEET,Masters 2,-120kg,M,Raw,B,2.,Petrov Viacheslav,1971,UKR,114.05,0.4313,2,200.0,207.5,212.5,212.5,91.66,9,good,good,good,,,,https://goodlift.info/scoresheets/scoresheet_m_cl.htm
EUROPEAN POWERLIFTING FEDERATION,European Men's Classic Bench Press Championships (and SOI Event),Druskininkai (Lithuania),02-09.08.2026,SCORESHEET,Masters 2,-120kg,M,Raw,B,3.,Jamsa Janne,1974,FIN,118.45,0.4242,4,182.5,190.0,200.0,200.0,84.85,8,good,good,good,,,,https://goodlift.info/scoresheets/scoresheet_m_cl.htm
EUROPEAN POWERLIFTING FEDERATION,European Men's Classic Bench Press Championships (and SOI Event),Druskininkai (Lithuania),02-09.08.2026,SCORESHEET,Masters 2,-120kg,M,Raw,B,4.,Reimling Ronny,1976,GER,117.65,0.4255,5,180.0,187.5,190.0,187.5,79.78,7,good,good,failed,,,,https://goodlift.info/scoresheets/scoresheet_m_cl.htm
EUROPEAN POWERLIFTING FEDERATION,European Men's Classic Bench Press Championships (and SOI Event),Druskininkai (Lithuania),02-09.08.2026,SCORESHEET,Masters 2,-120kg,M,Raw,B,5.,Grigaliunas Darius,1974,LTU,119.05,0.4233,1,175.0,180.0,190.0,180.0,76.20,6,good,good,failed,,,,https://goodlift.info/scoresheets/scoresheet_m_cl.htm
EUROPEAN POWERLIFTING FEDERATION,European Men's Classic Bench Press Championships (and SOI Event),Druskininkai (Lithuania),02-09.08.2026,SCORESHEET,Masters 2,-120kg,M,Raw,B,6.,Gaffney Sean,1971,GBR,115.00,0.4297,3,150.0,155.0,160.0,160.0,68.76,5,good,good,good,,,,https://goodlift.info/scoresheets/scoresheet_m_cl.htm
EUROPEAN POWERLIFTING FEDERATION,European Men's Classic Bench Press Championships (and SOI Event),Druskininkai (Lithuania),02-09.08.2026,SCORESHEET,Masters 2,120+kg,M,Raw,B,1.,Mueller Sven,1975,GER,121.65,0.4194,8,205.0,210.0,212.5,212.5,89.13,12,good,good,good,,,,https://goodlift.info/scoresheets/scoresheet_m_cl.htm
EUROPEAN POWERLIFTING FEDERATION,European Men's Classic Bench Press Championships (and SOI Event),Druskininkai (Lithuania),02-09.08.2026,SCORESHEET,Masters 2,120+kg,M,Raw,B,2.,Messi Raphael,1972,FRA,127.55,0.4112,10,195.0,202.5,202.5,202.5,83.27,9,good,failed,good,,,,https://goodlift.info/scoresheets/scoresheet_m_cl.htm
EUROPEAN POWERLIFTING FEDERATION,European Men's Classic Bench Press Championships (and SOI Event),Druskininkai (Lithuania),02-09.08.2026,SCORESHEET,Masters 2,120+kg,M,Raw,B,3.,Sytar Yaroslav,1973,UKR,148.90,0.3872,12,160.0,167.5,172.5,172.5,66.80,8,good,good,good,,,,https://goodlift.info/scoresheets/scoresheet_m_cl.htm
EUROPEAN POWERLIFTING FEDERATION,European Men's Classic Bench Press Championships (and SOI Event),Druskininkai (Lithuania),02-09.08.2026,SCORESHEET,Masters 2,120+kg,M,Raw,B,4.,Vjaceslavs Naumovs,1974,LAT,121.50,0.4197,9,145.0,147.5,155.0,155.0,65.05,7,good,good,good,,,,https://goodlift.info/scoresheets/scoresheet_m_cl.htm
EUROPEAN POWERLIFTING FEDERATION,European Men's Classic Bench Press Championships (and SOI Event),Druskininkai (Lithuania),02-09.08.2026,SCORESHEET,Masters 2,120+kg,M,Raw,B,—,Strandberg Juha,1974,FIN,139.05,0.3973,11,150.0,150.0,150.0,DSQ,—,—,failed,failed,failed,,,,https://goodlift.info/scoresheets/scoresheet_m_cl.htm
EUROPEAN POWERLIFTING FEDERATION,European Men's Classic Bench Press Championships (and SOI Event),Druskininkai (Lithuania),02-09.08.2026,SCORESHEET,Masters 3,-66kg,M,Raw,B,1.,Smith Charles,1960,NED,64.25,0.5756,2,110.0,115.0,120.0,120.0,69.07,12,good,good,good,,,,https://goodlift.info/scoresheets/scoresheet_m_cl.htm
EUROPEAN POWERLIFTING FEDERATION,European Men's Classic Bench Press Championships (and SOI Event),Druskininkai (Lithuania),02-09.08.2026,SCORESHEET,Masters 3,-66kg,M,Raw,B,2.,Baublys Vidmantas,1965,LTU,65.60,0.5691,1,100.0,105.0,107.5,107.5,61.18,9,good,failed,good,,,,https://goodlift.info/scoresheets/scoresheet_m_cl.htm
EUROPEAN POWERLIFTING FEDERATION,European Men's Classic Bench Press Championships (and SOI Event),Druskininkai (Lithuania),02-09.08.2026,SCORESHEET,Masters 3,-74kg,M,Raw,B,1.,Kismul Rune,1965,NOR,72.10,0.5407,4,115.0,120.0,122.5,120.0,64.89,12,good,good,failed,,,,https://goodlift.info/scoresheets/scoresheet_m_cl.htm
EUROPEAN POWERLIFTING FEDERATION,European Men's Classic Bench Press Championships (and SOI Event),Druskininkai (Lithuania),02-09.08.2026,SCORESHEET,Masters 3,-74kg,M,Raw,B,2.,Kazlauskas Vytautas,1957,LTU,72.10,0.5407,6,112.5,115.0,117.5,117.5,63.54,9,failed,good,good,,,,https://goodlift.info/scoresheets/scoresheet_m_cl.htm
EUROPEAN POWERLIFTING FEDERATION,European Men's Classic Bench Press Championships (and SOI Event),Druskininkai (Lithuania),02-09.08.2026,SCORESHEET,Masters 3,-74kg,M,Raw,B,3.,Leimanis Ainars,1959,LAT,70.30,0.5481,5,110.0,115.0,117.5,115.0,63.03,8,good,good,failed,,,,https://goodlift.info/scoresheets/scoresheet_m_cl.htm
EUROPEAN POWERLIFTING FEDERATION,European Men's Classic Bench Press Championships (and SOI Event),Druskininkai (Lithuania),02-09.08.2026,SCORESHEET,Masters 3,-74kg,M,Raw,B,4.,Lichtenfeld Holm,1957,GER,73.00,0.5372,8,110.0,115.0,115.0,110.0,59.09,7,good,failed,failed,,,,https://goodlift.info/scoresheets/scoresheet_m_cl.htm
EUROPEAN POWERLIFTING FEDERATION,European Men's Classic Bench Press Championships (and SOI Event),Druskininkai (Lithuania),02-09.08.2026,SCORESHEET,Masters 3,-74kg,M,Raw,B,5.,Auneau Franz,1963,FRA,73.15,0.5366,3,107.5,110.0,112.5,107.5,57.68,6,good,failed,failed,,,,https://goodlift.info/scoresheets/scoresheet_m_cl.htm
EUROPEAN POWERLIFTING FEDERATION,European Men's Classic Bench Press Championships (and SOI Event),Druskininkai (Lithuania),02-09.08.2026,SCORESHEET,Masters 3,-74kg,M,Raw,B,6.,Horhammer Stefan,1961,FIN,73.10,0.5368,7,102.5,102.5,107.5,102.5,55.02,5,failed,good,failed,,,,https://goodlift.info/scoresheets/scoresheet_m_cl.htm
EUROPEAN POWERLIFTING FEDERATION,European Men's Classic Bench Press Championships (and SOI Event),Druskininkai (Lithuania),02-09.08.2026,SCORESHEET,Masters 3,-83kg,M,Raw,B,1.,Ring Tomas,1960,SWE,82.65,0.5034,9,140.0,142.5,145.0,142.5,71.73,12,good,good,failed,,,,https://goodlift.info/scoresheets/scoresheet_m_cl.htm
EUROPEAN POWERLIFTING FEDERATION,European Men's Classic Bench Press Championships (and SOI Event),Druskininkai (Lithuania),02-09.08.2026,SCORESHEET,Masters 3,-83kg,M,Raw,B,2.,Kuru Simon,1965,SWE,82.25,0.5046,11,127.5,132.5,140.0,132.5,66.86,9,good,good,failed,,,,https://goodlift.info/scoresheets/scoresheet_m_cl.htm
EUROPEAN POWERLIFTING FEDERATION,European Men's Classic Bench Press Championships (and SOI Event),Druskininkai (Lithuania),02-09.08.2026,SCORESHEET,Masters 3,-83kg,M,Raw,B,3.,Rajtar Adam,1963,POL,80.85,0.5091,12,112.5,115.0,117.5,117.5,59.82,8,good,good,good,,,,https://goodlift.info/scoresheets/scoresheet_m_cl.htm
EUROPEAN POWERLIFTING FEDERATION,European Men's Classic Bench Press Championships (and SOI Event),Druskininkai (Lithuania),02-09.08.2026,SCORESHEET,Masters 3,-83kg,M,Raw,B,4.,Storjord Boerre,1964,NOR,81.90,0.5057,10,115.0,117.5,117.5,115.0,58.16,7,good,failed,failed,,,,https://goodlift.info/scoresheets/scoresheet_m_cl.htm
EUROPEAN POWERLIFTING FEDERATION,European Men's Classic Bench Press Championships (and SOI Event),Druskininkai (Lithuania),02-09.08.2026,SCORESHEET,Masters 3,-93kg,M,Raw,B,1.,Abner Kalju,1965,EST,91.95,0.4771,3,165.0,170.0,172.5,170.0,81.11,12,failed,good,failed,,,,https://goodlift.info/scoresheets/scoresheet_m_cl.htm
EUROPEAN POWERLIFTING FEDERATION,European Men's Classic Bench Press Championships (and SOI Event),Druskininkai (Lithuania),02-09.08.2026,SCORESHEET,Masters 3,-93kg,M,Raw,B,2.,Milis Benjaminas,1961,LTU,88.45,0.4864,6,145.0,147.5,150.0,150.0,72.96,9,good,good,good,,,,https://goodlift.info/scoresheets/scoresheet_m_cl.htm
EUROPEAN POWERLIFTING FEDERATION,European Men's Classic Bench Press Championships (and SOI Event),Druskininkai (Lithuania),02-09.08.2026,SCORESHEET,Masters 3,-93kg,M,Raw,B,3.,Salste Jari,1965,FIN,85.20,0.4956,5,125.0,130.0,132.5,130.0,64.43,8,good,good,failed,,,,https://goodlift.info/scoresheets/scoresheet_m_cl.htm
EUROPEAN POWERLIFTING FEDERATION,European Men's Classic Bench Press Championships (and SOI Event),Druskininkai (Lithuania),02-09.08.2026,SCORESHEET,Masters 3,-93kg,M,Raw,B,4.,Macey Mark,1962,GBR,91.50,0.4782,4,112.5,117.5,120.0,117.5,56.19,7,good,good,failed,,,,https://goodlift.info/scoresheets/scoresheet_m_cl.htm
EUROPEAN POWERLIFTING FEDERATION,European Men's Classic Bench Press Championships (and SOI Event),Druskininkai (Lithuania),02-09.08.2026,SCORESHEET,Masters 3,-93kg,M,Raw,B,5.,Kolosovskyy Sergiy,1960,UKR,92.20,0.4765,2,95.0,100.0,107.5,107.5,51.22,6,good,good,good,,,,https://goodlift.info/scoresheets/scoresheet_m_cl.htm
EUROPEAN POWERLIFTING FEDERATION,European Men's Classic Bench Press Championships (and SOI Event),Druskininkai (Lithuania),02-09.08.2026,SCORESHEET,Masters 3,-93kg,M,Raw,B,6.,Cooper John,1959,GBR,90.80,0.4801,1,95.0,105.0,110.0,95.0,45.61,5,good,failed,failed,,,,https://goodlift.info/scoresheets/scoresheet_m_cl.htm
EUROPEAN POWERLIFTING FEDERATION,European Men's Classic Bench Press Championships (and SOI Event),Druskininkai (Lithuania),02-09.08.2026,SCORESHEET,Masters 3,-105kg,M,Raw,B,1.,Lemagnen Yves,1966,FRA,97.35,0.4640,11,162.5,167.5,172.5,167.5,77.73,12,good,good,failed,,,,https://goodlift.info/scoresheets/scoresheet_m_cl.htm
EUROPEAN POWERLIFTING FEDERATION,European Men's Classic Bench Press Championships (and SOI Event),Druskininkai (Lithuania),02-09.08.2026,SCORESHEET,Masters 3,-105kg,M,Raw,B,2.,Simian Claude,1963,FRA,101.65,0.4546,12,155.0,160.0,165.0,165.0,75.01,9,good,good,good,,,,https://goodlift.info/scoresheets/scoresheet_m_cl.htm
EUROPEAN POWERLIFTING FEDERATION,European Men's Classic Bench Press Championships (and SOI Event),Druskininkai (Lithuania),02-09.08.2026,SCORESHEET,Masters 3,-105kg,M,Raw,B,3.,Eloranta Rami,1966,FIN,101.40,0.4551,10,150.0,152.5,160.0,152.5,69.41,8,good,good,failed,,,,https://goodlift.info/scoresheets/scoresheet_m_cl.htm
EUROPEAN POWERLIFTING FEDERATION,European Men's Classic Bench Press Championships (and SOI Event),Druskininkai (Lithuania),02-09.08.2026,SCORESHEET,Masters 3,-105kg,M,Raw,B,4.,Cooper Chris,1962,GBR,104.00,0.4498,7,145.0,150.0,155.0,150.0,67.46,7,good,good,failed,,,,https://goodlift.info/scoresheets/scoresheet_m_cl.htm
EUROPEAN POWERLIFTING FEDERATION,European Men's Classic Bench Press Championships (and SOI Event),Druskininkai (Lithuania),02-09.08.2026,SCORESHEET,Masters 3,-105kg,M,Raw,B,5.,Bozhyk Andrii,1962,UKR,100.10,0.4579,8,115.0,120.0,122.5,122.5,56.09,6,good,good,good,,,,https://goodlift.info/scoresheets/scoresheet_m_cl.htm
EUROPEAN POWERLIFTING FEDERATION,European Men's Classic Bench Press Championships (and SOI Event),Druskininkai (Lithuania),02-09.08.2026,SCORESHEET,Masters 3,-105kg,M,Raw,B,6.,Lowther Wade,1962,GBR,93.40,0.4734,9,105.0,115.0,120.0,115.0,54.45,5,good,good,failed,,,,https://goodlift.info/scoresheets/scoresheet_m_cl.htm
EUROPEAN POWERLIFTING FEDERATION,European Men's Classic Bench Press Championships (and SOI Event),Druskininkai (Lithuania),02-09.08.2026,SCORESHEET,Masters 3,-120kg,M,Raw,B,1.,Suzic Branko,1964,SLO,111.65,0.4354,13,165.0,170.0,172.5,172.5,75.11,12,good,good,good,,,,https://goodlift.info/scoresheets/scoresheet_m_cl.htm
EUROPEAN POWERLIFTING FEDERATION,European Men's Classic Bench Press Championships (and SOI Event),Druskininkai (Lithuania),02-09.08.2026,SCORESHEET,Masters 3,-120kg,M,Raw,B,2.,Schulze Joerg,1966,GER,116.85,0.4268,14,140.0,140.0,150.0,150.0,64.01,9,failed,good,good,,,,https://goodlift.info/scoresheets/scoresheet_m_cl.htm
EUROPEAN POWERLIFTING FEDERATION,European Men's Classic Bench Press Championships (and SOI Event),Druskininkai (Lithuania),02-09.08.2026,SCORESHEET,Masters 3,-120kg,M,Raw,B,3.,Dovhaliuk Anatolii,1965,UKR,113.00,0.4331,15,80.0,90.0,100.0,90.0,38.98,8,good,good,failed,,,,https://goodlift.info/scoresheets/scoresheet_m_cl.htm
EUROPEAN POWERLIFTING FEDERATION,European Men's Classic Bench Press Championships (and SOI Event),Druskininkai (Lithuania),02-09.08.2026,SCORESHEET,Masters 4,-66kg,M,Raw,B,1.,Anastasjevs Leonids,1941,LAT,61.95,0.5873,1,70.0,70.0,70.0,70.0,41.11,12,failed,failed,good,,,,https://goodlift.info/scoresheets/scoresheet_m_cl.htm
EUROPEAN POWERLIFTING FEDERATION,European Men's Classic Bench Press Championships (and SOI Event),Druskininkai (Lithuania),02-09.08.2026,SCORESHEET,Masters 4,-74kg,M,Raw,B,1.,Soliwodzki Wlodzimierz,1956,POL,72.85,0.5378,5,110.0,115.0,117.5,115.0,61.84,12,good,good,failed,,,,https://goodlift.info/scoresheets/scoresheet_m_cl.htm
EUROPEAN POWERLIFTING FEDERATION,European Men's Classic Bench Press Championships (and SOI Event),Druskininkai (Lithuania),02-09.08.2026,SCORESHEET,Masters 4,-74kg,M,Raw,B,2.,Rasilainen Juhani,1949,FIN,73.30,0.5360,3,112.5,115.0,117.5,115.0,61.64,9,good,good,failed,,,,https://goodlift.info/scoresheets/scoresheet_m_cl.htm
EUROPEAN POWERLIFTING FEDERATION,European Men's Classic Bench Press Championships (and SOI Event),Druskininkai (Lithuania),02-09.08.2026,SCORESHEET,Masters 4,-74kg,M,Raw,B,3.,Houas Said,1954,FRA,71.60,0.5428,2,110.0,110.0,117.5,110.0,59.70,8,failed,good,failed,,,,https://goodlift.info/scoresheets/scoresheet_m_cl.htm
EUROPEAN POWERLIFTING FEDERATION,European Men's Classic Bench Press Championships (and SOI Event),Druskininkai (Lithuania),02-09.08.2026,SCORESHEET,Masters 4,-74kg,M,Raw,B,4.,Micius Antanas,1951,LTU,70.90,0.5456,4,100.0,105.0,105.0,100.0,54.56,7,good,failed,failed,,,,https://goodlift.info/scoresheets/scoresheet_m_cl.htm
EUROPEAN POWERLIFTING FEDERATION,European Men's Classic Bench Press Championships (and SOI Event),Druskininkai (Lithuania),02-09.08.2026,SCORESHEET,Masters 4,-83kg,M,Raw,B,1.,Valtanen Pekka,1954,FIN,81.05,0.5085,10,120.0,120.0,130.0,130.0,66.10,12,failed,good,good,,,,https://goodlift.info/scoresheets/scoresheet_m_cl.htm
EUROPEAN POWERLIFTING FEDERATION,European Men's Classic Bench Press Championships (and SOI Event),Druskininkai (Lithuania),02-09.08.2026,SCORESHEET,Masters 4,-83kg,M,Raw,B,2.,Baumeister Gerhard,1952,GER,82.55,0.5037,7,115.0,120.0,125.0,120.0,60.44,9,good,good,failed,,,,https://goodlift.info/scoresheets/scoresheet_m_cl.htm
EUROPEAN POWERLIFTING FEDERATION,European Men's Classic Bench Press Championships (and SOI Event),Druskininkai (Lithuania),02-09.08.2026,SCORESHEET,Masters 4,-83kg,M,Raw,B,3.,Thun Ladislav,1956,CZE,81.85,0.5059,8,100.0,105.0,107.5,107.5,54.38,8,good,good,good,,,,https://goodlift.info/scoresheets/scoresheet_m_cl.htm
EUROPEAN POWERLIFTING FEDERATION,European Men's Classic Bench Press Championships (and SOI Event),Druskininkai (Lithuania),02-09.08.2026,SCORESHEET,Masters 4,-83kg,M,Raw,B,4.,Vineburg Stephen,1956,GBR,81.70,0.5064,9,92.5,97.5,102.5,102.5,51.90,7,good,good,good,,,,https://goodlift.info/scoresheets/scoresheet_m_cl.htm
EUROPEAN POWERLIFTING FEDERATION,European Men's Classic Bench Press Championships (and SOI Event),Druskininkai (Lithuania),02-09.08.2026,SCORESHEET,Masters 4,-93kg,M,Raw,B,—,Myrtil Serge,1956,FRA,84.25,0.4985,11,145.0,145.0,X,DSQ,—,—,failed,failed,good,,,,https://goodlift.info/scoresheets/scoresheet_m_cl.htm
EUROPEAN POWERLIFTING FEDERATION,European Men's Classic Bench Press Championships (and SOI Event),Druskininkai (Lithuania),02-09.08.2026,SCORESHEET,Masters 4,-105kg,M,Raw,B,1.,Mentel Stanislaw,1954,POL,100.65,0.4567,13,180.0,194.0,195.5-w4,195.5,89.29,12,good,good,good,,,w4,https://goodlift.info/scoresheets/scoresheet_m_cl.htm
EUROPEAN POWERLIFTING FEDERATION,European Men's Classic Bench Press Championships (and SOI Event),Druskininkai (Lithuania),02-09.08.2026,SCORESHEET,Masters 4,-105kg,M,Raw,B,2.,Belmas Jean Paul,1949,FRA,102.55,0.4527,12,95.0,100.0,102.5,100.0,45.27,9,good,good,failed,,,,https://goodlift.info/scoresheets/scoresheet_m_cl.htm
EUROPEAN POWERLIFTING FEDERATION,European Men's Classic Bench Press Championships (and SOI Event),Druskininkai (Lithuania),02-09.08.2026,SCORESHEET,Masters 4,120+kg,M,Raw,B,1.,Reinholds Dainis,1951,LAT,126.70,0.4123,14,150.0,162.5,162.5,150.0,61.85,12,good,failed,failed,,,,https://goodlift.info/scoresheets/scoresheet_m_cl.htm
EUROPEAN POWERLIFTING FEDERATION,European Men's Classic Bench Press Championships (and SOI Event),Druskininkai (Lithuania),02-09.08.2026,SCORESHEET,SOI,-66kg,M,Raw,B,1.,Saulis Laurynas,1998,LTU,61.05,0.5921,1,87.5,90.0,95.0,95.0,56.25,12,good,good,good,,,,https://goodlift.info/scoresheets/scoresheet_m_cl_soi.htm
EUROPEAN POWERLIFTING FEDERATION,European Men's Classic Bench Press Championships (and SOI Event),Druskininkai (Lithuania),02-09.08.2026,SCORESHEET,SOI,-74kg,M,Raw,B,1.,Smolnytskyi Mykhailo,2007,UKR,69.95,0.5496,2,30.0,30.0,37.5,37.5,20.61,12,failed,good,good,,,,https://goodlift.info/scoresheets/scoresheet_m_cl_soi.htm
EUROPEAN POWERLIFTING FEDERATION,European Men's Classic Bench Press Championships (and SOI Event),Druskininkai (Lithuania),02-09.08.2026,SCORESHEET,SOI,-83kg,M,Raw,B,1.,Bielskis Matas,2008,LTU,77.60,0.5201,3,70.0,77.5,80.0,77.5,40.31,12,good,good,failed,,,,https://goodlift.info/scoresheets/scoresheet_m_cl_soi.htm
EUROPEAN POWERLIFTING FEDERATION,European Men's Classic Bench Press Championships (and SOI Event),Druskininkai (Lithuania),02-09.08.2026,SCORESHEET,SOI,-83kg,M,Raw,B,2.,Dainelis Mangirdas,2007,LTU,74.05,0.5331,4,60.0,65.0,70.0,70.0,37.32,9,failed,good,good,,,,https://goodlift.info/scoresheets/scoresheet_m_cl_soi.htm
EUROPEAN POWERLIFTING FEDERATION,European Women's Classic Bench Press Championships (and SOI Event),Druskininkai (Lithuania),02-09.08.2026,SCORESHEET,SOI,-76kg,F,Raw,B,1.,Terletska Yanina-Mariia,2006,UKR,71.50,0.7855,4,25.0,30.0,35.0,30.0,23.57,12,good,good,failed,,,,https://goodlift.info/scoresheets/scoresheet_w_cl_soi.htm
EUROPEAN POWERLIFTING FEDERATION,European Women's Classic Bench Press Championships (and SOI Event),Druskininkai (Lithuania),02-09.08.2026,SCORESHEET,SOI,-84kg,F,Raw,B,1.,Zemaityte Kamile,2003,LTU,78.95,0.7588,1,40.0,42.5,45.0,45.0,34.15,12,good,good,good,,,,https://goodlift.info/scoresheets/scoresheet_w_cl_soi.htm
EUROPEAN POWERLIFTING FEDERATION,European Women's Classic Bench Press Championships (and SOI Event),Druskininkai (Lithuania),02-09.08.2026,SCORESHEET,SOI,84+kg,F,Raw,B,1.,Sigurjonsdottir Sigridur,1983,ISL,132.30,0.7065,3,70.0,75.0,77.5,77.5,54.75,12,good,good,good,,,,https://goodlift.info/scoresheets/scoresheet_w_cl_soi.htm
EUROPEAN POWERLIFTING FEDERATION,European Women's Classic Bench Press Championships (and SOI Event),Druskininkai (Lithuania),02-09.08.2026,SCORESHEET,SOI,84+kg,F,Raw,B,2.,Sigurjonsdottir Hulda,1985,ISL,100.00,0.7222,2,67.5,72.5,75.0,75.0,54.16,9,good,good,good,,,,https://goodlift.info/scoresheets/scoresheet_w_cl_soi.htm
