W.A. QUALIFYING 27 OCT 2002,,,,,,,,,,,,,,,
NAME,CAT,DIV,MBW,SQ 1,SQ 2,SQ 3,BP1,BP 2,BP 3,SUB,DL 1,DL 2,DL 3,TOT,MWILKS
ALAN SCHERINI,M,82.5,78.9,160,170,180,112.5,120,125,305,217.5,230,240,545,375.396
JOHN VOIGHT,M,82.5,81.9,185,200,210F,80,100,115F,300,185,200,220,520,349.908
GLENN FARRELL,M,110,102.45,180, , ,120, , ,300,180,200,220,520,313.508
RON WESTON,M,75,73.75,130,145,150,85,90,92.5,242.5,165,175,180,422.5,304.643625
BRADLEY HORNE,M,125+,150,250, , ,180,200,210,460,250,270,300,760,420.508
BILL OGBURN,M,90,87.35,210,220,232.5,130,135,140F,367.5,230,240,245F,607.5,393.96375
