"OPL Format v1","Submit by email:","issues@openpowerlifting.org","","","","","","","","","","","","","","","","","","","","","","","","","",""

"Federation","Date","MeetCountry","MeetState","MeetTown","MeetName","Formula",,,,,,,,,,,,,,,,,,,,,,
"OTHER","2026-09-25","Australia","VIC","Melbourne","APL Drug-Tested Raw Nationals","",,,,,,,,,,,,,,,,,,,,,,

"Place","Name","BirthDate","Sex","BirthYear","Age","Country","State","Equipment","Division","BodyweightKg","WeightClassKg","Squat1Kg","Squat2Kg","Squat3Kg","Best3SquatKg","Squat4Kg","Bench1Kg","Bench2Kg","Bench3Kg","Best3BenchKg","Bench4Kg","Deadlift1Kg","Deadlift2Kg","Deadlift3Kg","Best3DeadliftKg","Deadlift4Kg","TotalKg","Event"
"1","Teri-Bwebwe Toom",,"F","2009","17","",,"Raw","F Junior 16-19 Raw SBD","57.5","60","-155","155","-162.5","155","","85","90","-92.5","90","","152.5","160","-165","160","","405","SBD"
"1","Brenissa Amram",,"F","2009","17","",,"Raw","F Junior 16-19 Raw SBD","64.15","67.5","155","-162.5","-162.5","155","","75","80","-82.5","80","","152.5","-160","160","160","","395","SBD"
"2","Margot Connell",,"F","2009","17","",,"Raw","F Junior 16-19 Raw SBD","66.4","67.5","105","112.5","120","120","","60","62.5","","62.5","","132.5","142.5","150","150","","332.5","SBD"
"1","Emily Rowell",,"F","2007","19","",,"Raw","F Junior 16-19 Raw SBD","74.4","75","160","170","-175.5","170","","87.5","90","92.5","92.5","","160","172.5","180","180","","442.5","SBD"
"2","Juliet Freya",,"F","2009","17","",,"Raw","F Junior 16-19 Raw SBD","71.5","75","155","165","170","170","","72.5","80","85","85","","155","170","180","180","","435","SBD"
"3","Eva Newnham",,"F","2010","16","",,"Raw","F Junior 16-19 Raw SBD","73.6","75","125","-132.5","-132.5","125","","-67.5","70","72.5","72.5","","145","-150","-150","145","","342.5","SBD"
"4","Bella Taylor-Rose",,"F","2010","16","",,"Raw","F Junior 16-19 Raw SBD","69.8","75","110","120","-125","120","","55","60","-62.5","60","","130","140","-145","140","","320","SBD"
"1","Charlotte Storey",,"F","2007","19","",,"Raw","F Junior 16-19 Raw SBD","81","82.5","115","-120","-120","115","","67.5","-70","-70","67.5","","120","127.5","132.5","132.5","","315","SBD"
"1","Qiao Hui Tan",,"F","2002","23","",,"Raw","F Junior 20-23 Raw SBD","49.7","52","","","","","","62.5","70","73","73","","","","","","","73","SBD"
"1","Kimina Rose Dabwido",,"F","2005","21","",,"Raw","F Junior 20-23 Raw SBD","57.85","60","-135","-135","135","135","","65","-75","-75","65","","-140","140","152.5","152.5","","352.5","SBD"
"2","Bronte Naylor",,"F","2003","23","",,"Raw","F Junior 20-23 Raw SBD","59.9","60","-120","120","-125","120","","60","65","67.5","67.5","","135","-145","150","150","","337.5","SBD"
"3","Paris Couzijn",,"F","2004","21","",,"Raw","F Junior 20-23 Raw SBD","59.7","60","100","110","115","115","","50","55","-57.5","55","","130","145","-150","145","","315","SBD"
"4","Leah Beckenham",,"F","2005","21","",,"Raw","F Junior 20-23 Raw SBD","56.6","60","120","-127.5","-127.5","120","","57.5","-62.5","-62.5","57.5","","117.5","-120","-122.5","117.5","","295","SBD"
"1","Ria Magiris",,"F","2005","21","",,"Raw","F Junior 20-23 Raw SBD","66.2","67.5","-142.5","150","155","155","","82.5","87.5","-90","87.5","","165","175","-186","175","","417.5","SBD"
"2","Ophelia Davies",,"F","2006","20","",,"Raw","F Junior 20-23 Raw SBD","61.9","67.5","130","140","147.5","147.5","","80","85","-90","85","","167.5","175","180","180","","412.5","SBD"
"3","Mia Paltridge",,"F","2003","22","",,"Raw","F Junior 20-23 Raw SBD","64.3","67.5","100","107.5","112.5","112.5","","70","75","77.5","77.5","","122.5","132.5","142.5","142.5","","332.5","SBD"
"4","Jammie Goodliffe",,"F","2006","20","",,"Raw","F Junior 20-23 Raw SBD","66.1","67.5","115","125","-135","125","","60","-65","65","65","","135","142.5","-150","142.5","","332.5","SBD"
"5","Ffleur Mensch",,"F","2003","23","",,"Raw","F Junior 20-23 Raw SBD","66.8","67.5","122.5","130","-135","130","","60","62.5","-67.5","62.5","","125","132.5","140","140","","332.5","SBD"
"6","Lilykay Oliver",,"F","2005","21","",,"Raw","F Junior 20-23 Raw SBD","65.4","67.5","102.5","110","115","115","","72.5","80","-82.5","80","","117.5","-125","-125","117.5","","312.5","SBD"
"1","Abelline Ratabwiy",,"F","2006","20","",,"Raw","F Junior 20-23 Raw SBD","74.5","75","140","150","155","155","","70","75","-77.5","75","","135","-137.5","137.5","137.5","","367.5","SBD"
"2","Malia Spencer",,"F","2003","22","",,"Raw","F Junior 20-23 Raw SBD","74.1","75","125","135","-142.5","135","","62.5","-67.5","-67.5","62.5","","130","137.5","-142.5","137.5","","335","SBD"
"1","Bianca Ho",,"F","2004","22","",,"Raw","F Junior 20-23 Raw SBD","78.5","82.5","157.5","167.5","170","170","","55","60","62.5","62.5","","155","170","180","180","","412.5","SBD"
"2","Lana O'Brien",,"F","2004","22","",,"Raw","F Junior 20-23 Raw SBD","76.4","82.5","125","135","140","140","","85","90.5","","90.5","","145","155","162.5","162.5","","393","SBD"
"3","Ralfita Molnika",,"F","2004","21","",,"Raw","F Junior 20-23 Raw SBD","75.7","82.5","130","142.5","147.5","147.5","","77.5","82.5","85","85","","135","150","-160","150","","382.5","SBD"
"1","Jade Curtis",,"F","2002","23","",,"Raw","F Junior 20-23 Raw SBD","85.35","90","167.5","180","-185.5","180","","80","85","","85","","170","177.5","-180","177.5","","442.5","SBD"
"1","Elena Ohta",,"F","2013","12","",,"Raw","F Junior U/15 Raw SBD","40.5","44","60","65.5","70","70","","42.5","45","-50","45","","85","92.5","-97.5","92.5","","207.5","SBD"
"1","Lilika Ohta",,"F","2011","15","",,"Raw","F Junior U/15 Raw SBD","47.2","48","70","75","-80","75","","32.5","35.5","-37.5","35.5","","105","-110.5","-110.5","105","","215.5","SBD"
"1","Scarlett Napper",,"F","2016","10","",,"Raw","F Junior U/15 Raw SBD","53.6","56","40","45","50","50","","30","32.5","35","35","","45","-47.5","-47.5","45","","130","SBD"
"1","Aaliyah Biju",,"F","2012","13","",,"Raw","F Junior U/15 Raw SBD","56.8","60","77.5","85","90","90","","40","45","-47.5","45","","100","110","-115","110","","245","SBD"
"1","Zillania Gioura",,"F","2012","14","",,"Raw","F Junior U/15 Raw SBD","66.6","67.5","110","-125","-125","110","","50","57.5","-62.5","57.5","","90","-102.5","-102.5","90","","257.5","SBD"
"1","Amanda Wyzenbeek",,"F","1980","46","",,"Raw","F Master 40-49 Raw SBD","53.9","56","125","135","140","140","","75","80","82.5","82.5","","167.5","177.5","190","190","","412.5","SBD"
"2","Dimmity Molyneux",,"F","1983","42","",,"Raw","F Master 40-49 Raw SBD","55.5","56","-100","105","-107.5","105","","52.5","55","-57.5","55","","110","115","-120","115","","275","SBD"
"1","Rosie Hunt",,"F","1977","48","",,"Raw","F Master 40-49 Raw SBD","57.3","60","120","125","130","130","","62.5","67.5","72.5","72.5","","160","170","180","180","","382.5","SBD"
"2","Noni Croudace",,"F","1980","45","",,"Raw","F Master 40-49 Raw SBD","57.1","60","115","120","125","125","","65","67.5","70","70","","145","152.5","155","155","","350","SBD"
"3","Keziah Zavael",,"F","1979","47","",,"Raw","F Master 40-49 Raw SBD","59.1","60","-102.5","105","-112.5","105","","55","60","-65","60","","120","127.5","132.5","132.5","","297.5","SBD"
"1","Terri Wood",,"F","1986","40","",,"Raw","F Master 40-49 Raw SBD","67","67.5","135","-142.5","142.5","142.5","","90","95","97.5","97.5","","155","170","180","180","","420","SBD"
"2","Andrea Lockwood",,"F","1986","40","",,"Raw","F Master 40-49 Raw SBD","67.2","67.5","132.5","142.5","150","150","","95","100","-102.5","100","","151","157.5","-160","157.5","","407.5","SBD"
"3","Sharon Johnson",,"F","1981","45","",,"Raw","F Master 40-49 Raw SBD","65.9","67.5","115","-122.5","125","125","","57.5","65","70","70","","142.5","152.5","-160","152.5","","347.5","SBD"
"4","Michelle Resende Castelani",,"F","1983","42","",,"Raw","F Master 40-49 Raw SBD","65.65","67.5","115","122.5","-130","122.5","","67.5","72.5","77.5","77.5","","125","132.5","140","140","","340","SBD"
"5","Kelly Croucher",,"F","1985","41","",,"Raw","F Master 40-49 Raw SBD","66.8","67.5","120","125","-132.5","125","","60","-65","-65","60","","150","152.5","-160","152.5","","337.5","SBD"
"6","Megan Barnes",,"F","1982","43","",,"Raw","F Master 40-49 Raw SBD","67","67.5","102.5","-110","115","115","","55","60","-62.5","60","","142.5","155","-160","155","","330","SBD"
"7","Kate Witton",,"F","1985","41","",,"Raw","F Master 40-49 Raw SBD","65.7","67.5","97.5","102.5","105","105","","62.5","-67.5","-67.5","62.5","","127.5","137.5","142.5","142.5","","310","SBD"
"DQ","Emily Salmond",,"F","1985","41","",,"Raw","F Master 40-49 Raw SBD",,"67.5","","","","","","","","","","","","","","","","","SBD"
"1","Carmen Daldry",,"F","1984","42","",,"Raw","F Master 40-49 Raw SBD","72.2","75","170","182.5","190","190","","90","95","-100","95","","175","185","190","190","","475","SBD"
"2","Christine McKee",,"F","1984","42","",,"Raw","F Master 40-49 Raw SBD","72.3","75","125","135","-140","135","","60","62.5","-65","62.5","","155","162.5","-172.5","162.5","","360","SBD"
"3","Linda Bonadio",,"F","1980","46","",,"Raw","F Master 40-49 Raw SBD","72.8","75","115","120","125","125","","-57.5","57.5","62.5","62.5","","135","145","150","150","","337.5","SBD"
"4","Melanie Helmy",,"F","1981","45","",,"Raw","F Master 40-49 Raw SBD","73.4","75","110","120","-127.5","120","","65","-70","-72.5","65","","130","145","152.5","152.5","","337.5","SBD"
"1","Joanne Forden",,"F","1981","45","",,"Raw","F Master 40-49 Raw SBD","77.9","82.5","150","160","-165","160","","107.5","112.5","115","115","","175","-190","-190","175","","450","SBD"
"2","Felicity Lines",,"F","1982","44","",,"Raw","F Master 40-49 Raw SBD","81.4","82.5","150","-160","160","160","","80","85","-87.5","85","","150","160","165","165","","410","SBD"
"3","Kristy Hayes",,"F","1986","40","",,"Raw","F Master 40-49 Raw SBD","79.8","82.5","140","-147.5","147.5","147.5","","67.5","72.5","77.5","77.5","","135","142.5","-147.5","142.5","","367.5","SBD"
"4","Freda Lee",,"F","1978","48","",,"Raw","F Master 40-49 Raw SBD","82.3","82.5","-110","-110","110","110","","65","67.5","70","70","","150","162.5","-172.5","162.5","","342.5","SBD"
"5","Rania Osmany",,"F","1980","46","",,"Raw","F Master 40-49 Raw SBD","78","82.5","100","110","-115","110","","60","-65","-65","60","","145","150","155","155","","325","SBD"
"1","Audrey Michelin",,"F","1986","40","",,"Raw","F Master 40-49 Raw SBD","87.9","90","170","180","190","190","","82.5","87.5","92.5","92.5","","190.5","200","210","210","","492.5","SBD"
"2","Apple Valentine",,"F","1980","45","",,"Raw","F Master 40-49 Raw SBD","83.8","90","150","160","-167.5","160","","90","97.5","-102.5","97.5","","160","170","177.5","177.5","","435","SBD"
"3","Anita Fernandes",,"F","1984","42","",,"Raw","F Master 40-49 Raw SBD","88.2","90","145","157.5","162.5","162.5","","80","-82.5","82.5","82.5","","175","185","-192.5","185","","430","SBD"
"4","Rachel Flavin",,"F","1983","43","",,"Raw","F Master 40-49 Raw SBD","88.15","90","162.5","172.5","-177.5","172.5","","77.5","82.5","-85","82.5","","165","-175","-175","165","","420","SBD"
"5","Sara Weuffen-Humphrey",,"F","1982","44","",,"Raw","F Master 40-49 Raw SBD","88.65","90","125","132.5","140","140","","72.5","77.5","80","80","","127.5","137.5","-145","137.5","","357.5","SBD"
"1","Danielle Cox",,"F","1984","42","",,"Raw","F Master 40-49 Raw SBD","108.6","110","175","192.5","-205.5","192.5","","72.5","80","-82.5","80","","155","165","-170","165","","437.5","SBD"
"1","Rubena Uelese",,"F","1986","40","",,"Raw","F Master 40-49 Raw SBD","116.3","110","185","195","200","200","","120","127.5","132.5","132.5","","200","220","232.5","232.5","","565","SBD"
"2","Vanessa Madigan",,"F","1984","42","",,"Raw","F Master 40-49 Raw SBD","116.85","110","160","170","172.5","172.5","","80","85","90","90","","152.5","162.5","170","170","","432.5","SBD"
"3","Megan Stinson",,"F","1981","45","",,"Raw","F Master 40-49 Raw SBD","126.4","110","125","-130","-130","125","","75","77.5","-82.5","77.5","","137.5","-147.5","-147.5","137.5","","340","SBD"
"1","Samantha Meissner",,"F","1975","51","",,"Raw","F Master 50-59 Raw SBD","55.4","56","127.5","-135","135","135","","70","-75","-75","70","","130","137.5","-142.5","137.5","","342.5","SBD"
"2","Pam Li",,"F","1970","56","",,"Raw","F Master 50-59 Raw SBD","55.1","56","102.5","110","-113","110","","55","57.5","58.5","58.5","","127.5","137.5","142.5","142.5","","311","SBD"
"1","Sarah Taylor",,"F","1973","53","",,"Raw","F Master 50-59 Raw SBD","63.6","67.5","145","-152.5","-152.5","145","","80","85","-90","85","","162.5","170","-175","170","","400","SBD"
"2","Yolandi Byrne",,"F","1972","53","",,"Raw","F Master 50-59 Raw SBD","64.8","67.5","107.5","115","117.5","117.5","","60","62.5","-65","62.5","","122.5","132.5","-142.5","132.5","","312.5","SBD"
"1","Samantha Sutton",,"F","1968","58","",,"Raw","F Master 50-59 Raw SBD","74.5","75","125","-132.5","132.5","132.5","","60","67.5","-70","67.5","","140","152.5","157.5","157.5","","357.5","SBD"
"1","Mel Jackson",,"F","1975","50","",,"Raw","F Master 50-59 Raw SBD","81.9","82.5","137.5","145","150","150","","75","80","85","85","","175","185","-190","185","","420","SBD"
"2","Jacinta Holman",,"F","1969","57","",,"Raw","F Master 50-59 Raw SBD","81.5","82.5","115","-125","130","130","","72.5","80","-82.5","80","","165","175","185","185","","395","SBD"
"3","Yolanda Fourie",,"F","1974","52","",,"Raw","F Master 50-59 Raw SBD","80.2","82.5","115","-122.5","122.5","122.5","","67.5","72.5","-75","72.5","","160","167.5","175","175","","370","SBD"
"4","Angela Clough",,"F","1969","56","",,"Raw","F Master 50-59 Raw SBD","79.25","82.5","107.5","115","120","120","","55","60","65","65","","127.5","137.5","-142.5","137.5","","322.5","SBD"
"5","Eminum Heinrich",,"F","1969","56","",,"Raw","F Master 50-59 Raw SBD","80","82.5","115","125","-148","125","","50","60","62.5","62.5","","110","125","-132.5","125","","312.5","SBD"
"1","Jovina Brechhtefeld",,"F","1975","51","",,"Raw","F Master 50-59 Raw SBD","89.25","90","150","160","-167.5","160","","80","90","-95","90","","170","-182.5","182.5","182.5","","432.5","SBD"
"2","Jacqueline Mooney",,"F","1972","54","",,"Raw","F Master 50-59 Raw SBD","88.85","90","137.5","147.5","-152.5","147.5","","80","82.5","85","85","","140","-150","","140","","372.5","SBD"
"3","Raylene Godbier",,"F","1974","52","",,"Raw","F Master 50-59 Raw SBD","87.25","90","135","-142.5","-147.5","135","","65","72.5","-80","72.5","","150","162.5","-175","162.5","","370","SBD"
"4","Dianne Reeves",,"F","1969","56","",,"Raw","F Master 50-59 Raw SBD","86.7","90","115","123","-127.5","123","","62.5","67.5","-70.5","67.5","","155","165.5","170.5","170.5","","361","SBD"
"5","Rosie Kew",,"F","1971","55","",,"Raw","F Master 50-59 Raw SBD","87.6","90","122.5","-132.5","132.5","132.5","","52.5","-60","-60","52.5","","152.5","162.5","-171","162.5","","347.5","SBD"
"1","Jane Meriatake Neemia",,"F","1970","56","",,"Raw","F Master 50-59 Raw SBD","103.4","110","-115","115","-125","115","","40","47.5","-52.5","47.5","","115","130","140","140","","302.5","SBD"
"1","Kylie Findley",,"F","1969","57","",,"Raw","F Master 50-59 Raw SBD","118.8","110","145","152.5","160","160","","65","70","-75","70","","165","175","180","180","","410","SBD"
"1","Sue Blakeley Kerr",,"F","1962","64","",,"Raw","F Master 60-69 Raw SBD","64.5","67.5","100","110.5","-115","110.5","","65","67.5","70","70","","120","-130","130","130","","310.5","SBD"
"2","Sonja Gluck",,"F","1966","60","",,"Raw","F Master 60-69 Raw SBD","66","67.5","110","-115","-115","110","","55","62.5","-67.5","62.5","","120","-135","-135","120","","292.5","SBD"
"1","Sue Harris",,"F","1965","60","",,"Raw","F Master 60-69 Raw SBD","72.1","75","107.5","115.5","120","120","","52.5","58","60","60","","125","132.5","137.5","137.5","","317.5","SBD"
"2","Wendy Hamilton",,"F","1957","68","",,"Raw","F Master 60-69 Raw SBD","69.3","75","75","82.5","87.5","87.5","","47.5","50","","50","","125","137.5","148","148","","285.5","SBD"
"3","Leonie Anderson",,"F","1963","63","",,"Raw","F Master 60-69 Raw SBD","72.9","75","105","110","-115.5","110","","50","52.5","-55","52.5","","100","110","-120","110","","272.5","SBD"
"1","Jayne Coppins",,"F","1964","62","",,"Raw","F Master 60-69 Raw SBD","87.95","90","105","112.5","117.5","117.5","","55","60","62.5","62.5","","135","145","150","150","","330","SBD"
"1","Dianne Weick",,"F","1956","70","",,"Raw","F Master 70-79 Raw SBD","63.4","67.5","-75","75","82.5","82.5","","42.5","-45","45","45","","100","110","115.5","115.5","","243","SBD"
"2","Nance Bellew",,"F","1955","71","",,"Raw","F Master 70-79 Raw SBD","65.8","67.5","","","","","","52.5","55","-58.5","55","","87.5","98","105.5","105.5","","160.5","SBD"
"1","Margaret Pukallus",,"F","1950","75","",,"Raw","F Master 70-79 Raw SBD","88.75","90","95","105.5","110","110","","37.5","40","-42.5","40","","105","115","-120","115","","265","SBD"
"1","Elena Ohta",,"F","2013","12","",,"Raw","F Open Raw SBD","40.5","44","60","65.5","70","70","","42.5","45","-50","45","","85","92.5","-97.5","92.5","","207.5","SBD"
"1","Teale Ryan",,"F","1996","30","",,"Raw","F Open Raw SBD","47.8","48","-90","90","-95","90","","62.5","65","-66","65","","105","112.5","-117.5","112.5","","267.5","SBD"
"2","Lilika Ohta",,"F","2011","15","",,"Raw","F Open Raw SBD","47.2","48","70","75","-80","75","","32.5","35.5","-37.5","35.5","","105","-110.5","-110.5","105","","215.5","SBD"
"1","Emily Schinella",,"F","1999","26","",,"Raw","F Open Raw SBD","51.7","52","150","155","-160","155","","85","90","92.5","92.5","","172.5","-180","180","180","","427.5","SBD"
"2","Onica Mhaka",,"F","1995","31","",,"Raw","F Open Raw SBD","50.9","52","127.5","135","-140","135","","65","70","72.5","72.5","","147.5","157.5","-162.5","157.5","","365","SBD"
"3","Christine Camandang",,"F","1994","32","",,"Raw","F Open Raw SBD","51.6","52","122.5","130","137.5","137.5","","57.5","62.5","65","65","","145","160","-167.5","160","","362.5","SBD"
"4","Jacinta Nguyen",,"F","1989","37","",,"Raw","F Open Raw SBD","51.7","52","102.5","-107.5","107.5","107.5","","52.5","55","57.5","57.5","","150","157.5","162.5","162.5","","327.5","SBD"
"5","Zaakirah Khan",,"F","2000","25","",,"Raw","F Open Raw SBD","51.4","52","95","105","112.5","112.5","","52.5","57.5","-60","57.5","","112.5","122.5","-130","122.5","","292.5","SBD"
"6","Qiao Hui Tan",,"F","2002","23","",,"Raw","F Open Raw SBD","49.7","52","","","","","","62.5","70","73","73","","","","","","","73","SBD"
"DQ","Simone Jewel Uera",,"F","2005","20","",,"Raw","F Open Raw SBD","52","52","100","-120","-120","100","","45","-50","-50","45","","-90","-102.5","-102.5","","","","SBD"
"1","Amanda Wyzenbeek",,"F","1980","46","",,"Raw","F Open Raw SBD","53.9","56","125","135","140","140","","75","80","82.5","82.5","","167.5","177.5","190","190","","412.5","SBD"
"2","Regine Rosello",,"F","1999","27","",,"Raw","F Open Raw SBD","55.2","56","132.5","142.5","-147.5","142.5","","65","70","-72.5","70","","145","157.5","165","165","","377.5","SBD"
"3","Ella Green",,"F","2002","24","",,"Raw","F Open Raw SBD","54.8","56","112.5","120","125","125","","80","85","88","88","","120","132.5","140","140","","353","SBD"
"4","Samantha Meissner",,"F","1975","51","",,"Raw","F Open Raw SBD","55.4","56","127.5","-135","135","135","","70","-75","-75","70","","130","137.5","-142.5","137.5","","342.5","SBD"
"5","Hollie McConkey",,"F","1995","31","",,"Raw","F Open Raw SBD","55.1","56","117.5","122.5","-125","122.5","","65","-67.5","-67.5","65","","140","147.5","152.5","152.5","","340","SBD"
"6","Pam Li",,"F","1970","56","",,"Raw","F Open Raw SBD","55.1","56","102.5","110","-113","110","","55","57.5","58.5","58.5","","127.5","137.5","142.5","142.5","","311","SBD"
"7","Georgia simpson",,"F","1996","30","",,"Raw","F Open Raw SBD","54.3","56","100","-107.5","107.5","107.5","","50","-52.5","-52.5","50","","130","140","-142.5","140","","297.5","SBD"
"8","Maia Macatangay",,"F","2001","24","",,"Raw","F Open Raw SBD","54.8","56","102.5","-112.5","-112.5","102.5","","60","65","-70","65","","112.5","120","-125","120","","287.5","SBD"
"9","Dimmity Molyneux",,"F","1983","42","",,"Raw","F Open Raw SBD","55.5","56","-100","105","-107.5","105","","52.5","55","-57.5","55","","110","115","-120","115","","275","SBD"
"10","Carmen Leet",,"F","1995","31","",,"Raw","F Open Raw SBD","55.8","56","90","95","-100","95","","47.5","-50","50","50","","115","120","-125","120","","265","SBD"
"11","Scarlett Napper",,"F","2016","10","",,"Raw","F Open Raw SBD","53.6","56","40","45","50","50","","30","32.5","35","35","","45","-47.5","-47.5","45","","130","SBD"
"1","Maddy Davis",,"F","2000","26","",,"Raw","F Open Raw SBD","58.6","60","162.5","170.5","176","176","","80","85","-87.5","85","","157.5","167.5","172.5","172.5","","433.5","SBD"
"2","Emily Furness",,"F","1989","36","",,"Raw","F Open Raw SBD","58.1","60","137.5","145","-150","145","","80","85","-87.5","85","","177.5","190","-202.5","190","","420","SBD"
"3","Ishbel Graham",,"F","2001","24","",,"Raw","F Open Raw SBD","58.1","60","135","145","150","150","","85","90","-92.5","90","","160","170","177.5","177.5","","417.5","SBD"
"4","Teri-Bwebwe Toom",,"F","2009","17","",,"Raw","F Open Raw SBD","57.5","60","-155","155","-162.5","155","","85","90","-92.5","90","","152.5","160","-165","160","","405","SBD"
"5","Christina Avraam",,"F","1998","28","",,"Raw","F Open Raw SBD","59.3","60","125","135","-142.5","135","","70","-77.5","-77.5","70","","175","185","-190","185","","390","SBD"
"6","Rosie Hunt",,"F","1977","48","",,"Raw","F Open Raw SBD","57.3","60","120","125","130","130","","62.5","67.5","72.5","72.5","","160","170","180","180","","382.5","SBD"
"7","Sam Russo",,"F","1991","35","",,"Raw","F Open Raw SBD","58.3","60","125","132.5","140","140","","65","70","-72.5","70","","142.5","155","162.5","162.5","","372.5","SBD"
"8","Stephanie Marick",,"F","1992","34","",,"Raw","F Open Raw SBD","59.8","60","125","132.5","137.5","137.5","","55","57.5","-60","57.5","","160","167.5","-175","167.5","","362.5","SBD"
"9","Sammara Giles",,"F","1998","28","",,"Raw","F Open Raw SBD","59.3","60","125","132.5","-137.5","132.5","","65","-70","-70","65","","150","157.5","162.5","162.5","","360","SBD"
"10","Kimina Rose Dabwido",,"F","2005","21","",,"Raw","F Open Raw SBD","57.85","60","-135","-135","135","135","","65","-75","-75","65","","-140","140","152.5","152.5","","352.5","SBD"
"11","Noni Croudace",,"F","1980","45","",,"Raw","F Open Raw SBD","57.1","60","115","120","125","125","","65","67.5","70","70","","145","152.5","155","155","","350","SBD"
"12","Bronte Naylor",,"F","2003","23","",,"Raw","F Open Raw SBD","59.9","60","-120","120","-125","120","","60","65","67.5","67.5","","135","-145","150","150","","337.5","SBD"
"13","Melissa Garvin",,"F","2000","25","",,"Raw","F Open Raw SBD","59.5","60","110","120","-125","120","","60","65","-67.5","65","","115","125","130","130","","315","SBD"
"14","Paris Couzijn",,"F","2004","21","",,"Raw","F Open Raw SBD","59.7","60","100","110","115","115","","50","55","-57.5","55","","130","145","-150","145","","315","SBD"
"15","Keziah Zavael",,"F","1979","47","",,"Raw","F Open Raw SBD","59.1","60","-102.5","105","-112.5","105","","55","60","-65","60","","120","127.5","132.5","132.5","","297.5","SBD"
"16","Leah Beckenham",,"F","2005","21","",,"Raw","F Open Raw SBD","56.6","60","120","-127.5","-127.5","120","","57.5","-62.5","-62.5","57.5","","117.5","-120","-122.5","117.5","","295","SBD"
"17","Aaliyah Biju",,"F","2012","13","",,"Raw","F Open Raw SBD","56.8","60","77.5","85","90","90","","40","45","-47.5","45","","100","110","-115","110","","245","SBD"
"DQ","Abby Tuong",,"F","1989","37","",,"Raw","F Open Raw SBD",,"60","","","","","","","","","","","","","","","","","SBD"
"1","Tilea Fulcher",,"F","1998","28","",,"Raw","F Open Raw SBD","63.1","67.5","182.5","192.5","-200","192.5","","87.5","92.5","-97.5","92.5","","187.5","205","212.5","212.5","","497.5","SBD"
"2","Annabelle Owen",,"F","1999","27","",,"Raw","F Open Raw SBD","66.8","67.5","165","-175","175","175","","87.5","-92.5","-92.5","87.5","","175","-185","-185","175","","437.5","SBD"
"3","Bianca Thornton",,"F","1992","34","",,"Raw","F Open Raw SBD","66.9","67.5","142.5","150","155","155","","75","-80","80","80","","175","185","-190","185","","420","SBD"
"4","Terri Wood",,"F","1986","40","",,"Raw","F Open Raw SBD","67","67.5","135","-142.5","142.5","142.5","","90","95","97.5","97.5","","155","170","180","180","","420","SBD"
"5","Ria Magiris",,"F","2005","21","",,"Raw","F Open Raw SBD","66.2","67.5","-142.5","150","155","155","","82.5","87.5","-90","87.5","","165","175","-186","175","","417.5","SBD"
"6","Ophelia Davies",,"F","2006","20","",,"Raw","F Open Raw SBD","61.9","67.5","130","140","147.5","147.5","","80","85","-90","85","","167.5","175","180","180","","412.5","SBD"
"7","Andrea Lockwood",,"F","1986","40","",,"Raw","F Open Raw SBD","67.2","67.5","132.5","142.5","150","150","","95","100","-102.5","100","","151","157.5","-160","157.5","","407.5","SBD"
"8","Kelly Batterham",,"F","1999","27","",,"Raw","F Open Raw SBD","66.9","67.5","130","142.5","150","150","","72.5","77.5","80","80","","152.5","165","175","175","","405","SBD"
"9","Niamh Meagher",,"F","2002","24","",,"Raw","F Open Raw SBD","62","67.5","140","147.5","152.5","152.5","","70","77.5","80","80","","162.5","170","-175","170","","402.5","SBD"
"10","Sarah Taylor",,"F","1973","53","",,"Raw","F Open Raw SBD","63.6","67.5","145","-152.5","-152.5","145","","80","85","-90","85","","162.5","170","-175","170","","400","SBD"
"11","Brenissa Amram",,"F","2009","17","",,"Raw","F Open Raw SBD","64.15","67.5","155","-162.5","-162.5","155","","75","80","-82.5","80","","152.5","-160","160","160","","395","SBD"
"12","Felicia Leong",,"F","1997","29","",,"Raw","F Open Raw SBD","67.3","67.5","132.5","-140","140","140","","65","70","-75","70","","155","172.5","180","180","","390","SBD"
"13","Jasmine Murphy",,"F","1995","31","",,"Raw","F Open Raw SBD","66.6","67.5","122.5","132.5","-140","132.5","","75","82.5","-87.5","82.5","","155","162.5","170","170","","385","SBD"
"14","Hannah Annetts",,"F","1993","33","",,"Raw","F Open Raw SBD","65","67.5","117.5","122.5","127.5","127.5","","65","67.5","70","70","","160","170","177.5","177.5","","375","SBD"
"15","Adelaide Walker",,"F","1995","31","",,"Raw","F Open Raw SBD","67.3","67.5","132.5","140","","140","","70","-75","-75","70","","-165","165","","165","","375","SBD"
"16","Trina Macmillan",,"F","1993","33","",,"Raw","F Open Raw SBD","66.6","67.5","127.5","135","-140","135","","80","-85","-85","80","","147.5","157.5","-160","157.5","","372.5","SBD"
"17","Shani Dowabobo",,"F","1988","38","",,"Raw","F Open Raw SBD","66.15","67.5","157.5","160","-165","160","","62.5","70","72.5","72.5","","125","132.5","137.5","137.5","","370","SBD"
"18","Nikki Pelz",,"F","1996","29","",,"Raw","F Open Raw SBD","66.8","67.5","120","127.5","135","135","","62.5","67.5","70","70","","150","160","-170","160","","365","SBD"
"19","Heidi Dovaston",,"F","1991","35","",,"Raw","F Open Raw SBD","67.4","67.5","122.5","132.5","-140","132.5","","67.5","72.5","77.5","77.5","","145","-155","-155","145","","355","SBD"
"20","Jessica Pretty",,"F","1987","39","",,"Raw","F Open Raw SBD","66","67.5","110","120","125","125","","60","65","67.5","67.5","","145","155","160","160","","352.5","SBD"
"21","Sharon Johnson",,"F","1981","45","",,"Raw","F Open Raw SBD","65.9","67.5","115","-122.5","125","125","","57.5","65","70","70","","142.5","152.5","-160","152.5","","347.5","SBD"
"22","Michelle Resende Castelani",,"F","1983","42","",,"Raw","F Open Raw SBD","65.65","67.5","115","122.5","-130","122.5","","67.5","72.5","77.5","77.5","","125","132.5","140","140","","340","SBD"
"23","Kelly Croucher",,"F","1985","41","",,"Raw","F Open Raw SBD","66.8","67.5","120","125","-132.5","125","","60","-65","-65","60","","150","152.5","-160","152.5","","337.5","SBD"
"24","Deeana Appadu",,"F","1990","35","",,"Raw","F Open Raw SBD","66.9","67.5","115","122.5","-127.5","122.5","","60","-62.5","-62.5","60","","145","152.5","-160","152.5","","335","SBD"
"25","Mia Paltridge",,"F","2003","22","",,"Raw","F Open Raw SBD","64.3","67.5","100","107.5","112.5","112.5","","70","75","77.5","77.5","","122.5","132.5","142.5","142.5","","332.5","SBD"
"26","Jammie Goodliffe",,"F","2006","20","",,"Raw","F Open Raw SBD","66.1","67.5","115","125","-135","125","","60","-65","65","65","","135","142.5","-150","142.5","","332.5","SBD"
"27","Margot Connell",,"F","2009","17","",,"Raw","F Open Raw SBD","66.4","67.5","105","112.5","120","120","","60","62.5","","62.5","","132.5","142.5","150","150","","332.5","SBD"
"28","Ffleur Mensch",,"F","2003","23","",,"Raw","F Open Raw SBD","66.8","67.5","122.5","130","-135","130","","60","62.5","-67.5","62.5","","125","132.5","140","140","","332.5","SBD"
"29","Megan Barnes",,"F","1982","43","",,"Raw","F Open Raw SBD","67","67.5","102.5","-110","115","115","","55","60","-62.5","60","","142.5","155","-160","155","","330","SBD"
"30","Kattee Bickerton",,"F","1999","27","",,"Raw","F Open Raw SBD","64.9","67.5","115","-122.5","125","125","","62.5","65","-67.5","65","","115","125","-130","125","","315","SBD"
"31","Yolandi Byrne",,"F","1972","53","",,"Raw","F Open Raw SBD","64.8","67.5","107.5","115","117.5","117.5","","60","62.5","-65","62.5","","122.5","132.5","-142.5","132.5","","312.5","SBD"
"32","Lilykay Oliver",,"F","2005","21","",,"Raw","F Open Raw SBD","65.4","67.5","102.5","110","115","115","","72.5","80","-82.5","80","","117.5","-125","-125","117.5","","312.5","SBD"
"33","Eliza Hart",,"F","1994","31","",,"Raw","F Open Raw SBD","66.9","67.5","90","97.5","-105","97.5","","62.5","65","-67.5","65","","130","140","150","150","","312.5","SBD"
"34","Sue Blakeley Kerr",,"F","1962","64","",,"Raw","F Open Raw SBD","64.5","67.5","100","110.5","-115","110.5","","65","67.5","70","70","","120","-130","130","130","","310.5","SBD"
"35","Kate Witton",,"F","1985","41","",,"Raw","F Open Raw SBD","65.7","67.5","97.5","102.5","105","105","","62.5","-67.5","-67.5","62.5","","127.5","137.5","142.5","142.5","","310","SBD"
"36","Sonja Gluck",,"F","1966","60","",,"Raw","F Open Raw SBD","66","67.5","110","-115","-115","110","","55","62.5","-67.5","62.5","","120","-135","-135","120","","292.5","SBD"
"37","Zillania Gioura",,"F","2012","14","",,"Raw","F Open Raw SBD","66.6","67.5","110","-125","-125","110","","50","57.5","-62.5","57.5","","90","-102.5","-102.5","90","","257.5","SBD"
"38","Dianne Weick",,"F","1956","70","",,"Raw","F Open Raw SBD","63.4","67.5","-75","75","82.5","82.5","","42.5","-45","45","45","","100","110","115.5","115.5","","243","SBD"
"39","Nance Bellew",,"F","1955","71","",,"Raw","F Open Raw SBD","65.8","67.5","","","","","","52.5","55","-58.5","55","","87.5","98","105.5","105.5","","160.5","SBD"
"DQ","Emily Salmond",,"F","1985","41","",,"Raw","F Open Raw SBD",,"67.5","","","","","","","","","","","","","","","","","SBD"
"DQ","Megan Gray",,"F","1990","35","",,"Raw","F Open Raw SBD",,"67.5","","","","","","","","","","","","","","","","","SBD"
"DQ","Tayla Hinton",,"F","2001","24","",,"Raw","F Open Raw SBD",,"67.5","","","","","","","","","","","","","","","","","SBD"
"1","Melanie West-Sooby",,"F","1993","32","",,"Raw","F Open Raw SBD","71.8","75","150","165","175","175","","90","97.5","-105.5","97.5","","170","185","202.5","202.5","","475","SBD"
"2","Carmen Daldry",,"F","1984","42","",,"Raw","F Open Raw SBD","72.2","75","170","182.5","190","190","","90","95","-100","95","","175","185","190","190","","475","SBD"
"3","Emily Rowell",,"F","2007","19","",,"Raw","F Open Raw SBD","74.4","75","160","170","-175.5","170","","87.5","90","92.5","92.5","","160","172.5","180","180","","442.5","SBD"
"4","Juliet Freya",,"F","2009","17","",,"Raw","F Open Raw SBD","71.5","75","155","165","170","170","","72.5","80","85","85","","155","170","180","180","","435","SBD"
"5","Gabby Mast",,"F","1995","31","",,"Raw","F Open Raw SBD","72.9","75","150","157.5","165","165","","85","90","-92.5","90","","160","170","-187.5","170","","425","SBD"
"6","Ella Collins",,"F","1999","27","",,"Raw","F Open Raw SBD","68.8","75","142.5","152.5","-160","152.5","","77.5","-82.5","-82.5","77.5","","175","185","190","190","","420","SBD"
"7","Leila Warnes",,"F","1997","29","",,"Raw","F Open Raw SBD","72","75","135","145","-155","145","","-85","90","95","95","","160","175","-185","175","","415","SBD"
"8","Angelina Johnston",,"F","2001","25","",,"Raw","F Open Raw SBD","73.3","75","135","145","-150","145","","92.5","97.5","-100","97.5","","155","167.5","-172.5","167.5","","410","SBD"
"9","Jessica De Jong",,"F","1997","28","",,"Raw","F Open Raw SBD","72.6","75","145","-152.5","155","155","","75","-80","80","80","","162.5","172.5","-180","172.5","","407.5","SBD"
"10","Emma Bowden",,"F","2001","25","",,"Raw","F Open Raw SBD","73.1","75","135","140","147.5","147.5","","85","90","-92.5","90","","155","165","-170","165","","402.5","SBD"
"11","Amber Spiby",,"F","1993","33","",,"Raw","F Open Raw SBD","72.2","75","140","147.5","152.5","152.5","","57.5","62.5","-65","62.5","","162.5","172.5","182.5","182.5","","397.5","SBD"
"12","Cate Fletcher",,"F","1994","32","",,"Raw","F Open Raw SBD","72.6","75","137.5","145","-152.5","145","","70","75","77.5","77.5","","155","167.5","175","175","","397.5","SBD"
"13","Skye Wright",,"F","1999","27","",,"Raw","F Open Raw SBD","72.4","75","125","132.5","137.5","137.5","","75","80","-82.5","80","","152.5","160","165","165","","382.5","SBD"
"14","Bridget Hughes",,"F","1991","35","",,"Raw","F Open Raw SBD","73","75","130","140","-147.5","140","","70","75","80","80","","150","160","-170","160","","380","SBD"
"15","Jessica Powell",,"F","1999","26","",,"Raw","F Open Raw SBD","74.2","75","115","125","130","130","","75","80","-82.5","80","","155","165","170","170","","380","SBD"
"16","Laura Fox",,"F","1990","36","",,"Raw","F Open Raw SBD","73.7","75","120","130","-140","130","","70","75","-77.5","75","","155","-170","170","170","","375","SBD"
"17","Madeline Schumacher",,"F","1997","29","",,"Raw","F Open Raw SBD","74.4","75","137.5","147.5","-155","147.5","","65","70","75","75","","137.5","147.5","-152.5","147.5","","370","SBD"
"18","Abelline Ratabwiy",,"F","2006","20","",,"Raw","F Open Raw SBD","74.5","75","140","150","155","155","","70","75","-77.5","75","","135","-137.5","137.5","137.5","","367.5","SBD"
"19","Jordyn Sullivan",,"F","2002","24","",,"Raw","F Open Raw SBD","74.6","75","137.5","-145","-145","137.5","","72.5","77.5","-80","77.5","","140","147.5","-155","147.5","","362.5","SBD"
"20","Christine McKee",,"F","1984","42","",,"Raw","F Open Raw SBD","72.3","75","125","135","-140","135","","60","62.5","-65","62.5","","155","162.5","-172.5","162.5","","360","SBD"
"21","Samantha Sutton",,"F","1968","58","",,"Raw","F Open Raw SBD","74.5","75","125","-132.5","132.5","132.5","","60","67.5","-70","67.5","","140","152.5","157.5","157.5","","357.5","SBD"
"22","Samantha Dolan",,"F","2002","24","",,"Raw","F Open Raw SBD","71","75","115","125","-132.5","125","","65","70","75","75","","130","142.5","152.5","152.5","","352.5","SBD"
"23","Natalie Cannon",,"F","2000","26","",,"Raw","F Open Raw SBD","74.6","75","110","120","-130","120","","65","70","75","75","","130","142.5","155","155","","350","SBD"
"24","Natasha Wilson",,"F","1995","30","",,"Raw","F Open Raw SBD","69.1","75","105","112.5","117.5","117.5","","62.5","67.5","70","70","","145","160","-170","160","","347.5","SBD"
"25","Renee Stephenson",,"F","1996","30","",,"Raw","F Open Raw SBD","73.6","75","120","127.5","-135","127.5","","60","-65","-65","60","","155","-170","-170","155","","342.5","SBD"
"26","Eva Newnham",,"F","2010","16","",,"Raw","F Open Raw SBD","73.6","75","125","-132.5","-132.5","125","","-67.5","70","72.5","72.5","","145","-150","-150","145","","342.5","SBD"
"27","Linda Bonadio",,"F","1980","46","",,"Raw","F Open Raw SBD","72.8","75","115","120","125","125","","-57.5","57.5","62.5","62.5","","135","145","150","150","","337.5","SBD"
"28","Melanie Helmy",,"F","1981","45","",,"Raw","F Open Raw SBD","73.4","75","110","120","-127.5","120","","65","-70","-72.5","65","","130","145","152.5","152.5","","337.5","SBD"
"29","Malia Spencer",,"F","2003","22","",,"Raw","F Open Raw SBD","74.1","75","125","135","-142.5","135","","62.5","-67.5","-67.5","62.5","","130","137.5","-142.5","137.5","","335","SBD"
"30","Rachel Woods",,"F","1989","37","",,"Raw","F Open Raw SBD","73.8","75","97.5","107.5","-115","107.5","","57.5","62.5","-65","62.5","","142.5","150","160","160","","330","SBD"
"31","Bella Taylor-Rose",,"F","2010","16","",,"Raw","F Open Raw SBD","69.8","75","110","120","-125","120","","55","60","-62.5","60","","130","140","-145","140","","320","SBD"
"32","Sue Harris",,"F","1965","60","",,"Raw","F Open Raw SBD","72.1","75","107.5","115.5","120","120","","52.5","58","60","60","","125","132.5","137.5","137.5","","317.5","SBD"
"33","Wendy Hamilton",,"F","1957","68","",,"Raw","F Open Raw SBD","69.3","75","75","82.5","87.5","87.5","","47.5","50","","50","","125","137.5","148","148","","285.5","SBD"
"34","Leonie Anderson",,"F","1963","63","",,"Raw","F Open Raw SBD","72.9","75","105","110","-115.5","110","","50","52.5","-55","52.5","","100","110","-120","110","","272.5","SBD"
"1","Samantha Bun",,"F","1989","37","",,"Raw","F Open Raw SBD","81.8","82.5","160","170","-180","170","","90","100","105","105","","170","190","195","195","","470","SBD"
"2","Joanne Forden",,"F","1981","45","",,"Raw","F Open Raw SBD","77.9","82.5","150","160","-165","160","","107.5","112.5","115","115","","175","-190","-190","175","","450","SBD"
"3","Scarlet Huggett",,"F","2001","25","",,"Raw","F Open Raw SBD","81.8","82.5","145","157.5","165","165","","90","97.5","-105","97.5","","150","162.5","175","175","","437.5","SBD"
"4","Hayley Russell",,"F","1993","33","",,"Raw","F Open Raw SBD","81.3","82.5","160","170","-175","170","","75","80","-82.5","80","","175","185","-190","185","","435","SBD"
"5","Rachel Morrissey",,"F","1999","27","",,"Raw","F Open Raw SBD","80.8","82.5","147.5","160","-172.5","160","","90","97.5","102.5","102.5","","152.5","165","-177.5","165","","427.5","SBD"
"6","Mel Jackson",,"F","1975","50","",,"Raw","F Open Raw SBD","81.9","82.5","137.5","145","150","150","","75","80","85","85","","175","185","-190","185","","420","SBD"
"7","Bianca Ho",,"F","2004","22","",,"Raw","F Open Raw SBD","78.5","82.5","157.5","167.5","170","170","","55","60","62.5","62.5","","155","170","180","180","","412.5","SBD"
"8","Amy Clair",,"F","1988","38","",,"Raw","F Open Raw SBD","79.2","82.5","142.5","152.5","-160","152.5","","92.5","97.5","-100","97.5","","150","160","-165","160","","410","SBD"
"9","Felicity Lines",,"F","1982","44","",,"Raw","F Open Raw SBD","81.4","82.5","150","-160","160","160","","80","85","-87.5","85","","150","160","165","165","","410","SBD"
"10","Brooke Michalowski",,"F","1996","30","",,"Raw","F Open Raw SBD","80.5","82.5","142.5","155","162.5","162.5","","70","75","80","80","","135","147.5","160","160","","402.5","SBD"
"11","Olivia Sturgiss",,"F","1999","27","",,"Raw","F Open Raw SBD","81.9","82.5","142.5","152.5","-160","152.5","","75","-82.5","-87.5","75","","160","175","-185","175","","402.5","SBD"
"12","Jacinta Holman",,"F","1969","57","",,"Raw","F Open Raw SBD","81.5","82.5","115","-125","130","130","","72.5","80","-82.5","80","","165","175","185","185","","395","SBD"
"13","Laura Armenian",,"F","1993","33","",,"Raw","F Open Raw SBD","82.2","82.5","130","137.5","145","145","","92.5","97.5","102.5","102.5","","140","147.5","-152.5","147.5","","395","SBD"
"14","Lana O'Brien",,"F","2004","22","",,"Raw","F Open Raw SBD","76.4","82.5","125","135","140","140","","85","90.5","","90.5","","145","155","162.5","162.5","","393","SBD"
"15","Taylor Smith",,"F","1997","29","",,"Raw","F Open Raw SBD","80.25","82.5","130","140","-145","140","","67.5","72.5","-75","72.5","","152.5","162.5","172.5","172.5","","385","SBD"
"16","Ralfita Molnika",,"F","2004","21","",,"Raw","F Open Raw SBD","75.7","82.5","130","142.5","147.5","147.5","","77.5","82.5","85","85","","135","150","-160","150","","382.5","SBD"
"17","Bethany Van Ross",,"F","1992","34","",,"Raw","F Open Raw SBD","81.3","82.5","-125","125","-135","125","","82.5","92.5","97.5","97.5","","140","152.5","-162.5","152.5","","375","SBD"
"18","Yolanda Fourie",,"F","1974","52","",,"Raw","F Open Raw SBD","80.2","82.5","115","-122.5","122.5","122.5","","67.5","72.5","-75","72.5","","160","167.5","175","175","","370","SBD"
"19","Kristy Hayes",,"F","1986","40","",,"Raw","F Open Raw SBD","79.8","82.5","140","-147.5","147.5","147.5","","67.5","72.5","77.5","77.5","","135","142.5","-147.5","142.5","","367.5","SBD"
"20","Bethanie Burrows",,"F","2002","24","",,"Raw","F Open Raw SBD","81.75","82.5","127.5","137.5","-142.5","137.5","","57.5","62.5","65","65","","-147.5","147.5","-152.5","147.5","","350","SBD"
"21","Violet Hare",,"F","1997","28","",,"Raw","F Open Raw SBD","79","82.5","122.5","130","-135","130","","67.5","-75","-75","67.5","","145","-150","-150","145","","342.5","SBD"
"22","Freda Lee",,"F","1978","48","",,"Raw","F Open Raw SBD","82.3","82.5","-110","-110","110","110","","65","67.5","70","70","","150","162.5","-172.5","162.5","","342.5","SBD"
"23","Rania Osmany",,"F","1980","46","",,"Raw","F Open Raw SBD","78","82.5","100","110","-115","110","","60","-65","-65","60","","145","150","155","155","","325","SBD"
"24","Angela Clough",,"F","1969","56","",,"Raw","F Open Raw SBD","79.25","82.5","107.5","115","120","120","","55","60","65","65","","127.5","137.5","-142.5","137.5","","322.5","SBD"
"25","Charlotte Storey",,"F","2007","19","",,"Raw","F Open Raw SBD","81","82.5","115","-120","-120","115","","67.5","-70","-70","67.5","","120","127.5","132.5","132.5","","315","SBD"
"26","Eminum Heinrich",,"F","1969","56","",,"Raw","F Open Raw SBD","80","82.5","115","125","-148","125","","50","60","62.5","62.5","","110","125","-132.5","125","","312.5","SBD"
"DQ","Sam Vinson",,"F","1993","32","",,"Raw","F Open Raw SBD",,"82.5","","","","","","","","","","","","","","","","","SBD"
"1","Audrey Michelin",,"F","1986","40","",,"Raw","F Open Raw SBD","87.9","90","170","180","190","190","","82.5","87.5","92.5","92.5","","190.5","200","210","210","","492.5","SBD"
"2","Jade Curtis",,"F","2002","23","",,"Raw","F Open Raw SBD","85.35","90","167.5","180","-185.5","180","","80","85","","85","","170","177.5","-180","177.5","","442.5","SBD"
"3","Kayla Horsfall",,"F","1995","31","",,"Raw","F Open Raw SBD","86.05","90","150","162.5","170","170","","82.5","87.5","-90","87.5","","160","175","185","185","","442.5","SBD"
"4","Trinity Daffern",,"F","2002","24","",,"Raw","F Open Raw SBD","87.85","90","155","165","-170","165","","102.5","107.5","-112.5","107.5","","155","162.5","167.5","167.5","","440","SBD"
"5","Apple Valentine",,"F","1980","45","",,"Raw","F Open Raw SBD","83.8","90","150","160","-167.5","160","","90","97.5","-102.5","97.5","","160","170","177.5","177.5","","435","SBD"
"6","Christine Marin",,"F","1993","33","",,"Raw","F Open Raw SBD","85.5","90","155","160","165","165","","65","70","72.5","72.5","","185","192.5","197.5","197.5","","435","SBD"
"7","Jovina Brechhtefeld",,"F","1975","51","",,"Raw","F Open Raw SBD","89.25","90","150","160","-167.5","160","","80","90","-95","90","","170","-182.5","182.5","182.5","","432.5","SBD"
"8","Anita Fernandes",,"F","1984","42","",,"Raw","F Open Raw SBD","88.2","90","145","157.5","162.5","162.5","","80","-82.5","82.5","82.5","","175","185","-192.5","185","","430","SBD"
"9","Gemma Squatriti",,"F","1997","29","",,"Raw","F Open Raw SBD","88","90","165","175","-182.5","175","","70","75","-77.5","75","","165","175","-180","175","","425","SBD"
"10","Rachel Flavin",,"F","1983","43","",,"Raw","F Open Raw SBD","88.15","90","162.5","172.5","-177.5","172.5","","77.5","82.5","-85","82.5","","165","-175","-175","165","","420","SBD"
"11","Brianna Smith",,"F","1996","30","",,"Raw","F Open Raw SBD","89.45","90","155","165","-170","165","","65","-77.5","77.5","77.5","","160","172.5","-175","172.5","","415","SBD"
"12","Alicia Wilson",,"F","1989","36","",,"Raw","F Open Raw SBD","89.55","90","150","160","-165","160","","72.5","77.5","-80","77.5","","165","175","-180","175","","412.5","SBD"
"13","Jasmine Uitermark-Thaung",,"F","1997","29","",,"Raw","F Open Raw SBD","86.1","90","132.5","142.5","147.5","147.5","","77.5","-82.5","82.5","82.5","","150","165","175","175","","405","SBD"
"14","Sophie Darling",,"F","1999","27","",,"Raw","F Open Raw SBD","89.75","90","135","147.5","155","155","","75","82.5","85","85","","140","155","165","165","","405","SBD"
"15","Jacqueline Mooney",,"F","1972","54","",,"Raw","F Open Raw SBD","88.85","90","137.5","147.5","-152.5","147.5","","80","82.5","85","85","","140","-150","","140","","372.5","SBD"
"16","Raylene Godbier",,"F","1974","52","",,"Raw","F Open Raw SBD","87.25","90","135","-142.5","-147.5","135","","65","72.5","-80","72.5","","150","162.5","-175","162.5","","370","SBD"
"17","Dianne Reeves",,"F","1969","56","",,"Raw","F Open Raw SBD","86.7","90","115","123","-127.5","123","","62.5","67.5","-70.5","67.5","","155","165.5","170.5","170.5","","361","SBD"
"18","Sara Weuffen-Humphrey",,"F","1982","44","",,"Raw","F Open Raw SBD","88.65","90","125","132.5","140","140","","72.5","77.5","80","80","","127.5","137.5","-145","137.5","","357.5","SBD"
"19","Rosie Kew",,"F","1971","55","",,"Raw","F Open Raw SBD","87.6","90","122.5","-132.5","132.5","132.5","","52.5","-60","-60","52.5","","152.5","162.5","-171","162.5","","347.5","SBD"
"20","Jayne Coppins",,"F","1964","62","",,"Raw","F Open Raw SBD","87.95","90","105","112.5","117.5","117.5","","55","60","62.5","62.5","","135","145","150","150","","330","SBD"
"21","Margaret Pukallus",,"F","1950","75","",,"Raw","F Open Raw SBD","88.75","90","95","105.5","110","110","","37.5","40","-42.5","40","","105","115","-120","115","","265","SBD"
"1","Rachel Fail",,"F","1998","27","",,"Raw","F Open Raw SBD","92","100","200","210","-215","210","","100","110","115","115","","175","185","192.5","192.5","","517.5","SBD"
"2","Chloe Thornton",,"F","2002","24","",,"Raw","F Open Raw SBD","92.85","100","175","190","200","200","","80","87.5","-92.5","87.5","","162.5","175","182.5","182.5","","470","SBD"
"3","Jess Barnard",,"F","1991","34","",,"Raw","F Open Raw SBD","95.4","100","140","152.5","157.5","157.5","","85","90","-92.5","90","","165","177.5","182.5","182.5","","430","SBD"
"4","Caroline Sleziak",,"F","1992","34","",,"Raw","F Open Raw SBD","99.35","100","140","150","-160","150","","62.5","67.5","-72.5","67.5","","160","172.5","182.5","182.5","","400","SBD"
"5","Grace McKenzie",,"F","1991","35","",,"Raw","F Open Raw SBD","97.95","100","125","137.5","150","150","","62.5","67.5","-70","67.5","","157.5","172.5","-187.5","172.5","","390","SBD"
"6","Lee Thompson",,"F","1988","37","",,"Raw","F Open Raw SBD","92.9","100","135","145","152.5","152.5","","67.5","-70","-70","67.5","","150","160","-165","160","","380","SBD"
"1","Danielle Cox",,"F","1984","42","",,"Raw","F Open Raw SBD","108.6","110","175","192.5","-205.5","192.5","","72.5","80","-82.5","80","","155","165","-170","165","","437.5","SBD"
"2","Jane Meriatake Neemia",,"F","1970","56","",,"Raw","F Open Raw SBD","103.4","110","-115","115","-125","115","","40","47.5","-52.5","47.5","","115","130","140","140","","302.5","SBD"
"1","Desiree Meauta",,"F","1994","32","",,"Raw","F Open Raw SBD","116.9","110","195","207.5","215","215","","110","117.5","-120","117.5","","210","225","235","235","","567.5","SBD"
"2","Rubena Uelese",,"F","1986","40","",,"Raw","F Open Raw SBD","116.3","110","185","195","200","200","","120","127.5","132.5","132.5","","200","220","232.5","232.5","","565","SBD"
"3","Breanna Grindrod",,"F","1994","32","",,"Raw","F Open Raw SBD","135.5","110","205","220","-230","220","","95","-100","-100","95","","180","195","-205","195","","510","SBD"
"4","Casey Beggs",,"F","1993","33","",,"Raw","F Open Raw SBD","114.5","110","157.5","-170","-170","157.5","","85","90","-95","90","","170","180","190","190","","437.5","SBD"
"5","Tayla Sias",,"F","1998","27","",,"Raw","F Open Raw SBD","114.6","110","170","180","190","190","","82.5","85","87.5","87.5","","145","152.5","157.5","157.5","","435","SBD"
"6","Vanessa Madigan",,"F","1984","42","",,"Raw","F Open Raw SBD","116.85","110","160","170","172.5","172.5","","80","85","90","90","","152.5","162.5","170","170","","432.5","SBD"
"7","Jessica Stikovic",,"F","1997","29","",,"Raw","F Open Raw SBD","140.5","110","162.5","172.5","-180","172.5","","70","75","-77.5","75","","170","185","-200","185","","432.5","SBD"
"8","Savannah Bayntun",,"F","1999","27","",,"Raw","F Open Raw SBD","140.1","110","165","175","-180","175","","57.5","62.5","70","70","","160","177.5","-190","177.5","","422.5","SBD"
"9","Kylie Findley",,"F","1969","57","",,"Raw","F Open Raw SBD","118.8","110","145","152.5","160","160","","65","70","-75","70","","165","175","180","180","","410","SBD"
"10","Megan Stinson",,"F","1981","45","",,"Raw","F Open Raw SBD","126.4","110","125","-130","-130","125","","75","77.5","-82.5","77.5","","137.5","-147.5","-147.5","137.5","","340","SBD"
"1","Valuanga Detogia",,"M","2007","19","",,"Raw","M Junior 16-19 Raw SBD","65.65","67.5","-200","205","220.5","220.5","","90","-105","-105","90","","220","245","250","250","","560.5","SBD"
"2","David Ruiz",,"M","2009","17","",,"Raw","M Junior 16-19 Raw SBD","66.7","67.5","160","170","182.5","182.5","","97.5","105","110","110","","-190","190","205","205","","497.5","SBD"
"3","Max Johns",,"M","2007","18","",,"Raw","M Junior 16-19 Raw SBD","62.9","67.5","135","140","145","145","","100","110","-117.5","110","","175","190","-195","190","","445","SBD"
"4","Hugo Hovagimian",,"M","2010","16","",,"Raw","M Junior 16-19 Raw SBD","63.5","67.5","140","155","165","165","","95","100","-105","100","","180","-200","-200","180","","445","SBD"
"DQ","Hunter Abbott",,"M","2009","16","",,"Raw","M Junior 16-19 Raw SBD","67.3","67.5","150","165","-170","165","","-130","-140","-140","","","175","190","-200","190","","","SBD"
"1","Danny Teahan",,"M","2008","18","",,"Raw","M Junior 16-19 Raw SBD","72.6","75","190","205","215","215","","112.5","117.5","-125","117.5","","215","230","240","240","","572.5","SBD"
"2","Zeiad Mohamed",,"M","2007","19","",,"Raw","M Junior 16-19 Raw SBD","74.5","75","197.5","210","-217.5","210","","97.5","102.5","-107.5","102.5","","252.5","-262.5","-262.5","252.5","","565","SBD"
"3","Brodie Sinclair",,"M","2008","18","",,"Raw","M Junior 16-19 Raw SBD","71","75","177.5","190","-200","190","","137.5","145","-150.5","145","","190","207.5","217.5","217.5","","552.5","SBD"
"4","Felix Doughty",,"M","2007","19","",,"Raw","M Junior 16-19 Raw SBD","74.2","75","-177.5","182.5","190","190","","117.5","125","130","130","","190","205","-207.5","205","","525","SBD"
"5","Tyron Tranquille",,"M","2009","17","",,"Raw","M Junior 16-19 Raw SBD","68.6","75","165","-175","175","175","","110","120","-125","120","","180","192.5","-205","192.5","","487.5","SBD"
"6","Hayden Grahame",,"M","2009","17","",,"Raw","M Junior 16-19 Raw SBD","74.5","75","162.5","175","180","180","","102.5","110","115","115","","160","175","-187.5","175","","470","SBD"
"1","Rohan Massey",,"M","2008","18","",,"Raw","M Junior 16-19 Raw SBD","82.3","82.5","220","230","-235","230","","152.5","-160","-160","152.5","","220","230","-240","230","","612.5","SBD"
"2","Ryan Zhang",,"M","2008","17","",,"Raw","M Junior 16-19 Raw SBD","81.3","82.5","175","190","202.5","202.5","","125","132.5","137.5","137.5","","235","255","-275","255","","595","SBD"
"3","Dan Atkinson",,"M","2008","17","",,"Raw","M Junior 16-19 Raw SBD","80.2","82.5","205","217.5","-227.5","217.5","","105","112.5","-120","112.5","","210","225","-235","225","","555","SBD"
"4","Caleb Lee",,"M","2007","19","",,"Raw","M Junior 16-19 Raw SBD","82.5","82.5","192.5","202.5","210","210","","112.5","120","125","125","","205","217.5","-222.5","217.5","","552.5","SBD"
"5","Charlie Burns",,"M","2007","19","",,"Raw","M Junior 16-19 Raw SBD","81.2","82.5","190","-200","-205","190","","130","140","145","145","","190","200","212.5","212.5","","547.5","SBD"
"6","Keegan Finn",,"M","2007","19","",,"Raw","M Junior 16-19 Raw SBD","76.2","82.5","175","-187.5","-192.5","175","","-112.5","115","120","120","","190","210","-222.5","210","","505","SBD"
"7","Jayden Navickas",,"M","2010","16","",,"Raw","M Junior 16-19 Raw SBD","79.8","82.5","190","200","-205","200","","90","-95","95","95","","190","200","205","205","","500","SBD"
"1","Seth Harvey",,"M","2009","17","",,"Raw","M Junior 16-19 Raw SBD","89.1","90","220","-235","245","245","","132.5","147.5","-157.5","147.5","","195","220","227.5","227.5","","620","SBD"
"2","Matthew Schimmel",,"M","2007","19","",,"Raw","M Junior 16-19 Raw SBD","89","90","195","205","212.5","212.5","","107.5","-112.5","112.5","112.5","","200","215","230","230","","555","SBD"
"1","Isaac Logan",,"M","2006","19","",,"Raw","M Junior 16-19 Raw SBD","91.05","100","230","237.5","245","245","","140","145","150","150","","265","280","290","290","","685","SBD"
"2","Tristan Tran",,"M","2007","19","",,"Raw","M Junior 16-19 Raw SBD","94.8","100","217.5","230","-240","230","","160","167.5","-172.5","167.5","","265","272.5","-287.5","272.5","","670","SBD"
"3","Joshua Haylock",,"M","2008","18","",,"Raw","M Junior 16-19 Raw SBD","96.9","100","190","202.5","212.5","212.5","","120","130","140","140","","230","245","-260","245","","597.5","SBD"
"1","Hugh Harkins",,"M","2008","17","",,"Raw","M Junior 16-19 Raw SBD","106.4","110","175","195","-210","195","","145","152.5","157.5","157.5","","205","227.5","-235","227.5","","580","SBD"
"1","James Drury",,"M","2004","22","",,"Raw","M Junior 20-23 Raw SBD","74.6","75","207.5","220","-225","220","","127.5","132.5","-135","132.5","","242.5","250","-255","250","","602.5","SBD"
"2","Christian Dang",,"M","2004","22","",,"Raw","M Junior 20-23 Raw SBD","74.1","75","192.5","210","215","215","","130","140","145","145","","237.5","-257.5","-257.5","237.5","","597.5","SBD"
"3","Luke Exley",,"M","2005","21","",,"Raw","M Junior 20-23 Raw SBD","74.3","75","195","210","215","215","","135","142.5","-145","142.5","","-225","-225","235","235","","592.5","SBD"
"4","Jayden Patrick",,"M","2005","21","",,"Raw","M Junior 20-23 Raw SBD","74.9","75","192.5","207.5","-220","207.5","","130","137.5","142.5","142.5","","215","235","-255","235","","585","SBD"
"5","Yuki Yamakura",,"M","2003","23","",,"Raw","M Junior 20-23 Raw SBD","74.6","75","170","185","200","200","","97.5","105","112.5","112.5","","220","237.5","250","250","","562.5","SBD"
"6","Remy Kassim",,"M","2004","22","",,"Raw","M Junior 20-23 Raw SBD","74.6","75","175","187.5","200","200","","112.5","120","130","130","","202.5","217.5","230","230","","560","SBD"
"7","Declan Corkin",,"M","2005","20","",,"Raw","M Junior 20-23 Raw SBD","74.1","75","180","190","197.5","197.5","","120","130","-137.5","130","","195","207.5","215","215","","542.5","SBD"
"1","Timothy Verster",,"M","2003","23","",,"Raw","M Junior 20-23 Raw SBD","82.2","82.5","225","245","","245","","145","-155","-155","145","","235","250","260","260","","650","SBD"
"2","Duke Cooper",,"M","2005","20","",,"Raw","M Junior 20-23 Raw SBD","81.7","82.5","210","230","237.5","237.5","","135","145","150","150","","230","247.5","-255","247.5","","635","SBD"
"3","Levi Logan",,"M","2004","21","",,"Raw","M Junior 20-23 Raw SBD","81.4","82.5","195","210","215","215","","132.5","140","145","145","","242.5","260","272.5","272.5","","632.5","SBD"
"4","Joekan Itsimaera",,"M","2004","22","",,"Raw","M Junior 20-23 Raw SBD","81.5","82.5","220","225","-240","225","","100","110","-120","110","","220","-240","250","250","","585","SBD"
"5","Ethan Mumford",,"M","2005","21","",,"Raw","M Junior 20-23 Raw SBD","81.9","82.5","200","210","215","215","","122.5","132.5","-137.5","132.5","","210","225","232.5","232.5","","580","SBD"
"6","Tenzin Daly",,"M","2005","21","",,"Raw","M Junior 20-23 Raw SBD","81.7","82.5","195","-205","207.5","207.5","","125","135","-140","135","","210","225","235","235","","577.5","SBD"
"7","Tobin Carlton Van Buizen",,"M","2005","21","",,"Raw","M Junior 20-23 Raw SBD","82.4","82.5","180","190","200","200","","125","-135","135","135","","220","235","-250","235","","570","SBD"
"8","Thomas Solimo",,"M","2004","22","",,"Raw","M Junior 20-23 Raw SBD","79","82.5","190","-197.5","","190","","120","125","130","130","","240","-247.5","-247.5","240","","560","SBD"
"DQ","Dominic Watson",,"M","2006","20","",,"Raw","M Junior 20-23 Raw SBD",,"82.5","","","","","","","","","","","","","","","","","SBD"
"1","Zayne Jensen",,"M","2002","23","",,"Raw","M Junior 20-23 Raw SBD","89","90","220","235","250","250","","130","140","-145","140","","240","260","275","275","","665","SBD"
"2","Levi Hall",,"M","2003","22","",,"Raw","M Junior 20-23 Raw SBD","88.05","90","240","260","270","270","","130","-140","140","140","","230","250","-260","250","","660","SBD"
"3","Connor Coghill",,"M","2004","21","",,"Raw","M Junior 20-23 Raw SBD","88.5","90","220","240","-245","240","","155","165","-170","165","","240","250","-255","250","","655","SBD"
"4","Scott Wong",,"M","2003","23","",,"Raw","M Junior 20-23 Raw SBD","87","90","200","210","215","215","","147.5","155","162.5","162.5","","245","260","272.5","272.5","","650","SBD"
"5","Noah Byrnes",,"M","2004","22","",,"Raw","M Junior 20-23 Raw SBD","85.7","90","195","210","-220","210","","125","-132.5","132.5","132.5","","265","275","282.5","282.5","","625","SBD"
"6","Dean Basili",,"M","2005","20","",,"Raw","M Junior 20-23 Raw SBD","88.9","90","217.5","232.5","242.5","242.5","","125","135","137.5","137.5","","237.5","-250","-250","237.5","","617.5","SBD"
"7","Sam Morgan",,"M","2004","22","",,"Raw","M Junior 20-23 Raw SBD","87.9","90","207.5","217.5","222.5","222.5","","117.5","125","130","130","","215","230","237.5","237.5","","590","SBD"
"1","James Zentveld",,"M","2003","23","",,"Raw","M Junior 20-23 Raw SBD","100","100","240","255","270","270","","160","170","-175","170","","270","300","-312.5","300","","740","SBD"
"2","Mosiah Lui",,"M","2004","22","",,"Raw","M Junior 20-23 Raw SBD","96.65","100","227.5","245","255","255","","142.5","-152.5","-152.5","142.5","","260","282.5","300","300","","697.5","SBD"
"3","Ayo Adeyemo",,"M","2004","22","",,"Raw","M Junior 20-23 Raw SBD","97.2","100","220","237.5","242.5","242.5","","145","-155","-155","145","","260","275","290","290","","677.5","SBD"
"4","Joe Eccleston",,"M","2005","21","",,"Raw","M Junior 20-23 Raw SBD","93.9","100","220","240","250","250","","137.5","150","-160","150","","227.5","250","262.5","262.5","","662.5","SBD"
"5","Kevin Cron",,"M","2003","22","",,"Raw","M Junior 20-23 Raw SBD","96.95","100","230","-240","-240","230","","-120","120","125","125","","235","245","255","255","","610","SBD"
"6","Matthew Guilbert",,"M","2005","21","",,"Raw","M Junior 20-23 Raw SBD","91.3","100","205","220","-232.5","220","","135","142.5","150","150","","210","230","","230","","600","SBD"
"DQ","Jack Hobbs",,"M","2004","22","",,"Raw","M Junior 20-23 Raw SBD","91.7","100","200","217.5","-225","217.5","","-127.5","-127.5","-127.5","","","220","237.5","-250","237.5","","","SBD"
"1","Rocca Samson-Post Debao",,"M","2003","22","",,"Raw","M Junior 20-23 Raw SBD","109.7","110","275","-290","-290","275","","170","185","-190","185","","270","-290","290","290","","750","SBD"
"2","Luke Irving",,"M","2002","23","",,"Raw","M Junior 20-23 Raw SBD","107.75","110","240","260","280","280","","175","187.5","-196","187.5","","250","272.5","-282.5","272.5","","740","SBD"
"3","Daniel Breen",,"M","2003","22","",,"Raw","M Junior 20-23 Raw SBD","109.6","110","250","265","-270","265","","165","172.5","-177.5","172.5","","275","300","-305","300","","737.5","SBD"
"4","Trent Boydon",,"M","2005","21","",,"Raw","M Junior 20-23 Raw SBD","105.85","110","210","-225","225","225","","132.5","137.5","142.5","142.5","","250","265","-280","265","","632.5","SBD"
"5","Peter Scholes",,"M","2004","22","",,"Raw","M Junior 20-23 Raw SBD","105.25","110","-230","230","-250","230","","135","140","-145","140","","240","255","-265","255","","625","SBD"
"6","Cooper Mcneilly",,"M","2005","20","",,"Raw","M Junior 20-23 Raw SBD","103.9","110","215","-230","-230","215","","122.5","132.5","-140","132.5","","75","120","175","175","","522.5","SBD"
"1","Kent Nielsen",,"M","2004","22","",,"Raw","M Junior 20-23 Raw SBD","124.8","125","280","300","-307.5","300","","180","-187.5","-187.5","180","","310","340","-350","340","","820","SBD"
"2","Dylan Hodson",,"M","2003","23","",,"Raw","M Junior 20-23 Raw SBD","118.6","125","260","280","-300","280","","145","155","160","160","","280","300","-320","300","","740","SBD"
"DQ","Marques Soper",,"M","2005","21","",,"Raw","M Junior 20-23 Raw SBD",,"125","","","","","","","","","","","","","","","","","SBD"
"1","Mackenzie Napper",,"M","2014","11","",,"Raw","M Junior U/15 Raw SBD","49.4","52","65","70","75","75","","32.5","35","-37.5","35","","60","67.5","75","75","","185","SBD"
"1","Flynn Easton",,"M","2011","15","",,"Raw","M Junior U/15 Raw SBD","82.4","82.5","150","165","175","175","","105","115","122.5","122.5","","180","202.5","212.5","212.5","","510","SBD"
"1","Oscar Davison",,"M","1986","40","",,"Raw","M Master 40-49 Raw SBD","67.1","67.5","177.5","192.5","-200","192.5","","105","110","112.5","112.5","","205","-220","-235","205","","510","SBD"
"1","Isaac Lauder",,"M","1982","44","",,"Raw","M Master 40-49 Raw SBD","80.8","82.5","155","165","-175","165","","100","105","110","110","","185","195","205","205","","480","SBD"
"1","Ben Sellars",,"M","1986","40","",,"Raw","M Master 40-49 Raw SBD","88.25","90","240","255","263","263","","155","165","172.5","172.5","","240","260","-272.5","260","","695.5","SBD"
"2","Luke Howard",,"M","1986","40","",,"Raw","M Master 40-49 Raw SBD","88.9","90","220","230","-235","230","","145","150","152.5","152.5","","-240","250","262.5","262.5","","645","SBD"
"3","Graeme Delaney",,"M","1980","46","",,"Raw","M Master 40-49 Raw SBD","89.3","90","215","-227.5","227.5","227.5","","155","162.5","-167.5","162.5","","205","227.5","240","240","","630","SBD"
"4","Mathew Lipson",,"M","1980","45","",,"Raw","M Master 40-49 Raw SBD","89.9","90","-195","-205","205","205","","-120","120","125","125","","225","240","247.5","247.5","","577.5","SBD"
"5","Alan Cormican",,"M","1986","40","",,"Raw","M Master 40-49 Raw SBD","89.7","90","185","-195","195","195","","125","130","132.5","132.5","","220","-230","-230","220","","547.5","SBD"
"6","Livio Cupellaro",,"M","1984","42","",,"Raw","M Master 40-49 Raw SBD","88.8","90","157.5","170","185","185","","105","112.5","120","120","","195","210","225","225","","530","SBD"
"1","Colin Webb",,"M","1985","41","",,"Raw","M Master 40-49 Raw SBD","98.5","100","275","295","306","306","","162.5","167.5","170","170","","290","312.5","327.5","327.5","","803.5","SBD"
"2","Daniel Gilchrist",,"M","1984","41","",,"Raw","M Master 40-49 Raw SBD","98.2","100","235","250","-257.5","250","","155","160","-168","160","","240","255","-270","255","","665","SBD"
"3","Roberto Saltini",,"M","1983","43","",,"Raw","M Master 40-49 Raw SBD","98.05","100","202.5","215","-220","215","","132.5","140","-145","140","","235","250","255","255","","610","SBD"
"4","Augustine Dekarube",,"M","1981","45","",,"Raw","M Master 40-49 Raw SBD","99","100","225","250","-260","250","","120","135","140","140","","200","-212.5","-212.5","200","","590","SBD"
"1","Brett Jaffrey",,"M","1983","43","",,"Raw","M Master 40-49 Raw SBD","109.4","110","255","265","277.5","277.5","","155","165","172.5","172.5","","290","310","320","320","","770","SBD"
"2","Neal Donlan",,"M","1978","47","",,"Raw","M Master 40-49 Raw SBD","108.35","110","225","245","252.5","252.5","","152.5","166","","166","","260","-285","285","285","","703.5","SBD"
"3","Robert Biggs",,"M","1976","49","",,"Raw","M Master 40-49 Raw SBD","109.2","110","225","245","-255","245","","135","142.5","150","150","","247.5","265","-280","265","","660","SBD"
"4","Nicholas Baldock",,"M","1979","47","",,"Raw","M Master 40-49 Raw SBD","108.95","110","230","245","-255","245","","130","140","-145","140","","240","255","-265","255","","640","SBD"
"5","Robert McEvoy",,"M","1983","42","",,"Raw","M Master 40-49 Raw SBD","108.25","110","210","230","-235","230","","110","115","-117.5","115","","230","245","255","255","","600","SBD"
"6","Carlos Varney",,"M","1985","40","",,"Raw","M Master 40-49 Raw SBD","106","110","205","217.5","-225","217.5","","125","132.5","140","140","","215","227.5","232.5","232.5","","590","SBD"
"1","Roy Detabene",,"M","1986","40","",,"Raw","M Master 40-49 Raw SBD","113.8","125","325","350","362.5","362.5","","190","205","212.5","212.5","","295","315","325","325","","900","SBD"
"2","Leslie Harris",,"M","1980","46","",,"Raw","M Master 40-49 Raw SBD","122.3","125","220","240","250","250","","135","147.5","-155","147.5","","235","265","-275","265","","662.5","SBD"
"1","George Brabec",,"M","1980","46","",,"Raw","M Master 40-49 Raw SBD","131.8","140","-212.5","212.5","220","220","","147.5","155","160","160","","205","225","240","240","","620","SBD"
"1","Marc Rodgers",,"M","1981","45","",,"Raw","M Master 40-49 Raw SBD","140.2","140","295","320","-335","320","","185","195","-202.5","195","","275","300","307.5","307.5","","822.5","SBD"
"1","Tariq Osmany",,"M","1974","52","",,"Raw","M Master 50-59 Raw SBD","72.6","75","130","135","140","140","","80","85","-92.5","85","","170","177.5","182.5","182.5","","407.5","SBD"
"1","Matthew Bolonis",,"M","1975","50","",,"Raw","M Master 50-59 Raw SBD","81.6","82.5","185","192.5","-197.5","192.5","","107.5","-112.5","-112.5","107.5","","230","247.5","-255","247.5","","547.5","SBD"
"1","Kelly Major",,"M","1973","52","",,"Raw","M Master 50-59 Raw SBD","88.4","90","-200","207.5","215","215","","117.5","122.5","127.5","127.5","","215","225","232.5","232.5","","575","SBD"
"1","Clark James",,"M","1973","53","",,"Raw","M Master 50-59 Raw SBD","98.75","100","195","210","220","220","","142.5","150","-155","150","","200","210","-220","210","","580","SBD"
"2","Steve Bowey",,"M","1970","55","",,"Raw","M Master 50-59 Raw SBD","99.2","100","200","-210","215","215","","120","125","130","130","","215","225","230","230","","575","SBD"
"3","John Wykman",,"M","1972","53","",,"Raw","M Master 50-59 Raw SBD","94.5","100","165","175","185","185","","100","110","-117.5","110","","190","-205","","190","","485","SBD"
"1","Ben Clothier",,"M","1975","51","",,"Raw","M Master 50-59 Raw SBD","106.7","110","230","245","-260","245","","150","-160","170","170","","240","260","275","275","","690","SBD"
"2","Darren Holt",,"M","1969","57","",,"Raw","M Master 50-59 Raw SBD","108.8","110","175","192.5","-197.5","192.5","","130","140","147","147","","200","220","232","232","","571.5","SBD"
"1","David Clark",,"M","1973","53","",,"Raw","M Master 50-59 Raw SBD","120.55","125","170","-185","-195","170","","105","110","115","115","","200","215","227.5","227.5","","512.5","SBD"
"1","Wayne Belcher",,"M","1959","67","",,"Raw","M Master 60-69 Raw SBD","73.2","75","172.5","182.5","190","190","","80","92.5","100","100","","230","-250","250","250","","540","SBD"
"1","Paul Quan",,"M","1965","61","",,"Raw","M Master 60-69 Raw SBD","79.6","82.5","140","160","-180","160","","110","120","125","125","","170","190","200","200","","485","SBD"
"2","Dan Cloonan",,"M","1964","62","",,"Raw","M Master 60-69 Raw SBD","80.7","82.5","135","145","152.5","152.5","","95","-102.5","-102.5","95","","177.5","187.5","195","195","","442.5","SBD"
"1","Rob Jackson",,"M","1961","64","",,"Raw","M Master 60-69 Raw SBD","88.7","90","165","-175","180","180","","120","130","-135","130","","230","252.5","265","265","","575","SBD"
"1","Anthony O'Neill",,"M","1965","61","",,"Raw","M Master 60-69 Raw SBD","95.3","100","190","-205","-205","190","","140","-150","-150","140","","220","230","-240","230","","560","SBD"
"1","Stephen Childs",,"M","1964","62","",,"Raw","M Master 60-69 Raw SBD","105.95","110","225","-240","-240","225","","100","-105","105","105","","230","245","255","255","","585","SBD"
"2","Alan Gregory",,"M","1958","68","",,"Raw","M Master 60-69 Raw SBD","105.45","110","160","170","185","185","","147.5","157.5","162.5","162.5","","190","212.5","227.5","227.5","","575","SBD"
"3","Paul Jenkins",,"M","1957","69","",,"Raw","M Master 60-69 Raw SBD","108.85","110","167.5","185","-200","185","","-115","115","120","120","","185","202.5","217.5","217.5","","522.5","SBD"
"1","Mauro Soto",,"M","1965","61","",,"Raw","M Master 60-69 Raw SBD","123","125","170","190","200","200","","120","125","-127.5","125","","190","210","225","225","","550","SBD"
"DQ","Michael Quill",,"M","1951","75","",,"Raw","M Master 70-79 Raw SBD","66.4","67.5","-110","-115","-115","","","95","100","105","105","","115","120","125","125","","","SBD"
"1","John Meldrum",,"M","1953","73","",,"Raw","M Master 70-79 Raw SBD","83.9","90","135","140","145","145","","35","","","35","","160","170","180","180","","360","SBD"
"1","Mackenzie Napper",,"M","2014","11","",,"Raw","M Open Raw SBD","49.4","52","65","70","75","75","","32.5","35","-37.5","35","","60","67.5","75","75","","185","SBD"
"1","Jett Bolton",,"M","1998","28","",,"Raw","M Open Raw SBD","55.8","56","185","197.5","207.5","207.5","","117.5","127.5","-132.5","127.5","","202.5","217.5","-225","217.5","","552.5","SBD"
"1","Valuanga Detogia",,"M","2007","19","",,"Raw","M Open Raw SBD","65.65","67.5","-200","205","220.5","220.5","","90","-105","-105","90","","220","245","250","250","","560.5","SBD"
"2","Mark Panes",,"M","1988","38","",,"Raw","M Open Raw SBD","66.3","67.5","200","215","-220","215","","107.5","117.5","-122.5","117.5","","200","215","225","225","","557.5","SBD"
"3","John Zurzolo",,"M","1999","27","",,"Raw","M Open Raw SBD","67.2","67.5","-185","197.5","205","205","","105","112.5","117.5","117.5","","190","205","212.5","212.5","","535","SBD"
"4","Oscar Davison",,"M","1986","40","",,"Raw","M Open Raw SBD","67.1","67.5","177.5","192.5","-200","192.5","","105","110","112.5","112.5","","205","-220","-235","205","","510","SBD"
"5","David Ruiz",,"M","2009","17","",,"Raw","M Open Raw SBD","66.7","67.5","160","170","182.5","182.5","","97.5","105","110","110","","-190","190","205","205","","497.5","SBD"
"6","Victor Chang",,"M","1995","31","",,"Raw","M Open Raw SBD","66.3","67.5","165","175","-185","175","","95","105","-107.5","105","","197.5","-210","210","210","","490","SBD"
"7","Bradley Boru-Kali Deireragea",,"M","2002","24","",,"Raw","M Open Raw SBD",,"67.5","170","185","-195","185","","100","-107.5","-107.5","100","","170","190","-202.5","190","","475","SBD"
"8","Max Johns",,"M","2007","18","",,"Raw","M Open Raw SBD","62.9","67.5","135","140","145","145","","100","110","-117.5","110","","175","190","-195","190","","445","SBD"
"9","Hugo Hovagimian",,"M","2010","16","",,"Raw","M Open Raw SBD","63.5","67.5","140","155","165","165","","95","100","-105","100","","180","-200","-200","180","","445","SBD"
"DQ","Kiev Hedmon",,"M","2004","22","",,"Raw","M Open Raw SBD",,"67.5","-205","-205","-205","","","-105","","","","","-200","","","","","","SBD"
"DQ","Michael Quill",,"M","1951","75","",,"Raw","M Open Raw SBD","66.4","67.5","-110","-115","-115","","","95","100","105","105","","115","120","125","125","","","SBD"
"DQ","Hunter Abbott",,"M","2009","16","",,"Raw","M Open Raw SBD","67.3","67.5","150","165","-170","165","","-130","-140","-140","","","175","190","-200","190","","","SBD"
"1","Joshua Gunaratne",,"M","1996","30","",,"Raw","M Open Raw SBD","73.9","75","195","205","-212.5","205","","132.5","137.5","142.5","142.5","","240","255","-262.5","255","","602.5","SBD"
"2","James Drury",,"M","2004","22","",,"Raw","M Open Raw SBD","74.6","75","207.5","220","-225","220","","127.5","132.5","-135","132.5","","242.5","250","-255","250","","602.5","SBD"
"3","Marc Carino",,"M","1999","27","",,"Raw","M Open Raw SBD","74.1","75","200","-212.5","212.5","212.5","","130","-137.5","137.5","137.5","","235","250","-255","250","","600","SBD"
"4","Christian Dang",,"M","2004","22","",,"Raw","M Open Raw SBD","74.1","75","192.5","210","215","215","","130","140","145","145","","237.5","-257.5","-257.5","237.5","","597.5","SBD"
"5","Luke Exley",,"M","2005","21","",,"Raw","M Open Raw SBD","74.3","75","195","210","215","215","","135","142.5","-145","142.5","","-225","-225","235","235","","592.5","SBD"
"6","Brandon Twigley",,"M","1992","34","",,"Raw","M Open Raw SBD","74.2","75","185","197.5","202.5","202.5","","147.5","155","-160","155","","-232.5","232.5","-245","232.5","","590","SBD"
"7","Jayden Patrick",,"M","2005","21","",,"Raw","M Open Raw SBD","74.9","75","192.5","207.5","-220","207.5","","130","137.5","142.5","142.5","","215","235","-255","235","","585","SBD"
"8","Dan Abdoo",,"M","1994","32","",,"Raw","M Open Raw SBD","73.3","75","182.5","195","202.5","202.5","","110","117.5","-122.5","117.5","","235","250","260","260","","580","SBD"
"9","Danny Teahan",,"M","2008","18","",,"Raw","M Open Raw SBD","72.6","75","190","205","215","215","","112.5","117.5","-125","117.5","","215","230","240","240","","572.5","SBD"
"10","Zeiad Mohamed",,"M","2007","19","",,"Raw","M Open Raw SBD","74.5","75","197.5","210","-217.5","210","","97.5","102.5","-107.5","102.5","","252.5","-262.5","-262.5","252.5","","565","SBD"
"11","Yuki Yamakura",,"M","2003","23","",,"Raw","M Open Raw SBD","74.6","75","170","185","200","200","","97.5","105","112.5","112.5","","220","237.5","250","250","","562.5","SBD"
"12","Justin Lee",,"M","1997","29","",,"Raw","M Open Raw SBD","73.7","75","185","192.5","200","200","","122.5","127.5","-132.5","127.5","","220","232.5","-240","232.5","","560","SBD"
"13","Remy Kassim",,"M","2004","22","",,"Raw","M Open Raw SBD","74.6","75","175","187.5","200","200","","112.5","120","130","130","","202.5","217.5","230","230","","560","SBD"
"14","Brodie Sinclair",,"M","2008","18","",,"Raw","M Open Raw SBD","71","75","177.5","190","-200","190","","137.5","145","-150.5","145","","190","207.5","217.5","217.5","","552.5","SBD"
"15","Stephen Owens",,"M","1999","27","",,"Raw","M Open Raw SBD","74","75","205","-215","-215","205","","127.5","132.5","135","135","","205","212.5","-217.5","212.5","","552.5","SBD"
"16","Jason Quinton",,"M","1995","31","",,"Raw","M Open Raw SBD","73.6","75","190","200","-205","200","","112.5","117.5","-120","117.5","","215","-225","225","225","","542.5","SBD"
"17","Declan Corkin",,"M","2005","20","",,"Raw","M Open Raw SBD","74.1","75","180","190","197.5","197.5","","120","130","-137.5","130","","195","207.5","215","215","","542.5","SBD"
"18","Wayne Belcher",,"M","1959","67","",,"Raw","M Open Raw SBD","73.2","75","172.5","182.5","190","190","","80","92.5","100","100","","230","-250","250","250","","540","SBD"
"19","Joshua Lee",,"M","2001","25","",,"Raw","M Open Raw SBD","73.9","75","175","190","-197.5","190","","102.5","105","107.5","107.5","","220","227.5","-235","227.5","","525","SBD"
"20","Felix Doughty",,"M","2007","19","",,"Raw","M Open Raw SBD","74.2","75","-177.5","182.5","190","190","","117.5","125","130","130","","190","205","-207.5","205","","525","SBD"
"21","Chris Ebert",,"M","",,"",,"Raw","M Open Raw SBD","72.1","75","175","190","192.5","192.5","","112.5","117.5","-120","117.5","","175","195","-205","195","","505","SBD"
"22","Tyron Tranquille",,"M","2009","17","",,"Raw","M Open Raw SBD","68.6","75","165","-175","175","175","","110","120","-125","120","","180","192.5","-205","192.5","","487.5","SBD"
"23","Hayden Grahame",,"M","2009","17","",,"Raw","M Open Raw SBD","74.5","75","162.5","175","180","180","","102.5","110","115","115","","160","175","-187.5","175","","470","SBD"
"24","Tariq Osmany",,"M","1974","52","",,"Raw","M Open Raw SBD","72.6","75","130","135","140","140","","80","85","-92.5","85","","170","177.5","182.5","182.5","","407.5","SBD"
"DQ","Yosino Ribauw",,"M","2008","18","",,"Raw","M Open Raw SBD",,"75","","","","","","","","","","","","","","","","","SBD"
"DQ","Alen Albanna",,"M","1997","29","",,"Raw","M Open Raw SBD","73.5","75","-195","-195","-195","","","147.5","152.5","-160","152.5","","220","227.5","","227.5","","","SBD"
"1","Timothy Verster",,"M","2003","23","",,"Raw","M Open Raw SBD","82.2","82.5","225","245","","245","","145","-155","-155","145","","235","250","260","260","","650","SBD"
"2","Ryan Said",,"M","2000","26","",,"Raw","M Open Raw SBD","81.9","82.5","220","235","240","240","","120","127.5","130","130","","260","275","-282.5","275","","645","SBD"
"3","Laurie Taylor",,"M","1990","36","",,"Raw","M Open Raw SBD","82.3","82.5","225","-237.5","-237.5","225","","142.5","-150","150","150","","255","267.5","-277.5","267.5","","642.5","SBD"
"4","Duke Cooper",,"M","2005","20","",,"Raw","M Open Raw SBD","81.7","82.5","210","230","237.5","237.5","","135","145","150","150","","230","247.5","-255","247.5","","635","SBD"
"5","Antonio Yaacoub",,"M","1999","26","",,"Raw","M Open Raw SBD","82.1","82.5","205","220","230","230","","145","-150","-150","145","","245","260","-270","260","","635","SBD"
"6","Levi Logan",,"M","2004","21","",,"Raw","M Open Raw SBD","81.4","82.5","195","210","215","215","","132.5","140","145","145","","242.5","260","272.5","272.5","","632.5","SBD"
"7","Connor Dwyer",,"M","1996","30","",,"Raw","M Open Raw SBD","80.7","82.5","225","-235","-235","225","","150","155","-160","155","","230","240","","240","","620","SBD"
"8","Rohan Massey",,"M","2008","18","",,"Raw","M Open Raw SBD","82.3","82.5","220","230","-235","230","","152.5","-160","-160","152.5","","220","230","-240","230","","612.5","SBD"
"9","Matthew Chambers",,"M","1987","39","",,"Raw","M Open Raw SBD","82.1","82.5","210","220","-227.5","220","","115","122.5","127.5","127.5","","235","252.5","-257.5","252.5","","600","SBD"
"10","Ryan Zhang",,"M","2008","17","",,"Raw","M Open Raw SBD","81.3","82.5","175","190","202.5","202.5","","125","132.5","137.5","137.5","","235","255","-275","255","","595","SBD"
"11","Bris Bautista",,"M","1998","28","",,"Raw","M Open Raw SBD","79.8","82.5","190","205","212.5","212.5","","117.5","125","-130","125","","240","-255","255","255","","592.5","SBD"
"12","Joekan Itsimaera",,"M","2004","22","",,"Raw","M Open Raw SBD","81.5","82.5","220","225","-240","225","","100","110","-120","110","","220","-240","250","250","","585","SBD"
"13","Ethan Mumford",,"M","2005","21","",,"Raw","M Open Raw SBD","81.9","82.5","200","210","215","215","","122.5","132.5","-137.5","132.5","","210","225","232.5","232.5","","580","SBD"
"14","Tenzin Daly",,"M","2005","21","",,"Raw","M Open Raw SBD","81.7","82.5","195","-205","207.5","207.5","","125","135","-140","135","","210","225","235","235","","577.5","SBD"
"15","Tobin Carlton Van Buizen",,"M","2005","21","",,"Raw","M Open Raw SBD","82.4","82.5","180","190","200","200","","125","-135","135","135","","220","235","-250","235","","570","SBD"
"16","Thomas Solimo",,"M","2004","22","",,"Raw","M Open Raw SBD","79","82.5","190","-197.5","","190","","120","125","130","130","","240","-247.5","-247.5","240","","560","SBD"
"17","Dan Atkinson",,"M","2008","17","",,"Raw","M Open Raw SBD","80.2","82.5","205","217.5","-227.5","217.5","","105","112.5","-120","112.5","","210","225","-235","225","","555","SBD"
"18","Caleb Lee",,"M","2007","19","",,"Raw","M Open Raw SBD","82.5","82.5","192.5","202.5","210","210","","112.5","120","125","125","","205","217.5","-222.5","217.5","","552.5","SBD"
"19","Charlie Burns",,"M","2007","19","",,"Raw","M Open Raw SBD","81.2","82.5","190","-200","-205","190","","130","140","145","145","","190","200","212.5","212.5","","547.5","SBD"
"20","Matthew Bolonis",,"M","1975","50","",,"Raw","M Open Raw SBD","81.6","82.5","185","192.5","-197.5","192.5","","107.5","-112.5","-112.5","107.5","","230","247.5","-255","247.5","","547.5","SBD"
"21","Flynn Easton",,"M","2011","15","",,"Raw","M Open Raw SBD","82.4","82.5","150","165","175","175","","105","115","122.5","122.5","","180","202.5","212.5","212.5","","510","SBD"
"22","Keegan Finn",,"M","2007","19","",,"Raw","M Open Raw SBD","76.2","82.5","175","-187.5","-192.5","175","","-112.5","115","120","120","","190","210","-222.5","210","","505","SBD"
"23","Jayden Navickas",,"M","2010","16","",,"Raw","M Open Raw SBD","79.8","82.5","190","200","-205","200","","90","-95","95","95","","190","200","205","205","","500","SBD"
"24","Paul Quan",,"M","1965","61","",,"Raw","M Open Raw SBD","79.6","82.5","140","160","-180","160","","110","120","125","125","","170","190","200","200","","485","SBD"
"25","Isaac Lauder",,"M","1982","44","",,"Raw","M Open Raw SBD","80.8","82.5","155","165","-175","165","","100","105","110","110","","185","195","205","205","","480","SBD"
"26","Dan Cloonan",,"M","1964","62","",,"Raw","M Open Raw SBD","80.7","82.5","135","145","152.5","152.5","","95","-102.5","-102.5","95","","177.5","187.5","195","195","","442.5","SBD"
"DQ","Dominic Watson",,"M","2006","20","",,"Raw","M Open Raw SBD",,"82.5","","","","","","","","","","","","","","","","","SBD"
"1","Scott Meiklejohn",,"M","1991","35","",,"Raw","M Open Raw SBD","87.45","90","-240","240","255","255","","170","177.5","-182.5","177.5","","255","270","300","300","","732.5","SBD"
"2","Stefano Brusato",,"M","1991","35","",,"Raw","M Open Raw SBD","88","90","240","252.5","257.5","257.5","","147.5","152.5","155","155","","305","318.5","-325","318.5","","731","SBD"
"3","Michael O'Reilly",,"M","1998","27","",,"Raw","M Open Raw SBD","88.7","90","210","220","230","230","","160","170","-175","170","","275","300","310","310","","710","SBD"
"4","Michael Rayner",,"M","1996","30","",,"Raw","M Open Raw SBD","88.85","90","270","-285.5","-285.5","270","","147.5","152.5","-157.5","152.5","","270","285","-295","285","","707.5","SBD"
"5","Roi Manaog",,"M","1991","35","",,"Raw","M Open Raw SBD","89.4","90","225","237.5","250","250","","150","157.5","165","165","","260","280","292.5","292.5","","707.5","SBD"
"6","Ben Sellars",,"M","1986","40","",,"Raw","M Open Raw SBD","88.25","90","240","255","263","263","","155","165","172.5","172.5","","240","260","-272.5","260","","695.5","SBD"
"7","Jacob Akibwib",,"M","2002","24","",,"Raw","M Open Raw SBD","88.9","90","245","255","-270","255","","170","177.5","-182.5","177.5","","230","250","-270","250","","682.5","SBD"
"8","Zayne Jensen",,"M","2002","23","",,"Raw","M Open Raw SBD","89","90","220","235","250","250","","130","140","-145","140","","240","260","275","275","","665","SBD"
"9","Tyler Seabrook",,"M","1993","32","",,"Raw","M Open Raw SBD","89.6","90","215","227.5","235","235","","160","-165","-165","160","","250","270","-285","270","","665","SBD"
"10","Levi Hall",,"M","2003","22","",,"Raw","M Open Raw SBD","88.05","90","240","260","270","270","","130","-140","140","140","","230","250","-260","250","","660","SBD"
"11","Connor Coghill",,"M","2004","21","",,"Raw","M Open Raw SBD","88.5","90","220","240","-245","240","","155","165","-170","165","","240","250","-255","250","","655","SBD"
"12","Scott Wong",,"M","2003","23","",,"Raw","M Open Raw SBD","87","90","200","210","215","215","","147.5","155","162.5","162.5","","245","260","272.5","272.5","","650","SBD"
"13","Luke Howard",,"M","1986","40","",,"Raw","M Open Raw SBD","88.9","90","220","230","-235","230","","145","150","152.5","152.5","","-240","250","262.5","262.5","","645","SBD"
"14","Graeme Delaney",,"M","1980","46","",,"Raw","M Open Raw SBD","89.3","90","215","-227.5","227.5","227.5","","155","162.5","-167.5","162.5","","205","227.5","240","240","","630","SBD"
"15","Josh Elwin",,"M","1991","35","",,"Raw","M Open Raw SBD","89.35","90","225","240","-250","240","","140","150","-155","150","","225","240","-252.5","240","","630","SBD"
"16","Noah Byrnes",,"M","2004","22","",,"Raw","M Open Raw SBD","85.7","90","195","210","-220","210","","125","-132.5","132.5","132.5","","265","275","282.5","282.5","","625","SBD"
"17","Seth Harvey",,"M","2009","17","",,"Raw","M Open Raw SBD","89.1","90","220","-235","245","245","","132.5","147.5","-157.5","147.5","","195","220","227.5","227.5","","620","SBD"
"18","Dean Basili",,"M","2005","20","",,"Raw","M Open Raw SBD","88.9","90","217.5","232.5","242.5","242.5","","125","135","137.5","137.5","","237.5","-250","-250","237.5","","617.5","SBD"
"19","Leon Esho",,"M","1994","32","",,"Raw","M Open Raw SBD","86.5","90","210","222.5","-232.5","222.5","","130","-137.5","-137.5","130","","245","260","-270","260","","612.5","SBD"
"20","Byron Li",,"M","1997","29","",,"Raw","M Open Raw SBD","88.4","90","215","225","232.5","232.5","","127.5","132.5","-135","132.5","","-220","232.5","-250","232.5","","597.5","SBD"
"21","Alex Snodgrass",,"M","2000","26","",,"Raw","M Open Raw SBD","90","90","210","222.5","-232.5","222.5","","125","132.5","-137.5","132.5","","215","230","240","240","","595","SBD"
"22","Saxon Carides",,"M","1992","34","",,"Raw","M Open Raw SBD","86.3","90","207.5","215","-225","215","","127.5","135","-140","135","","230","240","-250","240","","590","SBD"
"23","Sam Morgan",,"M","2004","22","",,"Raw","M Open Raw SBD","87.9","90","207.5","217.5","222.5","222.5","","117.5","125","130","130","","215","230","237.5","237.5","","590","SBD"
"24","Mathew Lipson",,"M","1980","45","",,"Raw","M Open Raw SBD","89.9","90","-195","-205","205","205","","-120","120","125","125","","225","240","247.5","247.5","","577.5","SBD"
"25","Kelly Major",,"M","1973","52","",,"Raw","M Open Raw SBD","88.4","90","-200","207.5","215","215","","117.5","122.5","127.5","127.5","","215","225","232.5","232.5","","575","SBD"
"26","Rob Jackson",,"M","1961","64","",,"Raw","M Open Raw SBD","88.7","90","165","-175","180","180","","120","130","-135","130","","230","252.5","265","265","","575","SBD"
"27","Matthew Schimmel",,"M","2007","19","",,"Raw","M Open Raw SBD","89","90","195","205","212.5","212.5","","107.5","-112.5","112.5","112.5","","200","215","230","230","","555","SBD"
"28","Alan Cormican",,"M","1986","40","",,"Raw","M Open Raw SBD","89.7","90","185","-195","195","195","","125","130","132.5","132.5","","220","-230","-230","220","","547.5","SBD"
"29","Livio Cupellaro",,"M","1984","42","",,"Raw","M Open Raw SBD","88.8","90","157.5","170","185","185","","105","112.5","120","120","","195","210","225","225","","530","SBD"
"30","John Meldrum",,"M","1953","73","",,"Raw","M Open Raw SBD","83.9","90","135","140","145","145","","35","","","35","","160","170","180","180","","360","SBD"
"1","Colin Webb",,"M","1985","41","",,"Raw","M Open Raw SBD","98.5","100","275","295","306","306","","162.5","167.5","170","170","","290","312.5","327.5","327.5","","803.5","SBD"
"2","James Zentveld",,"M","2003","23","",,"Raw","M Open Raw SBD","100","100","240","255","270","270","","160","170","-175","170","","270","300","-312.5","300","","740","SBD"
"3","Andrew Johnson",,"M","1999","26","",,"Raw","M Open Raw SBD","98.9","100","250","267.5","280","280","","170","177.5","182.5","182.5","","240","260","275","275","","737.5","SBD"
"4","Lloyd Bernardo",,"M","1992","34","",,"Raw","M Open Raw SBD","99.5","100","235","250","-255","250","","162.5","-167.5","-167.5","162.5","","275","290","300","300","","712.5","SBD"
"5","Mosiah Lui",,"M","2004","22","",,"Raw","M Open Raw SBD","96.65","100","227.5","245","255","255","","142.5","-152.5","-152.5","142.5","","260","282.5","300","300","","697.5","SBD"
"6","Ben Sams",,"M","2002","24","",,"Raw","M Open Raw SBD","98.55","100","230","245","255","255","","160","167.5","-172.5","167.5","","265","-280","-280","265","","687.5","SBD"
"7","Michael Bates",,"M","1991","35","",,"Raw","M Open Raw SBD","99.95","100","265","272.5","-277.5","272.5","","160","165","-167.5","165","","250","-260","-260","250","","687.5","SBD"
"8","Isaac Logan",,"M","2006","19","",,"Raw","M Open Raw SBD","91.05","100","230","237.5","245","245","","140","145","150","150","","265","280","290","290","","685","SBD"
"9","Alexander Barsic",,"M","1997","28","",,"Raw","M Open Raw SBD","97.95","100","220","235","250","250","","135","145","150","150","","260","280","-300","280","","680","SBD"
"10","Ayo Adeyemo",,"M","2004","22","",,"Raw","M Open Raw SBD","97.2","100","220","237.5","242.5","242.5","","145","-155","-155","145","","260","275","290","290","","677.5","SBD"
"11","Josh Brown",,"M","1998","28","",,"Raw","M Open Raw SBD","99.95","100","230","245","250","250","","137.5","145","-150","145","","267.5","282.5","-300","282.5","","677.5","SBD"
"12","Tristan Tran",,"M","2007","19","",,"Raw","M Open Raw SBD","94.8","100","217.5","230","-240","230","","160","167.5","-172.5","167.5","","265","272.5","-287.5","272.5","","670","SBD"
"13","Sean Brisbane",,"M","1992","34","",,"Raw","M Open Raw SBD","98.85","100","220","237.5","247.5","247.5","","-172.5","180","182.5","182.5","","-225","240","-252.5","240","","670","SBD"
"14","Daniel Gilchrist",,"M","1984","41","",,"Raw","M Open Raw SBD","98.2","100","235","250","-257.5","250","","155","160","-168","160","","240","255","-270","255","","665","SBD"
"15","Joe Eccleston",,"M","2005","21","",,"Raw","M Open Raw SBD","93.9","100","220","240","250","250","","137.5","150","-160","150","","227.5","250","262.5","262.5","","662.5","SBD"
"16","Abe Dearmer",,"M","1989","36","",,"Raw","M Open Raw SBD","97.6","100","222.5","-232.5","-232.5","222.5","","165","170","175","175","","255","265","-277.5","265","","662.5","SBD"
"17","Brendan Hayes",,"M","1997","29","",,"Raw","M Open Raw SBD","94.35","100","215","230","-240","230","","167.5","177.5","-187.5","177.5","","250","-260","-275","250","","657.5","SBD"
"18","Nash Hawthorn",,"M","1997","29","",,"Raw","M Open Raw SBD","96.8","100","205","215","225","225","","140","147.5","152.5","152.5","","250","270","-280","270","","647.5","SBD"
"19","Ethan de Rome",,"M","1992","34","",,"Raw","M Open Raw SBD","98.85","100","215","225","232.5","232.5","","135","140","145","145","","240","255","265","265","","642.5","SBD"
"20","Hamid Habib",,"M","2002","24","",,"Raw","M Open Raw SBD","98.55","100","195","205","215","215","","137.5","147.5","150","150","","250","270","-280","270","","635","SBD"
"21","Kevin Cron",,"M","2003","22","",,"Raw","M Open Raw SBD","96.95","100","230","-240","-240","230","","-120","120","125","125","","235","245","255","255","","610","SBD"
"22","Roberto Saltini",,"M","1983","43","",,"Raw","M Open Raw SBD","98.05","100","202.5","215","-220","215","","132.5","140","-145","140","","235","250","255","255","","610","SBD"
"23","Matthew Guilbert",,"M","2005","21","",,"Raw","M Open Raw SBD","91.3","100","205","220","-232.5","220","","135","142.5","150","150","","210","230","","230","","600","SBD"
"24","Joshua Haylock",,"M","2008","18","",,"Raw","M Open Raw SBD","96.9","100","190","202.5","212.5","212.5","","120","130","140","140","","230","245","-260","245","","597.5","SBD"
"25","Augustine Dekarube",,"M","1981","45","",,"Raw","M Open Raw SBD","99","100","225","250","-260","250","","120","135","140","140","","200","-212.5","-212.5","200","","590","SBD"
"26","Clark James",,"M","1973","53","",,"Raw","M Open Raw SBD","98.75","100","195","210","220","220","","142.5","150","-155","150","","200","210","-220","210","","580","SBD"
"27","Steve Bowey",,"M","1970","55","",,"Raw","M Open Raw SBD","99.2","100","200","-210","215","215","","120","125","130","130","","215","225","230","230","","575","SBD"
"28","Anthony O'Neill",,"M","1965","61","",,"Raw","M Open Raw SBD","95.3","100","190","-205","-205","190","","140","-150","-150","140","","220","230","-240","230","","560","SBD"
"29","John Wykman",,"M","1972","53","",,"Raw","M Open Raw SBD","94.5","100","165","175","185","185","","100","110","-117.5","110","","190","-205","","190","","485","SBD"
"DQ","Tom Buckland",,"M","1995","31","",,"Raw","M Open Raw SBD",,"100","","","","","","","","","","","","","","","","","SBD"
"DQ","Jack Hobbs",,"M","2004","22","",,"Raw","M Open Raw SBD","91.7","100","200","217.5","-225","217.5","","-127.5","-127.5","-127.5","","","220","237.5","-250","237.5","","","SBD"
"1","Jonathan Pecar",,"M","1992","33","",,"Raw","M Open Raw SBD","107.45","110","250","280","290","290","","160","177.5","185","185","","310","342.5","-365.5","342.5","","817.5","SBD"
"2","Brett Jaffrey",,"M","1983","43","",,"Raw","M Open Raw SBD","109.4","110","255","265","277.5","277.5","","155","165","172.5","172.5","","290","310","320","320","","770","SBD"
"3","Rocca Samson-Post Debao",,"M","2003","22","",,"Raw","M Open Raw SBD","109.7","110","275","-290","-290","275","","170","185","-190","185","","270","-290","290","290","","750","SBD"
"4","Luke Irving",,"M","2002","23","",,"Raw","M Open Raw SBD","107.75","110","240","260","280","280","","175","187.5","-196","187.5","","250","272.5","-282.5","272.5","","740","SBD"
"5","Daniel Breen",,"M","2003","22","",,"Raw","M Open Raw SBD","109.6","110","250","265","-270","265","","165","172.5","-177.5","172.5","","275","300","-305","300","","737.5","SBD"
"6","Sean Bridgewater",,"M","1994","32","",,"Raw","M Open Raw SBD","107.8","110","240","255","-270","255","","165","172.5","180","180","","260","272.5","287.5","287.5","","722.5","SBD"
"7","Neal Donlan",,"M","1978","47","",,"Raw","M Open Raw SBD","108.35","110","225","245","252.5","252.5","","152.5","166","","166","","260","-285","285","285","","703.5","SBD"
"8","Ben Clothier",,"M","1975","51","",,"Raw","M Open Raw SBD","106.7","110","230","245","-260","245","","150","-160","170","170","","240","260","275","275","","690","SBD"
"9","Denzel Mhlambeni",,"M","2002","24","",,"Raw","M Open Raw SBD","100.65","110","215","237.5","","237.5","","135","145","150","150","","285","-307.5","-307.5","285","","672.5","SBD"
"10","Shaun Highfield",,"M","1987","39","",,"Raw","M Open Raw SBD","106.3","110","220","240","-250","240","","150","160","-167.5","160","","250","270","272.5","272.5","","672.5","SBD"
"11","Ashley Young",,"M","1996","29","",,"Raw","M Open Raw SBD","107.3","110","220","240","-247.5","240","","145","-155","-155","145","","250","270","285","285","","670","SBD"
"12","Robert Biggs",,"M","1976","49","",,"Raw","M Open Raw SBD","109.2","110","225","245","-255","245","","135","142.5","150","150","","247.5","265","-280","265","","660","SBD"
"13","Nicholas Baldock",,"M","1979","47","",,"Raw","M Open Raw SBD","108.95","110","230","245","-255","245","","130","140","-145","140","","240","255","-265","255","","640","SBD"
"14","Trent Boydon",,"M","2005","21","",,"Raw","M Open Raw SBD","105.85","110","210","-225","225","225","","132.5","137.5","142.5","142.5","","250","265","-280","265","","632.5","SBD"
"15","Jonty Hollins",,"M","1994","32","",,"Raw","M Open Raw SBD","106.35","110","200","220","-225","220","","140","147.5","152.5","152.5","","240","250","255","255","","627.5","SBD"
"16","Peter Scholes",,"M","2004","22","",,"Raw","M Open Raw SBD","105.25","110","-230","230","-250","230","","135","140","-145","140","","240","255","-265","255","","625","SBD"
"17","Robert McEvoy",,"M","1983","42","",,"Raw","M Open Raw SBD","108.25","110","210","230","-235","230","","110","115","-117.5","115","","230","245","255","255","","600","SBD"
"18","Carlos Varney",,"M","1985","40","",,"Raw","M Open Raw SBD","106","110","205","217.5","-225","217.5","","125","132.5","140","140","","215","227.5","232.5","232.5","","590","SBD"
"19","Stephen Childs",,"M","1964","62","",,"Raw","M Open Raw SBD","105.95","110","225","-240","-240","225","","100","-105","105","105","","230","245","255","255","","585","SBD"
"20","Hugh Harkins",,"M","2008","17","",,"Raw","M Open Raw SBD","106.4","110","175","195","-210","195","","145","152.5","157.5","157.5","","205","227.5","-235","227.5","","580","SBD"
"21","Alan Gregory",,"M","1958","68","",,"Raw","M Open Raw SBD","105.45","110","160","170","185","185","","147.5","157.5","162.5","162.5","","190","212.5","227.5","227.5","","575","SBD"
"22","Darren Holt",,"M","1969","57","",,"Raw","M Open Raw SBD","108.8","110","175","192.5","-197.5","192.5","","130","140","147","147","","200","220","232","232","","571.5","SBD"
"23","Cooper Mcneilly",,"M","2005","20","",,"Raw","M Open Raw SBD","103.9","110","215","-230","-230","215","","122.5","132.5","-140","132.5","","75","120","175","175","","522.5","SBD"
"24","Paul Jenkins",,"M","1957","69","",,"Raw","M Open Raw SBD","108.85","110","167.5","185","-200","185","","-115","115","120","120","","185","202.5","217.5","217.5","","522.5","SBD"
"1","Roy Detabene",,"M","1986","40","",,"Raw","M Open Raw SBD","113.8","125","325","350","362.5","362.5","","190","205","212.5","212.5","","295","315","325","325","","900","SBD"
"2","Kent Nielsen",,"M","2004","22","",,"Raw","M Open Raw SBD","124.8","125","280","300","-307.5","300","","180","-187.5","-187.5","180","","310","340","-350","340","","820","SBD"
"3","Dave Napper",,"M","1987","39","",,"Raw","M Open Raw SBD","124","125","240","260","280","280","","157.5","167.5","175","175","","260","290","315","315","","770","SBD"
"4","Matthew Baker",,"M","1996","29","",,"Raw","M Open Raw SBD","121.2","125","-240","245","260","260","","175","190","200","200","","280","300","305","305","","765","SBD"
"5","Charlie Chand",,"M","1997","28","",,"Raw","M Open Raw SBD","124.8","125","272.5","287.5","300","300","","170","-180","-180","170","","280","292.5","-302.5","292.5","","762.5","SBD"
"6","Dylan Hodson",,"M","2003","23","",,"Raw","M Open Raw SBD","118.6","125","260","280","-300","280","","145","155","160","160","","280","300","-320","300","","740","SBD"
"7","Siosiua Tuitupou",,"M","1991","34","",,"Raw","M Open Raw SBD","120.3","125","265","282.5","-287.5","282.5","","145","-150","-150","145","","225","250","275","275","","702.5","SBD"
"8","Jordan Sharp",,"M","1994","32","",,"Raw","M Open Raw SBD","122.3","125","240","255","-265","255","","132.5","142.5","-150","142.5","","260","285","300","300","","697.5","SBD"
"9","Jordan Prior",,"M","1995","31","",,"Raw","M Open Raw SBD","124.2","125","250","270","-280","270","","135","142.5","-145","142.5","","260","280","-300","280","","692.5","SBD"
"10","Aaron Wotton",,"M","1989","37","",,"Raw","M Open Raw SBD","123.4","125","-265","-265","265","265","","140","150","-160","150","","260","275","-295","275","","690","SBD"
"11","Joshua Collins",,"M","1989","36","",,"Raw","M Open Raw SBD","114.3","125","225","240","255","255","","132.5","140","142.5","142.5","","255","270","285","285","","682.5","SBD"
"12","Leslie Harris",,"M","1980","46","",,"Raw","M Open Raw SBD","122.3","125","220","240","250","250","","135","147.5","-155","147.5","","235","265","-275","265","","662.5","SBD"
"13","Mauro Soto",,"M","1965","61","",,"Raw","M Open Raw SBD","123","125","170","190","200","200","","120","125","-127.5","125","","190","210","225","225","","550","SBD"
"14","David Clark",,"M","1973","53","",,"Raw","M Open Raw SBD","120.55","125","170","-185","-195","170","","105","110","115","115","","200","215","227.5","227.5","","512.5","SBD"
"DQ","Marques Soper",,"M","2005","21","",,"Raw","M Open Raw SBD",,"125","","","","","","","","","","","","","","","","","SBD"
"1","Tai Seuga",,"M","1990","36","",,"Raw","M Open Raw SBD","138.4","140","310","335","-350","335","","192.5","-210","-215","192.5","","295","-320","-320","295","","822.5","SBD"
"2","Emry Williams",,"M","1995","31","",,"Raw","M Open Raw SBD","137.4","140","250","270","290","290","","170","185","","185","","255","280","310","310","","785","SBD"
"3","Jason Baxter",,"M","1991","35","",,"Raw","M Open Raw SBD","137.5","140","255","-265","270","270","","130","137.5","-142.5","137.5","","240","255","262.5","262.5","","670","SBD"
"4","George Brabec",,"M","1980","46","",,"Raw","M Open Raw SBD","131.8","140","-212.5","212.5","220","220","","147.5","155","160","160","","205","225","240","240","","620","SBD"
"DQ","Jerry Skeeter",,"M","1992","33","",,"Raw","M Open Raw SBD",,"140","","","","","","","","","","","","","","","","","SBD"
"1","Bronco Deiranauw",,"M","1991","35","",,"Raw","M Open Raw SBD","147.2","140","412.5","-415","-423","412.5","","202.5","212.5","215","215","","242.5","262.5","267.5","267.5","","895","SBD"
"2","Adam Daldry",,"M","1988","37","",,"Raw","M Open Raw SBD","155","140","305","325","335","335","","215","227.5","232.5","232.5","","300","325","-330","325","","892.5","SBD"
"3","Jake Hawker",,"M","1994","32","",,"Raw","M Open Raw SBD","167.3","140","-310","310","-325","310","","225","235","-240","235","","300","335","-355","335","","880","SBD"
"4","Frank Faatoga",,"M","1990","35","",,"Raw","M Open Raw SBD","164.3","140","290","310","-320","310","","190","200","205","205","","320","340","-362.5","340","","855","SBD"
"5","Marc Rodgers",,"M","1981","45","",,"Raw","M Open Raw SBD","140.2","140","295","320","-335","320","","185","195","-202.5","195","","275","300","307.5","307.5","","822.5","SBD"
"6","Connor Hunter",,"M","1987","39","",,"Raw","M Open Raw SBD","167.9","140","240","250","-260","250","","165","175","-185","175","","250","-260","-260","250","","675","SBD"
"1","Zavier Cadorin",,"M","2002","24","",,"Raw","M Open Raw B","81.5","82.5","","","","","","125","-135","-135","125","","","","","","","125","B"
"1","Colin Mynard",,"M","1971","55","",,"Raw","M Open Raw B","106.8","110","","","","","","160","165","170","170","","","","","","","170","B"